{"textures":{"0":"modelengine:entity/pebbles"},"elements":[{"from":[9.238095,7.714286,6.857143],"to":[10.952381,8.285714,8.571428],"rotation":{"angle":0.0,"axis":"y","origin":[7.952381,8.0,7.285714]},"faces":{"east":{"uv":[11.0,2.0,14.0,3.0],"rotation":0,"texture":"#0","tintindex":0},"south":{"uv":[11.0,4.0,14.0,5.0],"rotation":0,"texture":"#0","tintindex":0},"north":{"uv":[11.0,0.0,14.0,1.0],"rotation":0,"texture":"#0","tintindex":0},"west":{"uv":[0.0,11.0,3.0,12.0],"rotation":0,"texture":"#0","tintindex":0},"up":{"uv":[3.0,8.0,0.0,5.0],"rotation":270,"texture":"#0","tintindex":0},"down":{"uv":[3.0,5.0,0.0,8.0],"rotation":90,"texture":"#0","tintindex":0}}},{"from":[6.952381,7.714286,9.142858],"to":[8.095238,8.285714,10.285714],"rotation":{"angle":0.0,"axis":"y","origin":[7.952381,8.0,7.285714]},"faces":{"east":{"uv":[14.0,14.0,16.0,15.0],"rotation":0,"texture":"#0","tintindex":0},"south":{"uv":[13.0,8.0,15.0,9.0],"rotation":0,"texture":"#0","tintindex":0},"north":{"uv":[11.0,14.0,13.0,15.0],"rotation":0,"texture":"#0","tintindex":0},"west":{"uv":[3.0,14.0,5.0,15.0],"rotation":0,"texture":"#0","tintindex":0},"up":{"uv":[7.0,11.0,5.0,9.0],"rotation":180,"texture":"#0","tintindex":0},"down":{"uv":[5.0,11.0,7.0,9.0],"rotation":0,"texture":"#0","tintindex":0}}},{"from":[5.2380953,7.714286,5.714286],"to":[7.5238094,8.285714,7.428571],"rotation":{"angle":0.0,"axis":"y","origin":[7.952381,8.0,7.285714]},"faces":{"east":{"uv":[11.0,6.0,14.0,7.0],"rotation":0,"texture":"#0","tintindex":0},"south":{"uv":[8.0,8.0,12.0,9.0],"rotation":0,"texture":"#0","tintindex":0},"north":{"uv":[0.0,9.0,4.0,10.0],"rotation":0,"texture":"#0","tintindex":0},"west":{"uv":[11.0,10.0,14.0,11.0],"rotation":0,"texture":"#0","tintindex":0},"up":{"uv":[3.0,4.0,0.0,0.0],"rotation":90,"texture":"#0","tintindex":0},"down":{"uv":[3.0,0.0,0.0,4.0],"rotation":270,"texture":"#0","tintindex":0}}}],"display":{"head":{"translation":[0.0,-6.4,0.0],"scale":[4.0,4.0,4.0]}}}