{"parent":"minecraft:item/generated","textures":{"layer0":"minecraft:item/leather_horse_armor"},"overrides":[{"predicate":{"custom_model_data":1},"model":"modelengine:arcane_magic_circle/middle"},{"predicate":{"custom_model_data":2},"model":"modelengine:arcane_magic_circle/letters"},{"predicate":{"custom_model_data":3},"model":"modelengine:arcane_magic_circle/outer"},{"predicate":{"custom_model_data":4},"model":"modelengine:barrel_explosive/body"},{"predicate":{"custom_model_data":5},"model":"modelengine:barrel_poison/body"},{"predicate":{"custom_model_data":6},"model":"modelengine:boulder/body"},{"predicate":{"custom_model_data":7},"model":"modelengine:cactus/body"},{"predicate":{"custom_model_data":8},"model":"modelengine:chest_aqua/button"},{"predicate":{"custom_model_data":9},"model":"modelengine:chest_aqua/cover"},{"predicate":{"custom_model_data":10},"model":"modelengine:chest_aqua/body"},{"predicate":{"custom_model_data":11},"model":"modelengine:chest_bone/button"},{"predicate":{"custom_model_data":12},"model":"modelengine:chest_bone/cover"},{"predicate":{"custom_model_data":13},"model":"modelengine:chest_bone/body"},{"predicate":{"custom_model_data":14},"model":"modelengine:chest_forest/button"},{"predicate":{"custom_model_data":15},"model":"modelengine:chest_forest/cover"},{"predicate":{"custom_model_data":16},"model":"modelengine:chest_forest/body"},{"predicate":{"custom_model_data":17},"model":"modelengine:chest_golden/button"},{"predicate":{"custom_model_data":18},"model":"modelengine:chest_golden/cover"},{"predicate":{"custom_model_data":19},"model":"modelengine:chest_golden/body"},{"predicate":{"custom_model_data":20},"model":"modelengine:chest_ice/button"},{"predicate":{"custom_model_data":21},"model":"modelengine:chest_ice/cover"},{"predicate":{"custom_model_data":22},"model":"modelengine:chest_ice/body"},{"predicate":{"custom_model_data":23},"model":"modelengine:chest_light/button"},{"predicate":{"custom_model_data":24},"model":"modelengine:chest_light/cover"},{"predicate":{"custom_model_data":25},"model":"modelengine:chest_light/body"},{"predicate":{"custom_model_data":26},"model":"modelengine:chest_magma/button"},{"predicate":{"custom_model_data":27},"model":"modelengine:chest_magma/cover"},{"predicate":{"custom_model_data":28},"model":"modelengine:chest_magma/body"},{"predicate":{"custom_model_data":29},"model":"modelengine:chest_shadow/button"},{"predicate":{"custom_model_data":30},"model":"modelengine:chest_shadow/cover"},{"predicate":{"custom_model_data":31},"model":"modelengine:chest_shadow/body"},{"predicate":{"custom_model_data":32},"model":"modelengine:chest_wind/button"},{"predicate":{"custom_model_data":33},"model":"modelengine:chest_wind/cover"},{"predicate":{"custom_model_data":34},"model":"modelengine:chest_wind/body"},{"predicate":{"custom_model_data":35},"model":"modelengine:chest_wooden/body"},{"predicate":{"custom_model_data":36},"model":"modelengine:chest_wooden/cover"},{"predicate":{"custom_model_data":37},"model":"modelengine:chest_wooden/button"},{"predicate":{"custom_model_data":38},"model":"modelengine:deathbloom/body"},{"predicate":{"custom_model_data":39},"model":"modelengine:flame_trap/body"},{"predicate":{"custom_model_data":40},"model":"modelengine:flame_trap/jaw"},{"predicate":{"custom_model_data":41},"model":"modelengine:four_leaf_clover/body"},{"predicate":{"custom_model_data":42},"model":"modelengine:fx_crow/left_leg"},{"predicate":{"custom_model_data":43},"model":"modelengine:fx_crow/right_leg"},{"predicate":{"custom_model_data":44},"model":"modelengine:fx_crow/upper_body"},{"predicate":{"custom_model_data":45},"model":"modelengine:fx_crow/head"},{"predicate":{"custom_model_data":46},"model":"modelengine:fx_crow/left_wing"},{"predicate":{"custom_model_data":47},"model":"modelengine:fx_crow/right_wing"},{"predicate":{"custom_model_data":48},"model":"modelengine:fx_pumpkin/body"},{"predicate":{"custom_model_data":49},"model":"modelengine:fx_pumpkin_skull/body3"},{"predicate":{"custom_model_data":50},"model":"modelengine:fx_pumpkin_skull/jaw3"},{"predicate":{"custom_model_data":51},"model":"modelengine:fx_pumpkin_skull/body2"},{"predicate":{"custom_model_data":52},"model":"modelengine:fx_pumpkin_skull/jaw2"},{"predicate":{"custom_model_data":53},"model":"modelengine:fx_pumpkin_skull/body4"},{"predicate":{"custom_model_data":54},"model":"modelengine:fx_pumpkin_skull/jaw4"},{"predicate":{"custom_model_data":55},"model":"modelengine:fx_pumpkin_skull/body"},{"predicate":{"custom_model_data":56},"model":"modelengine:fx_pumpkin_skull/jaw"},{"predicate":{"custom_model_data":57},"model":"modelengine:fx_scarecrow/body"},{"predicate":{"custom_model_data":58},"model":"modelengine:fx_scarecrow/left_arm"},{"predicate":{"custom_model_data":59},"model":"modelengine:fx_scarecrow/right_arm"},{"predicate":{"custom_model_data":60},"model":"modelengine:fx_scarecrow/head"},{"predicate":{"custom_model_data":61},"model":"modelengine:hastur/upper_body"},{"predicate":{"custom_model_data":62},"model":"modelengine:hastur/chest"},{"predicate":{"custom_model_data":63},"model":"modelengine:hastur/cloak"},{"predicate":{"custom_model_data":64},"model":"modelengine:hastur/cloak_end"},{"predicate":{"custom_model_data":65},"model":"modelengine:hastur/left_chains"},{"predicate":{"custom_model_data":66},"model":"modelengine:hastur/left_chains_end"},{"predicate":{"custom_model_data":67},"model":"modelengine:hastur/right_chains"},{"predicate":{"custom_model_data":68},"model":"modelengine:hastur/right_chains_end"},{"predicate":{"custom_model_data":69},"model":"modelengine:hastur/left_arm"},{"predicate":{"custom_model_data":70},"model":"modelengine:hastur/left_wrist"},{"predicate":{"custom_model_data":71},"model":"modelengine:hastur/right_arm"},{"predicate":{"custom_model_data":72},"model":"modelengine:hastur/right_wrist"},{"predicate":{"custom_model_data":73},"model":"modelengine:hastur/stomach"},{"predicate":{"custom_model_data":74},"model":"modelengine:log/body"},{"predicate":{"custom_model_data":75},"model":"modelengine:magical_herb/body"},{"predicate":{"custom_model_data":76},"model":"modelengine:meteor_storm_magic_circle/middle"},{"predicate":{"custom_model_data":77},"model":"modelengine:meteor_storm_magic_circle/letters"},{"predicate":{"custom_model_data":78},"model":"modelengine:meteor_storm_magic_circle/outer"},{"predicate":{"custom_model_data":79},"model":"modelengine:meteor_storm_meteor/body"},{"predicate":{"custom_model_data":80},"model":"modelengine:mushroom_glowing/hat"},{"predicate":{"custom_model_data":81},"model":"modelengine:mushroom_glowing/body"},{"predicate":{"custom_model_data":82},"model":"modelengine:mushroom_red/hat"},{"predicate":{"custom_model_data":83},"model":"modelengine:mushroom_red/body"},{"predicate":{"custom_model_data":84},"model":"modelengine:ore_copper/body"},{"predicate":{"custom_model_data":85},"model":"modelengine:ore_diamond/body"},{"predicate":{"custom_model_data":86},"model":"modelengine:ore_dragonite/body"},{"predicate":{"custom_model_data":87},"model":"modelengine:ore_emerald/body"},{"predicate":{"custom_model_data":88},"model":"modelengine:ore_gold/body"},{"predicate":{"custom_model_data":89},"model":"modelengine:ore_iron/body"},{"predicate":{"custom_model_data":90},"model":"modelengine:ore_ruby/body"},{"predicate":{"custom_model_data":91},"model":"modelengine:ore_sapphire/body"},{"predicate":{"custom_model_data":92},"model":"modelengine:ore_topaz/body"},{"predicate":{"custom_model_data":93},"model":"modelengine:pebbles_1/body"},{"predicate":{"custom_model_data":94},"model":"modelengine:pebbles_2/body"},{"predicate":{"custom_model_data":95},"model":"modelengine:portal/body"},{"predicate":{"custom_model_data":96},"model":"modelengine:portal/color"},{"predicate":{"custom_model_data":97},"model":"modelengine:portal_round/body"},{"predicate":{"custom_model_data":98},"model":"modelengine:portal_round/color"},{"predicate":{"custom_model_data":99},"model":"modelengine:runestone_heal/stone"},{"predicate":{"custom_model_data":100},"model":"modelengine:runestone_heal/magic"},{"predicate":{"custom_model_data":101},"model":"modelengine:runestone_heal/right_stone"},{"predicate":{"custom_model_data":102},"model":"modelengine:runestone_heal/left_stone"},{"predicate":{"custom_model_data":103},"model":"modelengine:runestone_resistance/stone"},{"predicate":{"custom_model_data":104},"model":"modelengine:runestone_resistance/magic"},{"predicate":{"custom_model_data":105},"model":"modelengine:runestone_resistance/right_stone"},{"predicate":{"custom_model_data":106},"model":"modelengine:runestone_resistance/left_stone"},{"predicate":{"custom_model_data":107},"model":"modelengine:runestone_speed/stone"},{"predicate":{"custom_model_data":108},"model":"modelengine:runestone_speed/magic"},{"predicate":{"custom_model_data":109},"model":"modelengine:runestone_speed/right_stone"},{"predicate":{"custom_model_data":110},"model":"modelengine:runestone_speed/left_stone"},{"predicate":{"custom_model_data":111},"model":"modelengine:runestone_strength/stone"},{"predicate":{"custom_model_data":112},"model":"modelengine:runestone_strength/magic"},{"predicate":{"custom_model_data":113},"model":"modelengine:runestone_strength/right_stone"},{"predicate":{"custom_model_data":114},"model":"modelengine:runestone_strength/left_stone"},{"predicate":{"custom_model_data":115},"model":"modelengine:sawblade_trap_long/body"},{"predicate":{"custom_model_data":116},"model":"modelengine:sawblade_trap_long/sawblade"},{"predicate":{"custom_model_data":117},"model":"modelengine:sawblade_trap_short/body"},{"predicate":{"custom_model_data":118},"model":"modelengine:sawblade_trap_short/sawblade"},{"predicate":{"custom_model_data":119},"model":"modelengine:shamrock/body"},{"predicate":{"custom_model_data":120},"model":"modelengine:spike_ball_trap/body"},{"predicate":{"custom_model_data":121},"model":"modelengine:spike_trap_pop_up/body"},{"predicate":{"custom_model_data":122},"model":"modelengine:spike_trap_pop_up/spikes"},{"predicate":{"custom_model_data":123},"model":"modelengine:spike_trap_still/body"},{"predicate":{"custom_model_data":124},"model":"modelengine:spike_trap_still/spikes"},{"predicate":{"custom_model_data":125},"model":"modelengine:vase_common/body"},{"predicate":{"custom_model_data":126},"model":"modelengine:vase_small/body"},{"predicate":{"custom_model_data":127},"model":"modelengine:vase_tall/body"},{"predicate":{"custom_model_data":128},"model":"modelengine:void_chains/chain_6"},{"predicate":{"custom_model_data":129},"model":"modelengine:void_chains/chain_5"},{"predicate":{"custom_model_data":130},"model":"modelengine:void_chains/chain_4"},{"predicate":{"custom_model_data":131},"model":"modelengine:void_chains/chain_3"},{"predicate":{"custom_model_data":132},"model":"modelengine:void_chains/chain_2"},{"predicate":{"custom_model_data":133},"model":"modelengine:void_chains/chain_1"},{"predicate":{"custom_model_data":134},"model":"modelengine:void_chains/chain_end"},{"predicate":{"custom_model_data":135},"model":"modelengine:waystone/body"},{"predicate":{"custom_model_data":136},"model":"modelengine:wild_berry/body"}]}