{
  "parent": "item/generated",
  "textures": {
    "layer0": "item/paper"
  },
  "overrides": [
    {
      "predicate": {
        "custom_model_data": 2686
      },
      "model": "archmage_model/arcane_bolt_1"
    },
    {
      "predicate": {
        "custom_model_data": 2687
      },
      "model": "archmage_model/arcane_bolt_2"
    },
    {
      "predicate": {
        "custom_model_data": 2688
      },
      "model": "archmage_model/arcane_bolt_3"
    },
    {
      "predicate": {
        "custom_model_data": 2689
      },
      "model": "archmage_model/arcane_bolt_4"
    },
    {
      "predicate": {
        "custom_model_data": 2690
      },
      "model": "archmage_model/arcane_bolt_5"
    },
    {
      "predicate": {
        "custom_model_data": 2691
      },
      "model": "archmage_model/arcane_bolt_6"
    },
    {
      "predicate": {
        "custom_model_data": 2692
      },
      "model": "archmage_model/arcane_bolt_7"
    },
    {
      "predicate": {
        "custom_model_data": 2693
      },
      "model": "archmage_model/arcane_bolt_8"
    },
    {
      "predicate": {
        "custom_model_data": 2694
      },
      "model": "archmage_model/arcane_bolt_9"
    },
    {
      "predicate": {
        "custom_model_data": 2695
      },
      "model": "archmage_model/arcane_impact_1"
    },
    {
      "predicate": {
        "custom_model_data": 2696
      },
      "model": "archmage_model/arcane_impact_2"
    },
    {
      "predicate": {
        "custom_model_data": 2697
      },
      "model": "archmage_model/arcane_impact_3"
    },
    {
      "predicate": {
        "custom_model_data": 2698
      },
      "model": "archmage_model/arcane_impact_4"
    },
    {
      "predicate": {
        "custom_model_data": 2699
      },
      "model": "archmage_model/arcane_impact_5"
    },
    {
      "predicate": {
        "custom_model_data": 2700
      },
      "model": "archmage_model/arcane_impact_6"
    },
    {
      "predicate": {
        "custom_model_data": 2701
      },
      "model": "archmage_model/arcane_impact_7"
    },
    {
      "predicate": {
        "custom_model_data": 2702
      },
      "model": "archmage_model/arcane_slash_1"
    },
    {
      "predicate": {
        "custom_model_data": 2703
      },
      "model": "archmage_model/arcane_slash_2"
    },
    {
      "predicate": {
        "custom_model_data": 2704
      },
      "model": "archmage_model/arcane_slash_3"
    },
    {
      "predicate": {
        "custom_model_data": 2705
      },
      "model": "archmage_model/arcane_slash_4"
    },
    {
      "predicate": {
        "custom_model_data": 2706
      },
      "model": "archmage_model/arcane_slash_5"
    },
    {
      "predicate": {
        "custom_model_data": 2707
      },
      "model": "archmage_model/arcane_slash_6"
    },
    {
      "predicate": {
        "custom_model_data": 2708
      },
      "model": "archmage_model/arcane_slash_7"
    },
    {
      "predicate": {
        "custom_model_data": 2709
      },
      "model": "archmage_model/arcane_thunder_1"
    },
    {
      "predicate": {
        "custom_model_data": 2710
      },
      "model": "archmage_model/arcane_thunder_2"
    },
    {
      "predicate": {
        "custom_model_data": 2711
      },
      "model": "archmage_model/arcane_thunder_3"
    },
    {
      "predicate": {
        "custom_model_data": 2712
      },
      "model": "archmage_model/arcane_thunder_4"
    },
    {
      "predicate": {
        "custom_model_data": 2713
      },
      "model": "archmage_model/arcane_thunder_5"
    },
    {
      "predicate": {
        "custom_model_data": 2714
      },
      "model": "archmage_model/arcane_thunder_6"
    },
    {
      "predicate": {
        "custom_model_data": 2715
      },
      "model": "archmage_model/arcane_thunder_7"
    },
    {
      "predicate": {
        "custom_model_data": 2716
      },
      "model": "archmage_model/arcane_thunder_8"
    },
    {
      "predicate": {
        "custom_model_data": 2717
      },
      "model": "archmage_model/arcane_thunder_9"
    },
    {
      "predicate": {
        "custom_model_data": 2718
      },
      "model": "archmage_model/blizzard_icicle"
    },
    {
      "predicate": {
        "custom_model_data": 2719
      },
      "model": "archmage_model/blizzard_impact_1"
    },
    {
      "predicate": {
        "custom_model_data": 2720
      },
      "model": "archmage_model/blizzard_impact_2"
    },
    {
      "predicate": {
        "custom_model_data": 2721
      },
      "model": "archmage_model/blizzard_impact_3"
    },
    {
      "predicate": {
        "custom_model_data": 2722
      },
      "model": "archmage_model/blizzard_impact_4"
    },
    {
      "predicate": {
        "custom_model_data": 2723
      },
      "model": "archmage_model/blizzard_impact_5"
    },
    {
      "predicate": {
        "custom_model_data": 2724
      },
      "model": "archmage_model/blizzard_impact_6"
    },
    {
      "predicate": {
        "custom_model_data": 2725
      },
      "model": "archmage_model/blizzard_impact_7"
    },
    {
      "predicate": {
        "custom_model_data": 2726
      },
      "model": "archmage_model/meteor_storm_explosion_1"
    },
    {
      "predicate": {
        "custom_model_data": 2727
      },
      "model": "archmage_model/meteor_storm_explosion_2"
    },
    {
      "predicate": {
        "custom_model_data": 2728
      },
      "model": "archmage_model/meteor_storm_explosion_3"
    },
    {
      "predicate": {
        "custom_model_data": 2729
      },
      "model": "archmage_model/meteor_storm_explosion_4"
    },
    {
      "predicate": {
        "custom_model_data": 2730
      },
      "model": "archmage_model/meteor_storm_explosion_5"
    },
    {
      "predicate": {
        "custom_model_data": 2731
      },
      "model": "archmage_model/meteor_storm_explosion_6"
    },
    {
      "predicate": {
        "custom_model_data": 2732
      },
      "model": "archmage_model/void_rupture_1"
    },
    {
      "predicate": {
        "custom_model_data": 2733
      },
      "model": "archmage_model/void_rupture_2"
    },
    {
      "predicate": {
        "custom_model_data": 2734
      },
      "model": "archmage_model/void_rupture_3"
    },
    {
      "predicate": {
        "custom_model_data": 2735
      },
      "model": "archmage_model/void_rupture_4"
    },
    {
      "predicate": {
        "custom_model_data": 2736
      },
      "model": "archmage_model/void_rupture_5"
    },
    {
      "predicate": {
        "custom_model_data": 2737
      },
      "model": "archmage_model/void_rupture_6"
    }
  ]
}