{"textures":{"0":"modelengine:entity/flame_trap"},"elements":[{"from":[6.04,5.006996,3.5065756],"to":[9.96,6.6869965,6.8665757],"rotation":{"angle":0.0,"axis":"y","origin":[8.0,6.546996,5.2855706]},"faces":{"east":{"uv":[4.0,7.375,4.75,7.75],"rotation":0,"texture":"#0","tintindex":0},"south":{"uv":[1.0,7.375,1.875,7.75],"rotation":0,"texture":"#0","tintindex":0},"north":{"uv":[0.0,7.375,0.875,7.75],"rotation":0,"texture":"#0","tintindex":0},"west":{"uv":[6.25,7.375,7.0,7.75],"rotation":0,"texture":"#0","tintindex":0},"up":{"uv":[4.625,6.625,3.75,5.875],"rotation":0,"texture":"#0","tintindex":0},"down":{"uv":[7.0,0.0,6.125,0.75],"rotation":0,"texture":"#0","tintindex":0}}},{"from":[6.04,6.6869965,3.5065756],"to":[9.96,7.8069963,3.5065756],"rotation":{"angle":0.0,"axis":"y","origin":[8.0,6.546996,5.2855706]},"faces":{"east":{"uv":[3.5,6.25,3.5,6.5],"rotation":0,"texture":"#0","tintindex":0},"south":{"uv":[8.75,3.0,7.875,3.25],"rotation":0,"texture":"#0","tintindex":0},"north":{"uv":[7.875,3.0,8.75,3.25],"rotation":0,"texture":"#0","tintindex":0},"west":{"uv":[3.625,6.25,3.625,6.5],"rotation":0,"texture":"#0","tintindex":0},"up":{"uv":[8.75,4.25,7.875,4.25],"rotation":0,"texture":"#0","tintindex":0},"down":{"uv":[9.0,0.0,8.125,0.0],"rotation":0,"texture":"#0","tintindex":0}}},{"from":[9.96,6.6869965,3.5065756],"to":[9.96,7.8069963,6.8665757],"rotation":{"angle":0.0,"axis":"y","origin":[8.0,6.546996,5.2855706]},"faces":{"east":{"uv":[3.625,7.875,4.375,8.125],"rotation":0,"texture":"#0","tintindex":0},"south":{"uv":[8.125,0.125,8.125,0.375],"rotation":0,"texture":"#0","tintindex":0},"north":{"uv":[6.125,7.5,6.125,7.75],"rotation":0,"texture":"#0","tintindex":0},"west":{"uv":[4.375,7.875,3.625,8.125],"rotation":0,"texture":"#0","tintindex":0},"up":{"uv":[3.125,9.0,3.125,8.25],"rotation":0,"texture":"#0","tintindex":0},"down":{"uv":[3.25,8.25,3.25,9.0],"rotation":0,"texture":"#0","tintindex":0}}},{"from":[6.033,4.340112,5.3145657],"to":[9.967,6.5801125,8.114566],"rotation":{"angle":-45.0,"axis":"x","origin":[8.0,6.546996,5.2855706]},"faces":{"east":{"uv":[5.0,2.375,5.625,2.875],"rotation":0,"texture":"#0","tintindex":0},"south":{"uv":[7.125,0.0,8.0,0.5],"rotation":0,"texture":"#0","tintindex":0},"north":{"uv":[5.25,6.875,6.125,7.375],"rotation":0,"texture":"#0","tintindex":0},"west":{"uv":[4.75,5.875,5.375,6.375],"rotation":0,"texture":"#0","tintindex":0},"up":{"uv":[7.5,6.5,6.625,5.875],"rotation":0,"texture":"#0","tintindex":0},"down":{"uv":[7.5,6.625,6.625,7.25],"rotation":0,"texture":"#0","tintindex":0}}},{"from":[6.04,6.6869965,3.5065756],"to":[6.04,7.8069963,6.8665757],"rotation":{"angle":0.0,"axis":"y","origin":[8.0,6.546996,5.2855706]},"faces":{"east":{"uv":[3.625,7.875,4.375,8.125],"rotation":0,"texture":"#0","tintindex":0},"south":{"uv":[8.125,0.125,8.125,0.375],"rotation":0,"texture":"#0","tintindex":0},"north":{"uv":[6.125,7.5,6.125,7.75],"rotation":0,"texture":"#0","tintindex":0},"west":{"uv":[4.375,7.875,3.625,8.125],"rotation":0,"texture":"#0","tintindex":0},"up":{"uv":[3.125,9.0,3.125,8.25],"rotation":0,"texture":"#0","tintindex":0},"down":{"uv":[3.25,8.25,3.25,9.0],"rotation":0,"texture":"#0","tintindex":0}}}],"display":{"head":{"translation":[0.0,-6.4,0.0],"scale":[4.0,4.0,4.0]}}}