{
  "parent": "block/cube",
  "textures": {
    "particle": "tcc:block/soul_conductor/side/up",
    "north": "tcc:block/soul_conductor/side/up",
    "south": "tcc:block/soul_conductor/side/up",
    "east": "tcc:block/soul_conductor/side/up",
    "west": "tcc:block/soul_conductor/side/up",
    "up": "tcc:block/soul_conductor/top_disabled",
    "down": "tcc:block/soul_conductor/bottom"
  },
  "display": {
    "head": {
      "rotation": [0, 0, 0],
      "translation": [0, -43.23, 0],
      "scale": [1.601, 1.601, 1.601]
    }
  }
}
