{
	"textures": {
		"0": "tcc:entity/archaeologist/normal",
		"particle": "#0"
	},
	"elements": [
		{
			"from": [3.5, 0, 4.5],
			"to": [12.5, 21, 11.5],
			"faces": {
				"north": {"uv": [1.5, 11, 3.5, 16], "texture": "#0"},
				"east": {"uv": [0, 11, 1.5, 16], "texture": "#0"},
				"south": {"uv": [5, 11, 7, 16], "texture": "#0"},
				"west": {"uv": [3.5, 11, 5, 16], "texture": "#0"},
				"up": {"uv": [3.5, 11, 1.5, 9.5], "texture": "#0"}
			}
		},
		{
			"from": [3.51, 21, 4.51],
			"to": [12.49, 0, 11.49],
			"faces": {
				"north": {"uv": [3.5, 11, 1.5, 16], "rotation": 180, "texture": "#0"},
				"east": {"uv": [1.5, 11, 0, 16], "rotation": 180, "texture": "#0"},
				"south": {"uv": [7, 11, 5, 16], "rotation": 180, "texture": "#0"},
				"west": {"uv": [5, 11, 3.5, 16], "rotation": 180, "texture": "#0"},
				"down": {"uv": [3.5, 11, 1.5, 9.5], "rotation": 180, "texture": "#0"}
			}
		}
	],
	"display": {
		"ground": {
			"rotation": [0, -180, 0],
			"translation": [0, -6.7985, -6.3746],
			"scale": [0.94, 0.94, 0.94]
		}
	}
}