{
	"credit": "Made by samus2002",
	"texture_size": [32, 32],
	"textures": {
		"0": "rpg_essentials_2:rpg_essentials_2_texture/scroll_teleport",
		"particle": "rpg_essentials_2:rpg_essentials_2_texture/scroll_teleport"
	},
	"elements": [
		{
			"from": [4.5, 10.5412, 7.69344],
			"to": [11.5, 12.5412, 9.69344],
			"rotation": {"angle": -22.5, "axis": "x", "origin": [8, 11.5412, 8.69344]},
			"faces": {
				"north": {"uv": [4, 0, 7.5, 1], "texture": "#0"},
				"east": {"uv": [8, 1.5, 9, 2.5], "texture": "#0"},
				"south": {"uv": [4, 1.5, 7.5, 2.5], "texture": "#0"},
				"west": {"uv": [8, 3, 9, 4], "texture": "#0"},
				"up": {"uv": [7.5, 4, 4, 3], "texture": "#0"},
				"down": {"uv": [7.5, 4.5, 4, 5.5], "texture": "#0"}
			}
		},
		{
			"from": [4.5, 2.4588, 7.69344],
			"to": [11.5, 4.4588, 9.69344],
			"rotation": {"angle": 22.5, "axis": "x", "origin": [8, 3.4588, 8.69344]},
			"faces": {
				"north": {"uv": [4, 1, 7.5, 0], "texture": "#0"},
				"east": {"uv": [8, 2.5, 9, 1.5], "texture": "#0"},
				"south": {"uv": [4, 2.5, 7.5, 1.5], "texture": "#0"},
				"west": {"uv": [8, 4, 9, 3], "texture": "#0"},
				"up": {"uv": [7.5, 5.5, 4, 4.5], "texture": "#0"},
				"down": {"uv": [7.5, 3, 4, 4], "texture": "#0"}
			}
		},
		{
			"from": [4.5, 4, 10],
			"to": [11.5, 11, 10],
			"rotation": {"angle": 0, "axis": "y", "origin": [4.5, 8, 8]},
			"faces": {
				"north": {"uv": [0, 0, 3.5, 3.5], "texture": "#0"},
				"east": {"uv": [8, 7.5, 8, 11], "texture": "#0"},
				"south": {"uv": [0, 4, 3.5, 7.5], "texture": "#0"},
				"west": {"uv": [8.5, 7.5, 8.5, 11], "texture": "#0"},
				"up": {"uv": [7.5, 9, 4, 9], "texture": "#0"},
				"down": {"uv": [12.5, 7.5, 9, 7.5], "texture": "#0"}
			}
		}
	],
	"gui_light": "front",
	"display": {
		"thirdperson_righthand": {
			"rotation": [0, 90, 0],
			"translation": [-1.5, -1.5, -0.5]
		},
		"thirdperson_lefthand": {
			"rotation": [0, 90, 0],
			"translation": [-1.5, -1.5, -0.5]
		},
		"firstperson_righthand": {
			"rotation": [8, 176, 0],
			"translation": [2.75, 4, -0.5],
			"scale": [1.2, 1.2, 1.2]
		},
		"firstperson_lefthand": {
			"rotation": [8, 176, 0],
			"translation": [2.75, 4, -0.5],
			"scale": [1.2, 1.2, 1.2]
		},
		"ground": {
			"rotation": [90, 0, 0]
		},
		"gui": {
			"rotation": [-18, 148, 37],
			"translation": [-0.25, 0.75, -0.5],
			"scale": [1.2, 1.2, 1.2]
		},
		"fixed": {
			"translation": [0, 0.5, -2],
			"scale": [1.3, 1.3, 1.3]
		}
	}
}