{"textures":{"0":"modelengine:entity/magical_herb"},"elements":[{"from":[6.285714,11.485714,6.285714],"to":[9.714286,15.485715,9.714286],"rotation":{"angle":0.0,"axis":"y","origin":[9.142858,12.628572,9.714286]},"faces":{"east":{"uv":[5.5,1.75,7.0,3.5],"rotation":0,"texture":"#0","tintindex":0},"south":{"uv":[5.5,1.75,7.0,3.5],"rotation":0,"texture":"#0","tintindex":0},"north":{"uv":[5.5,1.75,7.0,3.5],"rotation":0,"texture":"#0","tintindex":0},"west":{"uv":[5.5,1.75,7.0,3.5],"rotation":0,"texture":"#0","tintindex":0},"up":{"uv":[6.75,7.75,5.25,6.25],"rotation":0,"texture":"#0","tintindex":0},"down":{"uv":[6.75,7.75,5.25,6.25],"rotation":0,"texture":"#0","tintindex":0}}},{"from":[5.714286,15.485715,8.0],"to":[10.285714,18.914288,8.0],"rotation":{"angle":0.0,"axis":"y","origin":[8.0,16.628572,8.0]},"faces":{"east":{"uv":[7.0,5.5,7.0,7.0],"rotation":0,"texture":"#0","tintindex":0},"south":{"uv":[2.0,4.5,0.0,6.0],"rotation":0,"texture":"#0","tintindex":0},"north":{"uv":[0.0,4.5,2.0,6.0],"rotation":0,"texture":"#0","tintindex":0},"west":{"uv":[7.25,1.75,7.25,3.25],"rotation":0,"texture":"#0","tintindex":0},"up":{"uv":[9.25,3.5,7.25,3.5],"rotation":0,"texture":"#0","tintindex":0},"down":{"uv":[9.25,5.5,7.25,5.5],"rotation":0,"texture":"#0","tintindex":0}}},{"from":[8.0,15.485715,5.714286],"to":[8.0,18.914288,10.285714],"rotation":{"angle":0.0,"axis":"y","origin":[8.0,16.628572,8.0]},"faces":{"east":{"uv":[0.0,4.5,2.0,6.0],"rotation":0,"texture":"#0","tintindex":0},"south":{"uv":[7.0,5.5,7.0,7.0],"rotation":0,"texture":"#0","tintindex":0},"north":{"uv":[7.25,1.75,7.25,3.25],"rotation":0,"texture":"#0","tintindex":0},"west":{"uv":[2.0,4.5,0.0,6.0],"rotation":0,"texture":"#0","tintindex":0},"up":{"uv":[9.25,3.5,7.25,3.5],"rotation":90,"texture":"#0","tintindex":0},"down":{"uv":[9.25,5.5,7.25,5.5],"rotation":270,"texture":"#0","tintindex":0}}},{"from":[5.142857,8.057143,8.0],"to":[10.857143,12.628572,8.0],"rotation":{"angle":0.0,"axis":"y","origin":[8.0,9.485714,8.0]},"faces":{"east":{"uv":[5.25,8.0,5.25,10.0],"rotation":0,"texture":"#0","tintindex":0},"south":{"uv":[5.25,0.0,2.75,2.0],"rotation":0,"texture":"#0","tintindex":0},"north":{"uv":[2.75,0.0,5.25,2.0],"rotation":0,"texture":"#0","tintindex":0},"west":{"uv":[5.5,8.0,5.5,10.0],"rotation":0,"texture":"#0","tintindex":0},"up":{"uv":[10.25,2.75,7.75,2.75],"rotation":0,"texture":"#0","tintindex":0},"down":{"uv":[10.25,3.0,7.75,3.0],"rotation":0,"texture":"#0","tintindex":0}}},{"from":[8.0,8.057143,5.142857],"to":[8.0,12.628572,10.857143],"rotation":{"angle":0.0,"axis":"y","origin":[8.0,9.485714,8.0]},"faces":{"east":{"uv":[5.25,0.0,2.75,2.0],"rotation":0,"texture":"#0","tintindex":0},"south":{"uv":[5.5,8.0,5.5,10.0],"rotation":0,"texture":"#0","tintindex":0},"north":{"uv":[5.25,8.0,5.25,10.0],"rotation":0,"texture":"#0","tintindex":0},"west":{"uv":[2.75,0.0,5.25,2.0],"rotation":0,"texture":"#0","tintindex":0},"up":{"uv":[10.25,2.75,7.75,2.75],"rotation":270,"texture":"#0","tintindex":0},"down":{"uv":[10.25,3.0,7.75,3.0],"rotation":90,"texture":"#0","tintindex":0}}}],"display":{"head":{"translation":[0.0,-6.4,0.0],"scale":[4.0,4.0,4.0]}}}