{
  "model": {
    "type": "minecraft:composite",
    "models": [
      {
        "type": "minecraft:model",
        "model": "minecraft:block/composter"
      },
      {
        "type": "minecraft:select",
        "property": "minecraft:block_state",
        "block_state_property": "level",
        "cases": [
          {
            "when": "0",
            "model": {
              "type": "minecraft:empty"
            }
          },
          {
            "when": "1",
            "model": {
              "type": "minecraft:model",
              "model": "tcc:block/composter/contents1"
            }
          },
          {
            "when": "2",
            "model": {
              "type": "minecraft:model",
              "model": "tcc:block/composter/contents2"
            }
          },
          {
            "when": "3",
            "model": {
              "type": "minecraft:model",
              "model": "tcc:block/composter/contents3"
            }
          },
          {
            "when": "4",
            "model": {
              "type": "minecraft:model",
              "model": "tcc:block/composter/contents4"
            }
          },
          {
            "when": "5",
            "model": {
              "type": "minecraft:model",
              "model": "tcc:block/composter/contents5"
            }
          },
          {
            "when": "6",
            "model": {
              "type": "minecraft:model",
              "model": "tcc:block/composter/contents6"
            }
          },
          {
            "when": "7",
            "model": {
              "type": "minecraft:model",
              "model": "tcc:block/composter/contents7"
            }
          },
          {
            "when": "8",
            "model": {
              "type": "minecraft:model",
              "model": "tcc:block/composter/contents_ready"
            }
          }
        ]
      }
    ]
  }
}