{"textures":{"0":"modelengine:entity/mushroom_glowing"},"elements":[{"from":[6.5714283,8.0,6.5714283],"to":[9.428572,11.428572,9.428572],"rotation":{"angle":0.0,"axis":"y","origin":[7.714286,12.571428,9.428572]},"faces":{"east":{"uv":[5.0,5.0,6.25,6.5],"rotation":0,"texture":"#0","tintindex":0},"south":{"uv":[3.5,5.0,4.75,6.5],"rotation":0,"texture":"#0","tintindex":0},"north":{"uv":[3.5,5.0,4.75,6.5],"rotation":0,"texture":"#0","tintindex":0},"west":{"uv":[3.5,6.75,4.75,8.25],"rotation":0,"texture":"#0","tintindex":0},"up":{"uv":[6.25,8.0,5.0,6.75],"rotation":0,"texture":"#0","tintindex":0},"down":{"uv":[7.75,6.75,6.5,8.0],"rotation":0,"texture":"#0","tintindex":0}}}],"display":{"head":{"translation":[0.0,-6.4,0.0],"scale":[4.0,4.0,4.0]}}}