{
	"textures": {
		"1": "tcc:block/gobblerift",
		"particle": "tcc:block/gobblerift"
	},
	"elements": [
		{
			"from": [0, 0, 1],
			"to": [16, 16, 1],
			"faces": {
				"north": {"uv": [4, 12, 6, 16], "texture": "#1"},
				"south": {"uv": [6, 12, 4, 16], "texture": "#1"}
			}
		},
		{
			"from": [15, 0, 0],
			"to": [15, 16, 16],
			"rotation": {"angle": 0, "axis": "y", "origin": [22, 8, 8]},
			"faces": {
				"east": {"uv": [4, 12, 6, 16], "texture": "#1"},
				"west": {"uv": [6, 12, 4, 16], "texture": "#1"}
			}
		},
		{
			"from": [0, 0, 15],
			"to": [16, 16, 15],
			"faces": {
				"north": {"uv": [6, 12, 4, 16], "texture": "#1"},
				"south": {"uv": [4, 12, 6, 16], "texture": "#1"}
			}
		},
		{
			"from": [1, 0, 0],
			"to": [1, 16, 16],
			"faces": {
				"east": {"uv": [6, 12, 4, 16], "texture": "#1"},
				"west": {"uv": [4, 12, 6, 16], "texture": "#1"}
			}
		},
		{
			"from": [0, 0, 8],
			"to": [16, 32, 8],
			"rotation": {"angle": 0, "axis": "y", "origin": [8, 16, 8]},
			"faces": {
				"north": {"uv": [8, 4, 10, 12], "texture": "#1"},
				"south": {"uv": [8, 4, 10, 12], "texture": "#1"}
			}
		},
		{
			"from": [8, 0, 0],
			"to": [8, 32, 16],
			"rotation": {"angle": 0, "axis": "y", "origin": [8, 16, 8]},
			"faces": {
				"east": {"uv": [8, 4, 10, 12], "texture": "#1"},
				"west": {"uv": [8, 4, 10, 12], "texture": "#1"}
			}
		},
		{
			"from": [5, 19, 5],
			"to": [11, 25, 11],
			"faces": {
				"north": {"uv": [10.625, 2.5, 11.375, 4], "texture": "#1"},
				"east": {"uv": [9.875, 2.5, 10.625, 4], "texture": "#1"},
				"south": {"uv": [12.125, 2.5, 12.875, 4], "texture": "#1"},
				"west": {"uv": [11.375, 2.5, 12.125, 4], "texture": "#1"},
				"up": {"uv": [10.625, 1, 11.375, 2.5], "texture": "#1"},
				"down": {"uv": [11.375, 1, 12.125, 2.5], "texture": "#1"}
			}
		}
	],
	"display": {
		"ground": {
			"rotation": [0, 180, 0],
			"translation": [0, -9.1, -6.4],
			"scale": [1.066, 1.066, 1.066]
		}
	}
}