{
	"ambientocclusion": false,
	"textures": {
		"0": "tcc:block/potted_plant/gobblerift",
		"particle": "tcc:block/potted_plant/gobblerift"
	},
	"elements": [
		{
			"from": [4.5, 14, 1],
			"to": [11.5, 15, 7],
			"rotation": {"angle": 45, "axis": "x", "origin": [8, 14, 7]},
			"faces": {
				"north": {"uv": [9, 3, 12.5, 3.5], "texture": "#0", "tintindex": 0},
				"east": {"uv": [6, 3, 9, 3.5], "texture": "#0", "tintindex": 0},
				"south": {"uv": [12.5, 3, 16, 3.5], "texture": "#0", "tintindex": 0},
				"west": {"uv": [9, 3, 6, 3.5], "texture": "#0", "tintindex": 0},
				"down": {"uv": [9.5, 0, 13, 3], "texture": "#0", "tintindex": 0}
			}
		},
		{
			"from": [3.5, 15, 0],
			"to": [12.5, 15, 8],
			"rotation": {"angle": 45, "axis": "x", "origin": [8, 14, 7]},
			"faces": {
				"up": {"uv": [7, 5.5, 11.5, 9.5], "texture": "#0", "tintindex": 0},
				"down": {"uv": [7, 9.5, 11.5, 5.5], "texture": "#0", "tintindex": 0}
			}
		},
		{
			"from": [4.5, 10, 2],
			"to": [11.5, 14, 7],
			"rotation": {"angle": 0, "axis": "x", "origin": [8, 14, 7]},
			"faces": {
				"north": {"uv": [0, 8, 3.5, 10], "texture": "#0", "tintindex": 0},
				"east": {"uv": [3.5, 8, 6, 10], "texture": "#0", "tintindex": 0},
				"south": {"uv": [3.5, 8, 0, 10], "texture": "#0", "tintindex": 0},
				"west": {"uv": [6, 8, 3.5, 10], "texture": "#0", "tintindex": 0},
				"up": {"uv": [0, 8, 3.5, 5.5], "texture": "#0", "tintindex": 0},
				"down": {"uv": [3.5, 8, 7, 5.5], "texture": "#0", "tintindex": 0}
			}
		},
		{
			"from": [11.5, 15, 7],
			"to": [4.5, 14, 2],
			"rotation": {"angle": 0, "axis": "x", "origin": [8, 14, 7]},
			"faces": {
				"east": {"uv": [6, 10, 3.5, 10.5], "texture": "#0", "tintindex": 0},
				"south": {"uv": [0, 10, 3.5, 10.5], "texture": "#0", "tintindex": 0},
				"west": {"uv": [3.5, 10, 6, 10.5], "texture": "#0", "tintindex": 0}
			}
		},
		{
			"from": [4.5, 14, 2],
			"to": [11.5, 15, 7],
			"rotation": {"angle": 0, "axis": "x", "origin": [8, 14, 7]},
			"faces": {
				"north": {"uv": [0, 10, 3.5, 10.5], "texture": "#0", "tintindex": 0},
				"east": {"uv": [3.5, 10, 6, 10.5], "texture": "#0", "tintindex": 0},
				"west": {"uv": [6, 10, 3.5, 10.5], "texture": "#0", "tintindex": 0}
			}
		},
		{
			"from": [11.5, 14, 6],
			"to": [4.5, 13, 1],
			"rotation": {"angle": 45, "axis": "x", "origin": [8, 14, 7]},
			"faces": {
				"east": {"uv": [6, 10.5, 3.5, 11], "texture": "#0", "tintindex": 0},
				"south": {"uv": [0, 10.5, 3.5, 11], "texture": "#0", "tintindex": 0},
				"west": {"uv": [3.5, 10.5, 6, 11], "texture": "#0", "tintindex": 0}
			}
		},
		{
			"from": [4.5, 13, 1],
			"to": [11.5, 14, 6],
			"rotation": {"angle": 45, "axis": "x", "origin": [8, 14, 7]},
			"faces": {
				"north": {"uv": [0, 10.5, 3.5, 11], "texture": "#0", "tintindex": 0},
				"east": {"uv": [3.5, 10.5, 6, 11], "texture": "#0", "tintindex": 0},
				"west": {"uv": [6, 10.5, 3.5, 11], "texture": "#0", "tintindex": 0}
			}
		},
		{
			"from": [2, 4, 8],
			"to": [14, 13, 8],
			"shade": false,
			"rotation": {"angle": -45, "axis": "y", "origin": [8, 0, 8]},
			"faces": {
				"north": {"uv": [0, 0, 6, 4.5], "texture": "#0"},
				"south": {"uv": [6, 0, 0, 4.5], "texture": "#0"}
			}
		},
		{
			"from": [2, 4, 8],
			"to": [14, 13, 8],
			"shade": false,
			"rotation": {"angle": 45, "axis": "y", "origin": [8, 0, 8]},
			"faces": {
				"north": {"uv": [6, 0, 0, 4.5], "texture": "#0"},
				"south": {"uv": [0, 0, 6, 4.5], "texture": "#0"}
			}
		}
	]
}