{"textures":{"0":"modelengine:entity/ore_sapphire"},"elements":[{"from":[7.197385,10.519982,6.3395295],"to":[10.054528,15.091412,9.768101],"rotation":{"angle":45.0,"axis":"z","origin":[7.9409094,8.011982,8.035227]},"faces":{"east":{"uv":[7.75,7.0,9.25,9.0],"rotation":0,"texture":"#0","tintindex":0},"south":{"uv":[9.0,4.0,10.25,6.0],"rotation":0,"texture":"#0","tintindex":0},"north":{"uv":[10.25,4.0,9.0,6.0],"rotation":0,"texture":"#0","tintindex":0},"west":{"uv":[7.75,7.0,9.25,9.0],"rotation":0,"texture":"#0","tintindex":0},"up":{"uv":[12.0,3.5,10.75,2.0],"rotation":0,"texture":"#0","tintindex":0},"down":{"uv":[12.25,6.0,11.0,7.5],"rotation":0,"texture":"#0","tintindex":0}}},{"from":[4.3152595,7.869125,4.3395295],"to":[11.743832,11.297697,11.768101],"rotation":{"angle":0.0,"axis":"y","origin":[7.9409094,8.011982,8.035227]},"faces":{"east":{"uv":[3.5,1.75,6.75,3.25],"rotation":0,"texture":"#0","tintindex":0},"south":{"uv":[3.5,3.5,6.75,5.0],"rotation":0,"texture":"#0","tintindex":0},"north":{"uv":[3.5,1.75,6.75,3.25],"rotation":0,"texture":"#0","tintindex":0},"west":{"uv":[3.5,5.25,6.75,6.75],"rotation":0,"texture":"#0","tintindex":0},"up":{"uv":[3.25,3.25,0.0,0.0],"rotation":0,"texture":"#0","tintindex":0},"down":{"uv":[3.25,3.5,0.0,6.75],"rotation":0,"texture":"#0","tintindex":0}}},{"from":[6.0299115,10.726268,6.018481],"to":[10.029912,15.869125,10.01848],"rotation":{"angle":-22.5,"axis":"y","origin":[7.9409094,8.011982,8.035227]},"faces":{"east":{"uv":[8.75,2.5,7.0,4.75],"rotation":0,"texture":"#0","tintindex":0},"south":{"uv":[1.75,7.0,0.0,9.25],"rotation":0,"texture":"#0","tintindex":0},"north":{"uv":[0.0,7.0,1.75,9.25],"rotation":0,"texture":"#0","tintindex":0},"west":{"uv":[7.0,2.5,8.75,4.75],"rotation":0,"texture":"#0","tintindex":0},"up":{"uv":[5.75,8.75,4.0,7.0],"rotation":0,"texture":"#0","tintindex":0},"down":{"uv":[8.75,5.0,7.0,6.75],"rotation":0,"texture":"#0","tintindex":0}}},{"from":[7.597537,10.983908,6.3395295],"to":[10.4546795,14.983908,9.196672],"rotation":{"angle":-22.5,"axis":"z","origin":[7.9409094,8.011982,8.035227]},"faces":{"east":{"uv":[9.5,6.25,10.75,8.0],"rotation":0,"texture":"#0","tintindex":0},"south":{"uv":[2.75,9.5,1.5,11.25],"rotation":0,"texture":"#0","tintindex":0},"north":{"uv":[1.5,9.5,2.75,11.25],"rotation":0,"texture":"#0","tintindex":0},"west":{"uv":[10.75,6.25,9.5,8.0],"rotation":0,"texture":"#0","tintindex":0},"up":{"uv":[5.75,12.75,4.5,11.5],"rotation":0,"texture":"#0","tintindex":0},"down":{"uv":[5.75,12.75,4.5,11.5],"rotation":0,"texture":"#0","tintindex":0}}},{"from":[6.3152595,10.8173485,5.4949927],"to":[9.172402,15.388777,8.352136],"rotation":{"angle":-22.5,"axis":"x","origin":[7.9409094,8.011982,8.035227]},"faces":{"east":{"uv":[7.0,9.25,8.25,11.25],"rotation":0,"texture":"#0","tintindex":0},"south":{"uv":[6.75,9.25,5.5,11.25],"rotation":0,"texture":"#0","tintindex":0},"north":{"uv":[5.5,9.25,6.75,11.25],"rotation":0,"texture":"#0","tintindex":0},"west":{"uv":[0.0,9.5,1.25,11.5],"rotation":0,"texture":"#0","tintindex":0},"up":{"uv":[8.75,12.75,7.5,11.5],"rotation":0,"texture":"#0","tintindex":0},"down":{"uv":[12.75,7.75,11.5,9.0],"rotation":0,"texture":"#0","tintindex":0}}},{"from":[6.886688,10.86186,5.6787925],"to":[9.743832,14.86186,9.107365],"rotation":{"angle":45.0,"axis":"x","origin":[7.9409094,8.011982,8.035227]},"faces":{"east":{"uv":[9.0,0.0,10.5,1.75],"rotation":0,"texture":"#0","tintindex":0},"south":{"uv":[10.75,0.0,12.0,1.75],"rotation":0,"texture":"#0","tintindex":0},"north":{"uv":[10.75,0.0,12.0,1.75],"rotation":0,"texture":"#0","tintindex":0},"west":{"uv":[9.0,0.0,10.5,1.75],"rotation":0,"texture":"#0","tintindex":0},"up":{"uv":[4.25,12.75,3.0,11.25],"rotation":0,"texture":"#0","tintindex":0},"down":{"uv":[2.75,11.5,1.5,13.0],"rotation":0,"texture":"#0","tintindex":0}}}],"display":{"head":{"translation":[0.0,-6.4,0.0],"scale":[4.0,4.0,4.0]}}}