{
  "model": {
    "type": "minecraft:select",
    "cases": [
      {
        "model": {
          "type": "minecraft:model",
          "model": "minecraft:item/leather_leggings_quartz_trim",
          "tints": [
            {
              "type": "minecraft:dye",
              "default": -6265536
            }
          ]
        },
        "when": "minecraft:quartz"
      },
      {
        "model": {
          "type": "minecraft:model",
          "model": "minecraft:item/leather_leggings_iron_trim",
          "tints": [
            {
              "type": "minecraft:dye",
              "default": -6265536
            }
          ]
        },
        "when": "minecraft:iron"
      },
      {
        "model": {
          "type": "minecraft:model",
          "model": "minecraft:item/leather_leggings_netherite_trim",
          "tints": [
            {
              "type": "minecraft:dye",
              "default": -6265536
            }
          ]
        },
        "when": "minecraft:netherite"
      },
      {
        "model": {
          "type": "minecraft:model",
          "model": "minecraft:item/leather_leggings_redstone_trim",
          "tints": [
            {
              "type": "minecraft:dye",
              "default": -6265536
            }
          ]
        },
        "when": "minecraft:redstone"
      },
      {
        "model": {
          "type": "minecraft:model",
          "model": "minecraft:item/leather_leggings_copper_trim",
          "tints": [
            {
              "type": "minecraft:dye",
              "default": -6265536
            }
          ]
        },
        "when": "minecraft:copper"
      },
      {
        "model": {
          "type": "minecraft:model",
          "model": "minecraft:item/leather_leggings_gold_trim",
          "tints": [
            {
              "type": "minecraft:dye",
              "default": -6265536
            }
          ]
        },
        "when": "minecraft:gold"
      },
      {
        "model": {
          "type": "minecraft:model",
          "model": "minecraft:item/leather_leggings_emerald_trim",
          "tints": [
            {
              "type": "minecraft:dye",
              "default": -6265536
            }
          ]
        },
        "when": "minecraft:emerald"
      },
      {
        "model": {
          "type": "minecraft:model",
          "model": "minecraft:item/leather_leggings_diamond_trim",
          "tints": [
            {
              "type": "minecraft:dye",
              "default": -6265536
            }
          ]
        },
        "when": "minecraft:diamond"
      },
      {
        "model": {
          "type": "minecraft:model",
          "model": "minecraft:item/leather_leggings_lapis_trim",
          "tints": [
            {
              "type": "minecraft:dye",
              "default": -6265536
            }
          ]
        },
        "when": "minecraft:lapis"
      },
      {
        "model": {
          "type": "minecraft:model",
          "model": "minecraft:item/leather_leggings_amethyst_trim",
          "tints": [
            {
              "type": "minecraft:dye",
              "default": -6265536
            }
          ]
        },
        "when": "minecraft:amethyst"
      },
      {
        "model": {
          "type": "minecraft:model",
          "model": "minecraft:item/leather_leggings_resin_trim",
          "tints": [
            {
              "type": "minecraft:dye",
              "default": -6265536
            }
          ]
        },
        "when": "minecraft:resin"
      },
      {
        "model": {
          "type": "minecraft:model",
          "model": "minecraft:item/leather_leggings_armadillo_scute_trim",
          "tints": [
            {
              "type": "minecraft:dye",
              "default": -6265536
            }
          ]
        },
        "when": "minecraft:armadillo_scute"
      },
      {
        "model": {
          "type": "minecraft:model",
          "model": "minecraft:item/leather_leggings_blaze_rod_trim",
          "tints": [
            {
              "type": "minecraft:dye",
              "default": -6265536
            }
          ]
        },
        "when": "minecraft:blaze_rod"
      },
      {
        "model": {
          "type": "minecraft:model",
          "model": "minecraft:item/leather_leggings_breeze_rod_trim",
          "tints": [
            {
              "type": "minecraft:dye",
              "default": -6265536
            }
          ]
        },
        "when": "minecraft:breeze_rod"
      },
      {
        "model": {
          "type": "minecraft:model",
          "model": "minecraft:item/leather_leggings_brick_trim",
          "tints": [
            {
              "type": "minecraft:dye",
              "default": -6265536
            }
          ]
        },
        "when": "minecraft:brick"
      },
      {
        "model": {
          "type": "minecraft:model",
          "model": "minecraft:item/leather_leggings_coal_trim",
          "tints": [
            {
              "type": "minecraft:dye",
              "default": -6265536
            }
          ]
        },
        "when": "minecraft:coal"
      },
      {
        "model": {
          "type": "minecraft:model",
          "model": "minecraft:item/leather_leggings_dragon_breath_trim",
          "tints": [
            {
              "type": "minecraft:dye",
              "default": -6265536
            }
          ]
        },
        "when": "minecraft:dragon_breath"
      },
      {
        "model": {
          "type": "minecraft:model",
          "model": "minecraft:item/leather_leggings_clay_trim",
          "tints": [
            {
              "type": "minecraft:dye",
              "default": -6265536
            }
          ]
        },
        "when": "minecraft:clay"
      },
      {
        "model": {
          "type": "minecraft:model",
          "model": "minecraft:item/leather_leggings_echo_shard_trim",
          "tints": [
            {
              "type": "minecraft:dye",
              "default": -6265536
            }
          ]
        },
        "when": "minecraft:echo_shard"
      },
      {
        "model": {
          "type": "minecraft:model",
          "model": "minecraft:item/leather_leggings_ender_pearl_trim",
          "tints": [
            {
              "type": "minecraft:dye",
              "default": -6265536
            }
          ]
        },
        "when": "minecraft:ender_pearl"
      },
      {
        "model": {
          "type": "minecraft:model",
          "model": "minecraft:item/leather_leggings_flint_trim",
          "tints": [
            {
              "type": "minecraft:dye",
              "default": -6265536
            }
          ]
        },
        "when": "minecraft:flint"
      },
      {
        "model": {
          "type": "minecraft:model",
          "model": "minecraft:item/leather_leggings_glow_ink_trim",
          "tints": [
            {
              "type": "minecraft:dye",
              "default": -6265536
            }
          ]
        },
        "when": "minecraft:glow_ink"
      },
      {
        "model": {
          "type": "minecraft:model",
          "model": "minecraft:item/leather_leggings_glowstone_trim",
          "tints": [
            {
              "type": "minecraft:dye",
              "default": -6265536
            }
          ]
        },
        "when": "minecraft:glowstone"
      },
      {
        "model": {
          "type": "minecraft:model",
          "model": "minecraft:item/leather_leggings_gunpowder_trim",
          "tints": [
            {
              "type": "minecraft:dye",
              "default": -6265536
            }
          ]
        },
        "when": "minecraft:gunpowder"
      },
      {
        "model": {
          "type": "minecraft:model",
          "model": "minecraft:item/leather_leggings_hide_trim",
          "tints": [
            {
              "type": "minecraft:dye",
              "default": -6265536
            }
          ]
        },
        "when": "minecraft:hide"
      },
      {
        "model": {
          "type": "minecraft:model",
          "model": "minecraft:item/leather_leggings_honeycomb_trim",
          "tints": [
            {
              "type": "minecraft:dye",
              "default": -6265536
            }
          ]
        },
        "when": "minecraft:honeycomb"
      },
      {
        "model": {
          "type": "minecraft:model",
          "model": "minecraft:item/leather_leggings_leather_trim",
          "tints": [
            {
              "type": "minecraft:dye",
              "default": -6265536
            }
          ]
        },
        "when": "minecraft:leather"
      },
      {
        "model": {
          "type": "minecraft:model",
          "model": "minecraft:item/leather_leggings_magma_cream_trim",
          "tints": [
            {
              "type": "minecraft:dye",
              "default": -6265536
            }
          ]
        },
        "when": "minecraft:magma_cream"
      },
      {
        "model": {
          "type": "minecraft:model",
          "model": "minecraft:item/leather_leggings_nautilus_trim",
          "tints": [
            {
              "type": "minecraft:dye",
              "default": -6265536
            }
          ]
        },
        "when": "minecraft:nautilus"
      },
      {
        "model": {
          "type": "minecraft:model",
          "model": "minecraft:item/leather_leggings_nether_brick_trim",
          "tints": [
            {
              "type": "minecraft:dye",
              "default": -6265536
            }
          ]
        },
        "when": "minecraft:nether_brick"
      },
      {
        "model": {
          "type": "minecraft:model",
          "model": "minecraft:item/leather_leggings_nether_star_trim",
          "tints": [
            {
              "type": "minecraft:dye",
              "default": -6265536
            }
          ]
        },
        "when": "minecraft:nether_star"
      },
      {
        "model": {
          "type": "minecraft:model",
          "model": "minecraft:item/leather_leggings_netherite_scrap_trim",
          "tints": [
            {
              "type": "minecraft:dye",
              "default": -6265536
            }
          ]
        },
        "when": "minecraft:netherite_scrap"
      },
      {
        "model": {
          "type": "minecraft:model",
          "model": "minecraft:item/leather_leggings_phantom_membrane_trim",
          "tints": [
            {
              "type": "minecraft:dye",
              "default": -6265536
            }
          ]
        },
        "when": "minecraft:phantom_membrane"
      },
      {
        "model": {
          "type": "minecraft:model",
          "model": "minecraft:item/leather_leggings_prismarine_trim",
          "tints": [
            {
              "type": "minecraft:dye",
              "default": -6265536
            }
          ]
        },
        "when": "minecraft:prismarine"
      },
      {
        "model": {
          "type": "minecraft:model",
          "model": "minecraft:item/leather_leggings_prismarine_crystal_trim",
          "tints": [
            {
              "type": "minecraft:dye",
              "default": -6265536
            }
          ]
        },
        "when": "minecraft:prismarine_crystal"
      },
      {
        "model": {
          "type": "minecraft:model",
          "model": "minecraft:item/leather_leggings_purpur_trim",
          "tints": [
            {
              "type": "minecraft:dye",
              "default": -6265536
            }
          ]
        },
        "when": "minecraft:purpur"
      },
      {
        "model": {
          "type": "minecraft:model",
          "model": "minecraft:item/leather_leggings_scute_trim",
          "tints": [
            {
              "type": "minecraft:dye",
              "default": -6265536
            }
          ]
        },
        "when": "minecraft:scute"
      },
      {
        "model": {
          "type": "minecraft:model",
          "model": "minecraft:item/leather_leggings_slime_trim",
          "tints": [
            {
              "type": "minecraft:dye",
              "default": -6265536
            }
          ]
        },
        "when": "minecraft:slime"
      },
      {
        "model": {
          "type": "minecraft:model",
          "model": "minecraft:item/leather_leggings_sugar_trim",
          "tints": [
            {
              "type": "minecraft:dye",
              "default": -6265536
            }
          ]
        },
        "when": "minecraft:sugar"
      }
    ],
    "fallback": {
      "type": "minecraft:model",
      "model": "minecraft:item/leather_leggings",
      "tints": [
        {
          "type": "minecraft:dye",
          "default": -6265536
        }
      ]
    },
    "property": "minecraft:trim_material"
  }
}