{"textures":{"0":"modelengine:entity/meteor_storm_meteor"},"elements":[{"from":[4.7082453,4.998644,4.845538],"to":[11.181388,11.4717865,11.318681],"rotation":{"angle":0.0,"axis":"y","origin":[8.243162,8.333381,8.395964]},"faces":{"east":{"uv":[0.0,2.25,2.0,4.25],"rotation":0,"texture":"#0","tintindex":0},"south":{"uv":[2.25,0.0,4.25,2.0],"rotation":0,"texture":"#0","tintindex":0},"north":{"uv":[0.0,0.0,2.0,2.0],"rotation":0,"texture":"#0","tintindex":0},"west":{"uv":[2.25,2.25,4.25,4.25],"rotation":0,"texture":"#0","tintindex":0},"up":{"uv":[2.0,6.5,0.0,4.5],"rotation":0,"texture":"#0","tintindex":0},"down":{"uv":[6.5,0.0,4.5,2.0],"rotation":0,"texture":"#0","tintindex":0}}},{"from":[6.3265305,8.042039,4.197734],"to":[10.372245,11.27861,7.4343057],"rotation":{"angle":45.0,"axis":"x","origin":[8.243162,8.333381,8.395964]},"faces":{"east":{"uv":[3.0,9.5,4.0,10.5],"rotation":0,"texture":"#0","tintindex":0},"south":{"uv":[1.5,8.25,2.75,9.25],"rotation":0,"texture":"#0","tintindex":0},"north":{"uv":[0.0,8.25,1.25,9.25],"rotation":0,"texture":"#0","tintindex":0},"west":{"uv":[4.25,9.5,5.25,10.5],"rotation":0,"texture":"#0","tintindex":0},"up":{"uv":[8.0,9.25,6.75,8.25],"rotation":0,"texture":"#0","tintindex":0},"down":{"uv":[9.5,8.25,8.25,9.25],"rotation":0,"texture":"#0","tintindex":0}}},{"from":[6.0040765,5.570794,3.5157642],"to":[9.240648,8.807365,6.7523355],"rotation":{"angle":-45.0,"axis":"y","origin":[8.243162,8.333381,8.395964]},"faces":{"east":{"uv":[6.75,9.5,7.75,10.5],"rotation":0,"texture":"#0","tintindex":0},"south":{"uv":[8.0,9.5,9.0,10.5],"rotation":0,"texture":"#0","tintindex":0},"north":{"uv":[5.5,9.5,6.5,10.5],"rotation":0,"texture":"#0","tintindex":0},"west":{"uv":[9.25,9.5,10.25,10.5],"rotation":0,"texture":"#0","tintindex":0},"up":{"uv":[10.75,1.0,9.75,0.0],"rotation":0,"texture":"#0","tintindex":0},"down":{"uv":[10.75,2.75,9.75,3.75],"rotation":0,"texture":"#0","tintindex":0}}},{"from":[5.5108833,3.9525084,4.513715],"to":[9.556598,7.18908,8.559429],"rotation":{"angle":22.5,"axis":"y","origin":[8.243162,8.333381,8.395964]},"faces":{"east":{"uv":[0.0,9.5,1.25,10.5],"rotation":0,"texture":"#0","tintindex":0},"south":{"uv":[1.5,9.5,2.75,10.5],"rotation":0,"texture":"#0","tintindex":0},"north":{"uv":[8.5,7.0,9.75,8.0],"rotation":0,"texture":"#0","tintindex":0},"west":{"uv":[9.5,1.5,10.75,2.5],"rotation":0,"texture":"#0","tintindex":0},"up":{"uv":[5.0,9.25,3.75,8.0],"rotation":0,"texture":"#0","tintindex":0},"down":{"uv":[6.5,8.0,5.25,9.25],"rotation":0,"texture":"#0","tintindex":0}}},{"from":[8.633791,4.189501,5.503915],"to":[12.679505,9.853501,9.549629],"rotation":{"angle":-45.0,"axis":"y","origin":[8.243162,8.333381,8.395964]},"faces":{"east":{"uv":[5.5,4.0,6.75,5.75],"rotation":0,"texture":"#0","tintindex":0},"south":{"uv":[5.5,6.0,6.75,7.75],"rotation":0,"texture":"#0","tintindex":0},"north":{"uv":[4.0,4.5,5.25,6.25],"rotation":0,"texture":"#0","tintindex":0},"west":{"uv":[2.25,6.25,3.5,8.0],"rotation":0,"texture":"#0","tintindex":0},"up":{"uv":[8.25,5.0,7.0,3.75],"rotation":0,"texture":"#0","tintindex":0},"down":{"uv":[8.25,5.25,7.0,6.5],"rotation":0,"texture":"#0","tintindex":0}}},{"from":[3.4945307,7.6802154,5.2180715],"to":[8.349388,11.72593,10.072929],"rotation":{"angle":-22.5,"axis":"x","origin":[8.243162,8.333381,8.395964]},"faces":{"east":{"uv":[3.75,6.5,5.25,7.75],"rotation":0,"texture":"#0","tintindex":0},"south":{"uv":[0.0,6.75,1.5,8.0],"rotation":0,"texture":"#0","tintindex":0},"north":{"uv":[6.25,2.25,7.75,3.5],"rotation":0,"texture":"#0","tintindex":0},"west":{"uv":[6.75,0.0,8.25,1.25],"rotation":0,"texture":"#0","tintindex":0},"up":{"uv":[3.75,6.0,2.25,4.5],"rotation":0,"texture":"#0","tintindex":0},"down":{"uv":[6.0,2.25,4.5,3.75],"rotation":0,"texture":"#0","tintindex":0}}},{"from":[6.7399626,5.5529633,10.140734],"to":[10.785677,9.598678,13.377306],"rotation":{"angle":-45.0,"axis":"y","origin":[8.243162,8.333381,8.395964]},"faces":{"east":{"uv":[8.5,0.0,9.5,1.25],"rotation":0,"texture":"#0","tintindex":0},"south":{"uv":[8.0,1.5,9.25,2.75],"rotation":0,"texture":"#0","tintindex":0},"north":{"uv":[7.0,6.75,8.25,8.0],"rotation":0,"texture":"#0","tintindex":0},"west":{"uv":[8.5,3.0,9.5,4.25],"rotation":0,"texture":"#0","tintindex":0},"up":{"uv":[9.75,5.5,8.5,4.5],"rotation":0,"texture":"#0","tintindex":0},"down":{"uv":[9.75,5.75,8.5,6.75],"rotation":0,"texture":"#0","tintindex":0}}}],"display":{"head":{"translation":[0.0,-6.4,0.0],"scale":[4.0,4.0,4.0]}}}