{"textures":{"0":"modelengine:entity/runestone_strength"},"elements":[{"from":[5.482555,2.978232,3.0502858],"to":[15.381984,12.877661,12.949715],"rotation":{"angle":22.5,"axis":"z","origin":[7.693521,3.8084679,8.0]},"faces":{"east":{"uv":[3.0,4.125,4.25,5.375],"rotation":0,"texture":"#0","tintindex":0},"south":{"uv":[4.25,2.75,3.0,4.0],"rotation":0,"texture":"#0","tintindex":0},"north":{"uv":[3.0,2.75,4.25,4.0],"rotation":0,"texture":"#0","tintindex":0},"west":{"uv":[4.375,1.375,5.625,2.625],"rotation":0,"texture":"#0","tintindex":0},"up":{"uv":[5.625,4.0,4.375,2.75],"rotation":0,"texture":"#0","tintindex":0},"down":{"uv":[5.625,4.125,4.375,5.375],"rotation":0,"texture":"#0","tintindex":0}}},{"from":[2.0515761,0.37242985,5.0301714],"to":[8.981176,5.322144,11.959771],"rotation":{"angle":-45.0,"axis":"z","origin":[7.693521,3.8084679,8.0]},"faces":{"east":{"uv":[1.0,6.0,1.875,6.625],"rotation":0,"texture":"#0","tintindex":0},"south":{"uv":[2.0,6.0,2.875,6.625],"rotation":0,"texture":"#0","tintindex":0},"north":{"uv":[0.0,6.0,0.875,6.625],"rotation":0,"texture":"#0","tintindex":0},"west":{"uv":[6.375,5.0,7.25,5.625],"rotation":0,"texture":"#0","tintindex":0},"up":{"uv":[6.625,1.875,5.75,1.0],"rotation":0,"texture":"#0","tintindex":0},"down":{"uv":[6.625,2.0,5.75,2.875],"rotation":0,"texture":"#0","tintindex":0}}},{"from":[1.2973847,10.153185,4.040229],"to":[9.2169285,17.082785,10.969829],"rotation":{"angle":-22.5,"axis":"z","origin":[7.693521,3.8084679,8.0]},"faces":{"east":{"uv":[5.75,3.0,6.625,3.875],"rotation":0,"texture":"#0","tintindex":0},"south":{"uv":[4.125,5.5,5.125,6.375],"rotation":0,"texture":"#0","tintindex":0},"north":{"uv":[3.0,5.5,4.0,6.375],"rotation":0,"texture":"#0","tintindex":0},"west":{"uv":[5.75,4.0,6.625,4.875],"rotation":0,"texture":"#0","tintindex":0},"up":{"uv":[6.25,6.375,5.25,5.5],"rotation":0,"texture":"#0","tintindex":0},"down":{"uv":[6.75,0.0,5.75,0.875],"rotation":0,"texture":"#0","tintindex":0}}},{"from":[5.482555,2.978232,3.025537],"to":[15.381984,12.877661,3.025537],"rotation":{"angle":22.5,"axis":"z","origin":[7.693521,3.8084679,8.0]},"faces":{"east":{"uv":[6.0,6.5,6.0,7.75],"rotation":0,"texture":"#0","tintindex":0},"south":{"uv":[4.25,0.0,3.0,1.25],"rotation":0,"texture":"#0","tintindex":0},"north":{"uv":[3.0,0.0,4.25,1.25],"rotation":0,"texture":"#0","tintindex":0},"west":{"uv":[6.125,6.5,6.125,7.75],"rotation":0,"texture":"#0","tintindex":0},"up":{"uv":[2.75,6.75,1.5,6.75],"rotation":0,"texture":"#0","tintindex":0},"down":{"uv":[8.0,1.5,6.75,1.5],"rotation":0,"texture":"#0","tintindex":0}}},{"from":[5.482555,2.978232,12.9744625],"to":[15.381984,12.877661,12.9744625],"rotation":{"angle":22.5,"axis":"z","origin":[7.693521,3.8084679,8.0]},"faces":{"east":{"uv":[6.0,6.5,6.0,7.75],"rotation":0,"texture":"#0","tintindex":0},"south":{"uv":[4.25,0.0,3.0,1.25],"rotation":0,"texture":"#0","tintindex":0},"north":{"uv":[3.0,0.0,4.25,1.25],"rotation":0,"texture":"#0","tintindex":0},"west":{"uv":[6.125,6.5,6.125,7.75],"rotation":0,"texture":"#0","tintindex":0},"up":{"uv":[2.75,6.75,1.5,6.75],"rotation":0,"texture":"#0","tintindex":0},"down":{"uv":[8.0,1.5,6.75,1.5],"rotation":0,"texture":"#0","tintindex":0}}}],"display":{"head":{"translation":[0.0,-6.4,0.0],"scale":[4.0,4.0,4.0]}}}