{
	"credit": "Made by samus2002",
	"texture_size": [32, 32],
	"textures": {
		"2": "rpg_essentials_1_texture/key_magma",
		"particle": "rpg_essentials_1_texture/key_magma"
	},
	"elements": [
		{
			"from": [6, 6.5, 7],
			"to": [11, 11.5, 9],
			"rotation": {"angle": 0, "axis": "y", "origin": [8.5, 9, 8.25]},
			"faces": {
				"north": {"uv": [6, 0, 8.5, 2.5], "texture": "#2"},
				"east": {"uv": [1.5, 7, 2.5, 9.5], "texture": "#2"},
				"south": {"uv": [6, 3, 8.5, 5.5], "texture": "#2"},
				"west": {"uv": [3, 7, 4, 9.5], "texture": "#2"},
				"up": {"uv": [10, 7, 7.5, 6], "texture": "#2"},
				"down": {"uv": [10, 7.5, 7.5, 8.5], "texture": "#2"}
			}
		},
		{
			"from": [2.25, 8.7, 8],
			"to": [7.25, 14.7, 8],
			"rotation": {"angle": -22.5, "axis": "z", "origin": [5.5, 12.2, 8]},
			"faces": {
				"north": {"uv": [0, 0, 2.5, 3], "texture": "#2"},
				"east": {"uv": [5.5, 10, 5.5, 13], "texture": "#2"},
				"south": {"uv": [2.5, 0, 0, 3], "texture": "#2"},
				"west": {"uv": [6, 10, 6, 13], "texture": "#2"},
				"up": {"uv": [9, 10, 6.5, 10], "texture": "#2"},
				"down": {"uv": [12, 10, 9.5, 10], "texture": "#2"}
			}
		},
		{
			"from": [9.75, 8.45, 8],
			"to": [14.75, 14.45, 8],
			"rotation": {"angle": 22.5, "axis": "z", "origin": [10.5, 12.2, 8]},
			"faces": {
				"north": {"uv": [0, 3.5, 2.5, 6.5], "texture": "#2"},
				"east": {"uv": [1.5, 10.5, 1.5, 13.5], "texture": "#2"},
				"south": {"uv": [2.5, 3.5, 0, 6.5], "texture": "#2"},
				"west": {"uv": [2, 10.5, 2, 13.5], "texture": "#2"},
				"up": {"uv": [13, 2.5, 10.5, 2.5], "texture": "#2"},
				"down": {"uv": [13, 3, 10.5, 3], "texture": "#2"}
			}
		},
		{
			"from": [7.5, -0.5, 7.5],
			"to": [9.5, 6.5, 8.5],
			"rotation": {"angle": 0, "axis": "y", "origin": [7.5, 6.5, 7.75]},
			"faces": {
				"north": {"uv": [6, 6, 7, 9.5], "texture": "#2"},
				"east": {"uv": [4.5, 7, 5, 10.5], "texture": "#2"},
				"south": {"uv": [0, 7, 1, 10.5], "texture": "#2"},
				"west": {"uv": [9, 0, 9.5, 3.5], "texture": "#2"},
				"up": {"uv": [10, 4.5, 9, 4], "texture": "#2"},
				"down": {"uv": [10, 5, 9, 5.5], "texture": "#2"}
			}
		},
		{
			"from": [5.5, 2.5, 8],
			"to": [7.5, 3.5, 8],
			"rotation": {"angle": 0, "axis": "y", "origin": [7.5, 6.5, 8.25]},
			"faces": {
				"north": {"uv": [7.5, 9, 8.5, 9.5], "texture": "#2"},
				"east": {"uv": [5.5, 7, 5.5, 7.5], "texture": "#2"},
				"south": {"uv": [9, 9, 10, 9.5], "texture": "#2"},
				"west": {"uv": [5.5, 8, 5.5, 8.5], "texture": "#2"},
				"up": {"uv": [2.5, 10, 1.5, 10], "texture": "#2"},
				"down": {"uv": [11, 2, 10, 2], "texture": "#2"}
			}
		},
		{
			"from": [5.5, 0.5, 8],
			"to": [7.5, 1.5, 8],
			"rotation": {"angle": 0, "axis": "y", "origin": [7.5, 6.5, 8.25]},
			"faces": {
				"north": {"uv": [10, 0, 11, 0.5], "texture": "#2"},
				"east": {"uv": [5.5, 9, 5.5, 9.5], "texture": "#2"},
				"south": {"uv": [10, 1, 11, 1.5], "texture": "#2"},
				"west": {"uv": [10, 2.5, 10, 3], "texture": "#2"},
				"up": {"uv": [4, 10, 3, 10], "texture": "#2"},
				"down": {"uv": [11, 3.5, 10, 3.5], "texture": "#2"}
			}
		}
	],
	"gui_light": "front",
	"display": {
		"thirdperson_righthand": {
			"rotation": [180, 90, 0],
			"translation": [0, 0, 0.5],
			"scale": [0.9, 0.9, 0.9]
		},
		"thirdperson_lefthand": {
			"rotation": [180, 90, 0],
			"translation": [0, 0, 0.5],
			"scale": [0.9, 0.9, 0.9]
		},
		"firstperson_righthand": {
			"rotation": [180, 90, 0],
			"translation": [2.25, 1, -0.25],
			"scale": [0.9, 0.9, 0.9]
		},
		"firstperson_lefthand": {
			"rotation": [180, 90, 0],
			"translation": [2.25, 1, -0.25],
			"scale": [0.9, 0.9, 0.9]
		},
		"ground": {
			"rotation": [90, 0, 0],
			"translation": [0, -2, 0],
			"scale": [0.9, 0.9, 0.9]
		},
		"gui": {
			"rotation": [0, 180, 0],
			"translation": [0.5, 1.25, 0]
		},
		"fixed": {
			"translation": [-0.5, 1.75, 0],
			"scale": [1.2, 1.2, 1.2]
		}
	}
}