{
  "credit": "Made by samus2002",
  "texture_size": [
    32,
    32
  ],
  "textures": {
    "0": "rpg_essentials_1_texture/key_wooden",
    "particle": "rpg_essentials_1_texture/key_wooden"
  },
  "elements": [
    {
      "from": [
        6,
        6.5,
        7
      ],
      "to": [
        11,
        11.5,
        9
      ],
      "rotation": {
        "angle": 0,
        "axis": "y",
        "origin": [
          8.5,
          9,
          8.25
        ]
      },
      "faces": {
        "north": {
          "uv": [
            0,
            0,
            2.5,
            2.5
          ],
          "texture": "#0"
        },
        "east": {
          "uv": [
            4.5,
            0,
            5.5,
            2.5
          ],
          "texture": "#0"
        },
        "south": {
          "uv": [
            2.5,
            0,
            0,
            2.5
          ],
          "texture": "#0"
        },
        "west": {
          "uv": [
            4.5,
            3,
            5.5,
            5.5
          ],
          "texture": "#0"
        },
        "up": {
          "uv": [
            2.5,
            7,
            0,
            6
          ],
          "texture": "#0"
        },
        "down": {
          "uv": [
            8.5,
            0,
            6,
            1
          ],
          "texture": "#0"
        }
      }
    },
    {
      "from": [
        7.5,
        -0.5,
        7.5
      ],
      "to": [
        9.5,
        6.5,
        8.5
      ],
      "rotation": {
        "angle": 0,
        "axis": "y",
        "origin": [
          7.5,
          6.5,
          7.75
        ]
      },
      "faces": {
        "north": {
          "uv": [
            3,
            0,
            4,
            3.5
          ],
          "texture": "#0"
        },
        "east": {
          "uv": [
            6,
            1.5,
            6.5,
            5
          ],
          "texture": "#0"
        },
        "south": {
          "uv": [
            4,
            0,
            3,
            3.5
          ],
          "texture": "#0"
        },
        "west": {
          "uv": [
            4.5,
            6,
            5,
            9.5
          ],
          "texture": "#0"
        },
        "up": {
          "uv": [
            8,
            6.5,
            7,
            6
          ],
          "texture": "#0"
        },
        "down": {
          "uv": [
            8,
            7,
            7,
            7.5
          ],
          "texture": "#0"
        }
      }
    },
    {
      "from": [
        5.5,
        2.5,
        8
      ],
      "to": [
        7.5,
        3.5,
        8
      ],
      "rotation": {
        "angle": 0,
        "axis": "y",
        "origin": [
          7.5,
          6.5,
          8.25
        ]
      },
      "faces": {
        "north": {
          "uv": [
            5.5,
            6,
            6.5,
            6.5
          ],
          "texture": "#0"
        },
        "east": {
          "uv": [
            0,
            7.5,
            0,
            8.5
          ],
          "texture": "#0"
        },
        "south": {
          "uv": [
            6.5,
            6,
            5.5,
            6.5
          ],
          "texture": "#0"
        },
        "west": {
          "uv": [
            0.5,
            7.5,
            0.5,
            8.5
          ],
          "texture": "#0"
        },
        "up": {
          "uv": [
            2,
            7.5,
            1,
            7.5
          ],
          "texture": "#0"
        },
        "down": {
          "uv": [
            6.5,
            7.5,
            5.5,
            7.5
          ],
          "texture": "#0"
        }
      }
    },
    {
      "from": [
        5.5,
        0.5,
        8
      ],
      "to": [
        7.5,
        1.5,
        8
      ],
      "rotation": {
        "angle": 0,
        "axis": "y",
        "origin": [
          7.5,
          6.5,
          8.25
        ]
      },
      "faces": {
        "north": {
          "uv": [
            7,
            3,
            8,
            3.5
          ],
          "texture": "#0"
        },
        "east": {
          "uv": [
            2.5,
            7.5,
            2.5,
            8.5
          ],
          "texture": "#0"
        },
        "south": {
          "uv": [
            8,
            3,
            7,
            3.5
          ],
          "texture": "#0"
        },
        "west": {
          "uv": [
            1,
            8,
            1,
            9
          ],
          "texture": "#0"
        },
        "up": {
          "uv": [
            4,
            8,
            3,
            8
          ],
          "texture": "#0"
        },
        "down": {
          "uv": [
            6.5,
            8,
            5.5,
            8
          ],
          "texture": "#0"
        }
      }
    }
  ],
  "gui_light": "front",
  "display": {
    "thirdperson_righthand": {
      "rotation": [
        180,
        90,
        0
      ],
      "translation": [
        0,
        0,
        0.5
      ],
      "scale": [
        0.9,
        0.9,
        0.9
      ]
    },
    "thirdperson_lefthand": {
      "rotation": [
        180,
        90,
        0
      ],
      "translation": [
        0,
        0,
        0.5
      ],
      "scale": [
        0.9,
        0.9,
        0.9
      ]
    },
    "firstperson_righthand": {
      "rotation": [
        180,
        90,
        0
      ],
      "translation": [
        2.25,
        1,
        -0.25
      ],
      "scale": [
        0.9,
        0.9,
        0.9
      ]
    },
    "firstperson_lefthand": {
      "rotation": [
        180,
        90,
        0
      ],
      "translation": [
        2.25,
        1,
        -0.25
      ],
      "scale": [
        0.9,
        0.9,
        0.9
      ]
    },
    "ground": {
      "rotation": [
        90,
        0,
        0
      ],
      "translation": [
        0,
        -2,
        0
      ],
      "scale": [
        0.9,
        0.9,
        0.9
      ]
    },
    "gui": {
      "rotation": [
        0,
        180,
        0
      ],
      "translation": [
        0.5,
        2.5,
        0
      ]
    },
    "fixed": {
      "translation": [
        -0.5,
        2.5,
        0
      ],
      "scale": [
        1.2,
        1.2,
        1.2
      ]
    }
  }
}