{
  "credit": "Made by samus2002",
  "textures": {
    "0": "rpg_essentials_1_texture/rock",
    "particle": "rpg_essentials_1_texture/rock"
  },
  "elements": [
    {
      "from": [
        4.5,
        6.5,
        4.5
      ],
      "to": [
        9.5,
        10.5,
        9.5
      ],
      "rotation": {
        "angle": 0,
        "axis": "y",
        "origin": [
          7,
          8.5,
          7
        ]
      },
      "faces": {
        "north": {
          "uv": [
            6,
            0,
            11,
            4
          ],
          "texture": "#0"
        },
        "east": {
          "uv": [
            5,
            16,
            0,
            12
          ],
          "texture": "#0"
        },
        "south": {
          "uv": [
            6,
            4,
            11,
            0
          ],
          "texture": "#0"
        },
        "west": {
          "uv": [
            0,
            12,
            5,
            16
          ],
          "texture": "#0"
        },
        "up": {
          "uv": [
            5,
            5,
            0,
            0
          ],
          "texture": "#0"
        },
        "down": {
          "uv": [
            0,
            5,
            5,
            0
          ],
          "texture": "#0"
        }
      }
    }
  ],
  "gui_light": "front",
  "display": {
    "thirdperson_righthand": {
      "translation": [
        1,
        0,
        0
      ]
    },
    "thirdperson_lefthand": {
      "translation": [
        -1,
        0,
        0
      ]
    },
    "firstperson_righthand": {
      "rotation": [
        0,
        26,
        0
      ],
      "translation": [
        3.5,
        0.25,
        0
      ],
      "scale": [
        1.3,
        1.3,
        1.3
      ]
    },
    "firstperson_lefthand": {
      "rotation": [
        0,
        26,
        0
      ],
      "translation": [
        3.5,
        0.25,
        0
      ],
      "scale": [
        1.3,
        1.3,
        1.3
      ]
    },
    "ground": {
      "translation": [
        0,
        -1.25,
        0
      ],
      "scale": [
        1.2,
        1.2,
        1.2
      ]
    },
    "gui": {
      "rotation": [
        27,
        -143,
        0
      ],
      "translation": [
        -1.75,
        -0.5,
        0
      ],
      "scale": [
        1.2,
        1.2,
        1.2
      ]
    },
    "fixed": {
      "rotation": [
        0,
        -36,
        0
      ],
      "translation": [
        0.25,
        -0.75,
        1.25
      ],
      "scale": [
        1.4,
        1.4,
        1.4
      ]
    }
  }
}