{
    "sources": [
        {
            "type": "paletted_permutations",
            "textures": [
                "trims/entity/humanoid/coast",
                "trims/entity/humanoid_leggings/coast",
                "trims/entity/humanoid/sentry",
                "trims/entity/humanoid_leggings/sentry",
                "trims/entity/humanoid/dune",
                "trims/entity/humanoid_leggings/dune",
                "trims/entity/humanoid/wild",
                "trims/entity/humanoid_leggings/wild",
                "trims/entity/humanoid/ward",
                "trims/entity/humanoid_leggings/ward",
                "trims/entity/humanoid/eye",
                "trims/entity/humanoid_leggings/eye",
                "trims/entity/humanoid/vex",
                "trims/entity/humanoid_leggings/vex",
                "trims/entity/humanoid/tide",
                "trims/entity/humanoid_leggings/tide",
                "trims/entity/humanoid/snout",
                "trims/entity/humanoid_leggings/snout",
                "trims/entity/humanoid/rib",
                "trims/entity/humanoid_leggings/rib",
                "trims/entity/humanoid/spire",
                "trims/entity/humanoid_leggings/spire",
                "trims/entity/humanoid/wayfinder",
                "trims/entity/humanoid_leggings/wayfinder",
                "trims/entity/humanoid/shaper",
                "trims/entity/humanoid_leggings/shaper",
                "trims/entity/humanoid/silence",
                "trims/entity/humanoid_leggings/silence",
                "trims/entity/humanoid/raiser",
                "trims/entity/humanoid_leggings/raiser",
                "trims/entity/humanoid/host",
                "trims/entity/humanoid_leggings/host",
                "trims/entity/humanoid/creeper",
                "trims/entity/humanoid_leggings/creeper",
                "trims/entity/humanoid/mojang",
                "trims/entity/humanoid_leggings/mojang",
                "trims/entity/humanoid/flower",
                "trims/entity/humanoid_leggings/flower",
                "trims/entity/humanoid/globe",
                "trims/entity/humanoid_leggings/globe",
                "trims/entity/humanoid/netherite",
                "trims/entity/humanoid_leggings/netherite",
                "trims/entity/humanoid/explorer",
                "trims/entity/humanoid_leggings/explorer",
                "trims/entity/humanoid/heart",
                "trims/entity/humanoid_leggings/heart",
                "trims/entity/humanoid/heartbreak",
                "trims/entity/humanoid_leggings/heartbreak",
                "trims/entity/humanoid/friend",
                "trims/entity/humanoid_leggings/friend",
                "trims/entity/humanoid/snort",
                "trims/entity/humanoid_leggings/snort",
                "trims/entity/humanoid/danger",
                "trims/entity/humanoid_leggings/danger",
                "trims/entity/humanoid/shelter",
                "trims/entity/humanoid_leggings/shelter",
                "trims/entity/humanoid/burn",
                "trims/entity/humanoid_leggings/burn",
                "trims/entity/humanoid/plenty",
                "trims/entity/humanoid_leggings/plenty",
                "trims/entity/humanoid/mourner",
                "trims/entity/humanoid_leggings/mourner",
                "trims/entity/humanoid/prize",
                "trims/entity/humanoid_leggings/prize",
                "trims/entity/humanoid/miner",
                "trims/entity/humanoid_leggings/miner",
                "trims/entity/humanoid/angler",
                "trims/entity/humanoid_leggings/angler",
                "trims/entity/humanoid/archer",
                "trims/entity/humanoid_leggings/archer",
                "trims/entity/humanoid/blade",
                "trims/entity/humanoid_leggings/blade",
                "trims/entity/humanoid/arms_up",
                "trims/entity/humanoid_leggings/arms_up",
                "trims/entity/humanoid/brewer",
                "trims/entity/humanoid_leggings/brewer",
                "trims/entity/humanoid/howl",
                "trims/entity/humanoid_leggings/howl",
                "trims/entity/humanoid/sheaf",
                "trims/entity/humanoid_leggings/sheaf",
                "trims/entity/humanoid/swirl",
                "trims/entity/humanoid_leggings/swirl",
                "trims/entity/humanoid/breeze",
                "trims/entity/humanoid_leggings/breeze",
                "trims/entity/humanoid/guster",
                "trims/entity/humanoid_leggings/guster",
                "trims/entity/humanoid/flow",
                "trims/entity/humanoid_leggings/flow",
                "trims/entity/humanoid/bolt",
                "trims/entity/humanoid_leggings/bolt",
                "trims/entity/humanoid/surge",
                "trims/entity/humanoid_leggings/surge",
                "trims/entity/humanoid/scrape",
                "trims/entity/humanoid_leggings/scrape",
                "trims/entity/humanoid/skull",
                "trims/entity/humanoid_leggings/skull",
                "trims/entity/humanoid/crossbones",
                "trims/entity/humanoid_leggings/crossbones",
                "trims/entity/humanoid/brute",
                "trims/entity/humanoid_leggings/brute",
                "trims/entity/humanoid/mason",
                "trims/entity/humanoid_leggings/mason",
                "trims/entity/humanoid/bordure",
                "trims/entity/humanoid_leggings/bordure"
            ],
            "palette_key": "trims/color_palettes/trim_palette",
            "permutations": {
                "quartz": "trims/color_palettes/quartz",
                "iron": "trims/color_palettes/iron",
                "gold": "trims/color_palettes/gold",
                "diamond": "trims/color_palettes/diamond",
                "netherite": "trims/color_palettes/netherite",
                "redstone": "trims/color_palettes/redstone",
                "copper": "trims/color_palettes/copper",
                "emerald": "trims/color_palettes/emerald",
                "lapis": "trims/color_palettes/lapis",
                "amethyst": "trims/color_palettes/amethyst",
                "iron_darker": "trims/color_palettes/iron_darker",
                "gold_darker": "trims/color_palettes/gold_darker",
                "diamond_darker": "trims/color_palettes/diamond_darker",
                "netherite_darker": "trims/color_palettes/netherite_darker",
                "resin": "trims/color_palettes/resin",
                "netherite_scrap": "trims/color_palettes/netherite_scrap",
                "flint": "trims/color_palettes/flint",
                "scute": "trims/color_palettes/scute",
                "prismarine": "trims/color_palettes/prismarine",
                "purpur": "trims/color_palettes/purpur",
                "glowstone": "trims/color_palettes/glowstone",
                "nautilus": "trims/color_palettes/nautilus",
                "echo_shard": "trims/color_palettes/echo_shard",
                "glow_ink": "trims/color_palettes/glow_ink",
                "coal": "trims/color_palettes/coal",
                "leather": "trims/color_palettes/leather",
                "hide": "trims/color_palettes/hide",
                "phantom_membrane": "trims/color_palettes/phantom_membrane",
                "gunpowder": "trims/color_palettes/gunpowder",
                "honeycomb": "trims/color_palettes/honeycomb",
                "dragon_breath": "trims/color_palettes/dragon_breath",
                "slime": "trims/color_palettes/slime",
                "magma_cream": "trims/color_palettes/magma_cream",
                "ender_pearl": "trims/color_palettes/ender_pearl",
                "nether_star": "trims/color_palettes/nether_star",
                "armadillo_scute": "trims/color_palettes/armadillo_scute",
                "blaze_rod": "trims/color_palettes/blaze_rod",
                "breeze_rod": "trims/color_palettes/breeze_rod",
                "brick": "trims/color_palettes/brick",
                "nether_brick": "trims/color_palettes/nether_brick",
                "sugar": "trims/color_palettes/sugar",
                "clay": "trims/color_palettes/clay",
                "prismarine_crystal": "trims/color_palettes/prismarine_crystal"
            }
        }
    ]
}
