{
	"credit": "Made by samus2002",
	"texture_size": [64, 64],
	"textures": {
		"0": "archmage:archmage_texture/arcane_thunder_3",
		"particle": "archmage:archmage_texture/arcane_thunder_3"
	},
	"elements": [
		{
			"from": [-1, -15.5, 8],
			"to": [17, 29.5, 8],
			"rotation": {"angle": 0, "axis": "x", "origin": [8, 7, 8]},
			"faces": {
				"north": {"uv": [5.25, 0.5, 10.75, 14], "texture": "#0"},
				"east": {"uv": [0, 0, 0, 16], "texture": "#0"},
				"south": {"uv": [10.75, 0.5, 5.25, 14], "texture": "#0"},
				"west": {"uv": [0, 0, 0, 16], "texture": "#0"},
				"up": {"uv": [0, 0, 0, 16], "rotation": 270, "texture": "#0"},
				"down": {"uv": [0, 0, 0, 16], "rotation": 90, "texture": "#0"}
			}
		},
		{
			"from": [5, -15.5, -3],
			"to": [5, 29.5, 15],
			"rotation": {"angle": 0, "axis": "x", "origin": [8, 7, 8]},
			"faces": {
				"north": {"uv": [0, 0, 0, 16], "texture": "#0"},
				"east": {"uv": [10.75, 0.5, 5.25, 14], "texture": "#0"},
				"south": {"uv": [0, 0, 0, 16], "texture": "#0"},
				"west": {"uv": [5.25, 0.5, 10.75, 14], "texture": "#0"},
				"up": {"uv": [0, 16, 0, 0], "texture": "#0"},
				"down": {"uv": [0, 16, 0, 0], "texture": "#0"}
			}
		}
	],
	"display": {
		"thirdperson_righthand": {
			"rotation": [108, 180, 0],
			"translation": [-8, -17.25, 42.75],
			"scale": [1.13281, 3, 1.13281]
		},
		"thirdperson_lefthand": {
			"rotation": [90, 180, 0],
			"translation": [-3.75, -1.75, 46.25],
			"scale": [1.13281, 3, 1.13281]
		},
		"head": {
			"rotation": [-11, 0, 0],
			"translation": [1.5, 32.75, -13.25],
			"scale": [1.5, 4, 1.5]
		}
	}
}