{
	"credit": "Made by samus2002",
	"texture_size": [64, 64],
	"textures": {
		"0": "archmage:archmage_texture/archmage_staff",
		"particle": "archmage:archmage_texture/archmage_staff"
	},
	"elements": [
		{
			"from": [7.02, -12.005, 7.02],
			"to": [8.98, 19.355, 8.98],
			"rotation": {"angle": 0, "axis": "y", "origin": [8, 8.30484, 8]},
			"faces": {
				"north": {"uv": [0, 0, 0.5, 8], "texture": "#0"},
				"east": {"uv": [0.5, 0, 0, 8], "texture": "#0"},
				"south": {"uv": [0, 0, 0.5, 8], "texture": "#0"},
				"west": {"uv": [0.5, 0, 0, 8], "texture": "#0"},
				"up": {"uv": [9.25, 11, 8.75, 10.5], "texture": "#0"},
				"down": {"uv": [5.5, 11, 5, 11.5], "texture": "#0"}
			}
		},
		{
			"from": [6.04, 15.435, 6.04],
			"to": [9.96, 17.395, 9.96],
			"rotation": {"angle": 0, "axis": "y", "origin": [8, 8.30484, 8]},
			"faces": {
				"north": {"uv": [9.5, 9.5, 10.5, 10], "texture": "#0"},
				"east": {"uv": [9.5, 9.5, 10.5, 10], "texture": "#0"},
				"south": {"uv": [9.5, 9.5, 10.5, 10], "texture": "#0"},
				"west": {"uv": [9.5, 9.5, 10.5, 10], "texture": "#0"},
				"up": {"uv": [3.5, 9.25, 2.5, 8.25], "texture": "#0"},
				"down": {"uv": [9.25, 3.5, 8.25, 4.5], "texture": "#0"}
			}
		},
		{
			"from": [6.53, -12.985, 6.53],
			"to": [9.47, -8.085, 9.47],
			"rotation": {"angle": 0, "axis": "y", "origin": [8, 8.30484, 8]},
			"faces": {
				"north": {"uv": [5, 8.25, 5.75, 9.5], "rotation": 180, "texture": "#0"},
				"east": {"uv": [5, 8.25, 5.75, 9.5], "rotation": 180, "texture": "#0"},
				"south": {"uv": [5, 8.25, 5.75, 9.5], "rotation": 180, "texture": "#0"},
				"west": {"uv": [5, 8.25, 5.75, 9.5], "rotation": 180, "texture": "#0"},
				"up": {"uv": [10.25, 8.5, 9.5, 9.25], "texture": "#0"},
				"down": {"uv": [10.25, 8.25, 9.5, 7.5], "texture": "#0"}
			}
		},
		{
			"from": [6.04, -8.085, 6.04],
			"to": [9.96, -6.125, 9.96],
			"rotation": {"angle": 0, "axis": "y", "origin": [8, 8.30484, 8]},
			"faces": {
				"north": {"uv": [10.5, 6, 11.5, 6.5], "texture": "#0"},
				"east": {"uv": [10.5, 6, 11.5, 6.5], "texture": "#0"},
				"south": {"uv": [10.5, 6, 11.5, 6.5], "texture": "#0"},
				"west": {"uv": [10.5, 6, 11.5, 6.5], "texture": "#0"},
				"up": {"uv": [4.75, 9.25, 3.75, 8.25], "texture": "#0"},
				"down": {"uv": [9.25, 4.75, 8.25, 5.75], "texture": "#0"}
			}
		},
		{
			"from": [4.08, -15.925, 8],
			"to": [11.92, -8.085, 8],
			"rotation": {"angle": 0, "axis": "y", "origin": [8, 8.30484, 8]},
			"faces": {
				"north": {"uv": [3, 0, 5, 2], "texture": "#0"},
				"east": {"uv": [0.5, 11.5, 0.5, 13.5], "texture": "#0"},
				"south": {"uv": [5, 0, 3, 2], "texture": "#0"},
				"west": {"uv": [0.75, 11.5, 0.75, 13.5], "texture": "#0"},
				"up": {"uv": [13.25, 5.75, 11.25, 5.75], "texture": "#0"},
				"down": {"uv": [13.5, 8.25, 11.5, 8.25], "texture": "#0"}
			}
		},
		{
			"from": [5.55, 18.375, 5.55],
			"to": [10.45, 20.335, 10.45],
			"rotation": {"angle": 0, "axis": "y", "origin": [8, 8.30484, 8]},
			"faces": {
				"north": {"uv": [9.5, 1.25, 10.75, 1.75], "texture": "#0"},
				"east": {"uv": [9.5, 1.25, 10.75, 1.75], "texture": "#0"},
				"south": {"uv": [9.5, 1.25, 10.75, 1.75], "texture": "#0"},
				"west": {"uv": [9.5, 1.25, 10.75, 1.75], "texture": "#0"},
				"up": {"uv": [4.25, 8, 3, 6.75], "texture": "#0"},
				"down": {"uv": [5.75, 6.75, 4.5, 8], "texture": "#0"}
			}
		},
		{
			"from": [6.53, 21.805, 6.53],
			"to": [9.47, 24.745, 9.47],
			"rotation": {"angle": -45, "axis": "y", "origin": [8, 8.30484, 8]},
			"faces": {
				"north": {"uv": [7.25, 3.5, 8, 4.25], "texture": "#0"},
				"east": {"uv": [9.5, 3.5, 10.25, 4.25], "texture": "#0"},
				"south": {"uv": [4, 9.5, 4.75, 10.25], "texture": "#0"},
				"west": {"uv": [9.5, 4.5, 10.25, 5.25], "texture": "#0"},
				"up": {"uv": [10.25, 6.25, 9.5, 5.5], "texture": "#0"},
				"down": {"uv": [10.25, 6.5, 9.5, 7.25], "texture": "#0"}
			}
		},
		{
			"from": [8.21027, 25.67469, 8],
			"to": [12.13027, 31.55469, 8],
			"rotation": {"angle": 0, "axis": "z", "origin": [8, 8.30484, 8]},
			"faces": {
				"north": {"uv": [0, 8.25, 1, 9.75], "texture": "#0"},
				"east": {"uv": [10.75, 11.5, 10.75, 13], "texture": "#0"},
				"south": {"uv": [1, 8.25, 0, 9.75], "texture": "#0"},
				"west": {"uv": [4.25, 11.75, 4.25, 13.25], "texture": "#0"},
				"up": {"uv": [5.5, 11.75, 4.5, 11.75], "texture": "#0"},
				"down": {"uv": [12.75, 6, 11.75, 6], "texture": "#0"}
			}
		},
		{
			"from": [2.65303, 24.94938, 7.02],
			"to": [5.59303, 26.90938, 8.98],
			"rotation": {"angle": -22.5, "axis": "z", "origin": [8, 8.30484, 8]},
			"faces": {
				"north": {"uv": [11, 10.5, 11.75, 11], "texture": "#0"},
				"east": {"uv": [8.75, 11.25, 9.25, 11.75], "texture": "#0"},
				"south": {"uv": [11.75, 10.5, 11, 11], "texture": "#0"},
				"west": {"uv": [11, 11.25, 11.5, 11.75], "texture": "#0"},
				"up": {"uv": [1.75, 11.75, 1, 11.25], "texture": "#0"},
				"down": {"uv": [12, 3.5, 11.25, 4], "texture": "#0"}
			}
		},
		{
			"from": [12.83658, 19.67193, 8],
			"to": [19.69658, 27.51193, 8],
			"rotation": {"angle": 0, "axis": "z", "origin": [8, 8.30484, 8]},
			"faces": {
				"north": {"uv": [5.25, 0, 7, 2], "texture": "#0"},
				"east": {"uv": [10, 11.75, 10, 13.75], "texture": "#0"},
				"south": {"uv": [7, 0, 5.25, 2], "texture": "#0"},
				"west": {"uv": [10.25, 11.75, 10.25, 13.75], "texture": "#0"},
				"up": {"uv": [13.5, 6.75, 11.75, 6.75], "texture": "#0"},
				"down": {"uv": [13.5, 7, 11.75, 7], "texture": "#0"}
			}
		},
		{
			"from": [10.87658, 12.56693, 8],
			"to": [14.79658, 18.44693, 8],
			"rotation": {"angle": 0, "axis": "z", "origin": [8, 8.30484, 8]},
			"faces": {
				"north": {"uv": [7.25, 6.25, 8.25, 7.75], "texture": "#0"},
				"east": {"uv": [2.5, 11.5, 2.5, 13], "texture": "#0"},
				"south": {"uv": [8.25, 6.25, 7.25, 7.75], "texture": "#0"},
				"west": {"uv": [2.75, 11.5, 2.75, 13], "texture": "#0"},
				"up": {"uv": [10.5, 11.5, 9.5, 11.5], "texture": "#0"},
				"down": {"uv": [4, 11.75, 3, 11.75], "texture": "#0"}
			}
		},
		{
			"from": [18.60773, 11.82107, 7.02],
			"to": [21.54773, 15.74107, 8.98],
			"rotation": {"angle": 45, "axis": "z", "origin": [8, 8.30484, 8]},
			"faces": {
				"north": {"uv": [8.5, 8.5, 9.25, 9.5], "texture": "#0"},
				"east": {"uv": [4.25, 10.5, 4.75, 11.5], "texture": "#0"},
				"south": {"uv": [9.25, 8.5, 8.5, 9.5], "texture": "#0"},
				"west": {"uv": [10.5, 4.75, 11, 5.75], "texture": "#0"},
				"up": {"uv": [0.75, 11.25, 0, 10.75], "texture": "#0"},
				"down": {"uv": [11.5, 9, 10.75, 9.5], "texture": "#0"}
			}
		},
		{
			"from": [7.42537, 17.07018, 7.0445],
			"to": [9.38537, 20.99018, 8.9555],
			"rotation": {"angle": -22.5, "axis": "z", "origin": [8, 8.30484, 8]},
			"faces": {
				"north": {"uv": [10.25, 10.25, 10.75, 11.25], "texture": "#0"},
				"east": {"uv": [10.5, 0, 11, 1], "texture": "#0"},
				"south": {"uv": [10.75, 10.25, 10.25, 11.25], "texture": "#0"},
				"west": {"uv": [10.5, 3.5, 11, 4.5], "texture": "#0"},
				"up": {"uv": [6.25, 11.75, 5.75, 11.25], "texture": "#0"},
				"down": {"uv": [7, 11.25, 6.5, 11.75], "texture": "#0"}
			}
		},
		{
			"from": [6.61463, 17.07018, 7.0445],
			"to": [8.57463, 20.99018, 8.9555],
			"rotation": {"angle": 22.5, "axis": "z", "origin": [8, 8.30484, 8]},
			"faces": {
				"north": {"uv": [10.75, 10.25, 10.25, 11.25], "texture": "#0"},
				"east": {"uv": [11, 3.5, 10.5, 4.5], "texture": "#0"},
				"south": {"uv": [10.25, 10.25, 10.75, 11.25], "texture": "#0"},
				"west": {"uv": [11, 0, 10.5, 1], "texture": "#0"},
				"up": {"uv": [5.75, 11.75, 6.25, 11.25], "texture": "#0"},
				"down": {"uv": [6.5, 11.25, 7, 11.75], "texture": "#0"}
			}
		},
		{
			"from": [-5.54773, 11.82107, 7.02],
			"to": [-2.60773, 15.74107, 8.98],
			"rotation": {"angle": -45, "axis": "z", "origin": [8, 8.30484, 8]},
			"faces": {
				"north": {"uv": [9.25, 8.5, 8.5, 9.5], "texture": "#0"},
				"east": {"uv": [11, 4.75, 10.5, 5.75], "texture": "#0"},
				"south": {"uv": [8.5, 8.5, 9.25, 9.5], "texture": "#0"},
				"west": {"uv": [4.75, 10.5, 4.25, 11.5], "texture": "#0"},
				"up": {"uv": [0, 11.25, 0.75, 10.75], "texture": "#0"},
				"down": {"uv": [10.75, 9, 11.5, 9.5], "texture": "#0"}
			}
		},
		{
			"from": [10.40697, 24.94938, 7.02],
			"to": [13.34697, 26.90938, 8.98],
			"rotation": {"angle": 22.5, "axis": "z", "origin": [8, 8.30484, 8]},
			"faces": {
				"north": {"uv": [11.75, 10.5, 11, 11], "texture": "#0"},
				"east": {"uv": [11.5, 11.25, 11, 11.75], "texture": "#0"},
				"south": {"uv": [11, 10.5, 11.75, 11], "texture": "#0"},
				"west": {"uv": [9.25, 11.25, 8.75, 11.75], "texture": "#0"},
				"up": {"uv": [1, 11.75, 1.75, 11.25], "texture": "#0"},
				"down": {"uv": [11.25, 3.5, 12, 4], "texture": "#0"}
			}
		},
		{
			"from": [1.20342, 12.56693, 8],
			"to": [5.12342, 18.44693, 8],
			"rotation": {"angle": 0, "axis": "z", "origin": [8, 8.30484, 8]},
			"faces": {
				"north": {"uv": [8.25, 6.25, 7.25, 7.75], "texture": "#0"},
				"east": {"uv": [2.75, 11.5, 2.75, 13], "texture": "#0"},
				"south": {"uv": [7.25, 6.25, 8.25, 7.75], "texture": "#0"},
				"west": {"uv": [2.5, 11.5, 2.5, 13], "texture": "#0"},
				"up": {"uv": [9.5, 11.5, 10.5, 11.5], "texture": "#0"},
				"down": {"uv": [3, 11.75, 4, 11.75], "texture": "#0"}
			}
		},
		{
			"from": [3.86973, 25.67469, 8],
			"to": [7.78973, 31.55469, 8],
			"rotation": {"angle": 0, "axis": "z", "origin": [8, 8.30484, 8]},
			"faces": {
				"north": {"uv": [1, 8.25, 0, 9.75], "texture": "#0"},
				"east": {"uv": [4.25, 11.75, 4.25, 13.25], "texture": "#0"},
				"south": {"uv": [0, 8.25, 1, 9.75], "texture": "#0"},
				"west": {"uv": [10.75, 11.5, 10.75, 13], "texture": "#0"},
				"up": {"uv": [4.5, 11.75, 5.5, 11.75], "texture": "#0"},
				"down": {"uv": [11.75, 6, 12.75, 6], "texture": "#0"}
			}
		},
		{
			"from": [-3.69658, 19.67193, 8],
			"to": [3.16342, 27.51193, 8],
			"rotation": {"angle": 0, "axis": "z", "origin": [8, 8.30484, 8]},
			"faces": {
				"north": {"uv": [7, 0, 5.25, 2], "texture": "#0"},
				"east": {"uv": [10.25, 11.75, 10.25, 13.75], "texture": "#0"},
				"south": {"uv": [5.25, 0, 7, 2], "texture": "#0"},
				"west": {"uv": [10, 11.75, 10, 13.75], "texture": "#0"},
				"up": {"uv": [11.75, 6.75, 13.5, 6.75], "texture": "#0"},
				"down": {"uv": [11.75, 7, 13.5, 7], "texture": "#0"}
			}
		}
	],
	"gui_light": "front",
	"display": {
		"thirdperson_righthand": {
			"rotation": [0, 90, 0],
			"translation": [0, -0.5, 1.75]
		},
		"thirdperson_lefthand": {
			"rotation": [0, 90, 0],
			"translation": [0, -0.5, 1.75]
		},
		"firstperson_righthand": {
			"rotation": [0, 90, 0],
			"translation": [1.25, 0, 0.5]
		},
		"firstperson_lefthand": {
			"rotation": [0, 90, 0],
			"translation": [1.25, 0, 0.5]
		},
		"ground": {
			"rotation": [90, 0, 0]
		},
		"gui": {
			"rotation": [0, 0, -45],
			"translation": [-0.5, -0.5, 0.5],
			"scale": [0.4, 0.4, 0.4]
		},
		"fixed": {
			"rotation": [0, 180, -45],
			"translation": [0.5, -0.5, 0.5],
			"scale": [0.5, 0.5, 0.5]
		}
	}
}