{
	"credit": "Made by samus2002",
	"textures": {
		"0": "archmage:archmage_texture/void_rupture_5",
		"particle": "archmage:archmage_texture/void_rupture_5"
	},
	"elements": [
		{
			"from": [-11, 8, -11],
			"to": [27, 8, 27],
			"rotation": {"angle": 0, "axis": "y", "origin": [8, 8, 8]},
			"faces": {
				"north": {"uv": [0, 0, 16, 0], "texture": "#0"},
				"east": {"uv": [0, 0, 16, 0], "texture": "#0"},
				"south": {"uv": [0, 0, 16, 0], "texture": "#0"},
				"west": {"uv": [0, 0, 16, 0], "texture": "#0"},
				"up": {"uv": [1.75, 13.25, 13, 2.25], "texture": "#0"},
				"down": {"uv": [1.75, 2.25, 13, 13.25], "texture": "#0"}
			}
		}
	],
	"display": {
		"thirdperson_righthand": {
			"rotation": [90, 27, 0],
			"translation": [-2.75, -4.75, -11.25],
			"scale": [3, 3, 3]
		},
		"head": {
			"rotation": [0, -71, 0],
			"translation": [-4.25, -43.75, 0.5],
			"scale": [4, 4, 4]
		}
	}
}