{"textures":{"0":"modelengine:entity/chest_ice"},"elements":[{"from":[7.142857,6.857143,7.142857],"to":[8.857143,9.142858,8.857143],"rotation":{"angle":0.0,"axis":"y","origin":[6.5714283,8.0,12.285715]},"faces":{"east":{"uv":[9.5,10.75,10.25,11.75],"rotation":0,"texture":"#0","tintindex":0},"south":{"uv":[11.0,0.0,11.75,1.0],"rotation":0,"texture":"#0","tintindex":0},"north":{"uv":[8.5,10.75,9.25,11.75],"rotation":0,"texture":"#0","tintindex":0},"west":{"uv":[11.0,1.25,11.75,2.25],"rotation":0,"texture":"#0","tintindex":0},"up":{"uv":[11.75,3.25,11.0,2.5],"rotation":0,"texture":"#0","tintindex":0},"down":{"uv":[11.75,3.5,11.0,4.25],"rotation":0,"texture":"#0","tintindex":0}}}],"display":{"head":{"translation":[0.0,-6.4,0.0],"scale":[4.0,4.0,4.0]}}}