{"textures":{"0":"modelengine:entity/chest_ice"},"elements":[{"from":[3.7142854,8.0,1.4285712],"to":[12.285715,11.428572,8.857143],"rotation":{"angle":0.0,"axis":"y","origin":[6.5714283,8.571428,6.0]},"faces":{"east":{"uv":[7.5,3.5,10.75,5.0],"rotation":0,"texture":"#0","tintindex":0},"south":{"uv":[0.0,7.0,3.75,8.5],"rotation":0,"texture":"#0","tintindex":0},"north":{"uv":[4.0,6.0,7.75,7.5],"rotation":0,"texture":"#0","tintindex":0},"west":{"uv":[4.0,7.75,7.25,9.25],"rotation":0,"texture":"#0","tintindex":0},"up":{"uv":[3.75,3.25,0.0,0.0],"rotation":0,"texture":"#0","tintindex":0},"down":{"uv":[3.75,3.5,0.0,6.75],"rotation":0,"texture":"#0","tintindex":0}}},{"from":[8.877448,9.930675,4.5714283],"to":[10.591734,13.359245,6.285714],"rotation":{"angle":-22.5,"axis":"z","origin":[12.020306,11.64496,4.8571424]},"faces":{"east":{"uv":[10.5,8.75,11.25,10.25],"rotation":0,"texture":"#0","tintindex":0},"south":{"uv":[10.5,10.5,11.25,12.0],"rotation":0,"texture":"#0","tintindex":0},"north":{"uv":[10.5,7.0,11.25,8.5],"rotation":0,"texture":"#0","tintindex":0},"west":{"uv":[3.5,10.75,4.25,12.25],"rotation":0,"texture":"#0","tintindex":0},"up":{"uv":[11.75,5.25,11.0,4.5],"rotation":0,"texture":"#0","tintindex":0},"down":{"uv":[11.75,5.5,11.0,6.25],"rotation":0,"texture":"#0","tintindex":0}}},{"from":[10.789859,10.490333,4.0],"to":[11.932715,12.776047,5.142857],"rotation":{"angle":-45.0,"axis":"z","origin":[11.647001,11.490333,4.5714283]},"faces":{"east":{"uv":[2.75,11.25,3.25,12.25],"rotation":0,"texture":"#0","tintindex":0},"south":{"uv":[11.5,6.5,12.0,7.5],"rotation":0,"texture":"#0","tintindex":0},"north":{"uv":[2.0,11.25,2.5,12.25],"rotation":0,"texture":"#0","tintindex":0},"west":{"uv":[11.5,7.75,12.0,8.75],"rotation":0,"texture":"#0","tintindex":0},"up":{"uv":[8.5,7.5,8.0,7.0],"rotation":0,"texture":"#0","tintindex":0},"down":{"uv":[9.25,7.0,8.75,7.5],"rotation":0,"texture":"#0","tintindex":0}}},{"from":[5.408266,9.930675,4.5714283],"to":[7.122552,13.359245,6.285714],"rotation":{"angle":22.5,"axis":"z","origin":[3.9796948,11.64496,4.8571424]},"faces":{"east":{"uv":[5.5,10.75,6.25,12.25],"rotation":0,"texture":"#0","tintindex":0},"south":{"uv":[6.5,10.75,7.25,12.25],"rotation":0,"texture":"#0","tintindex":0},"north":{"uv":[4.5,10.75,5.25,12.25],"rotation":0,"texture":"#0","tintindex":0},"west":{"uv":[7.5,10.75,8.25,12.25],"rotation":0,"texture":"#0","tintindex":0},"up":{"uv":[0.75,12.0,0.0,11.25],"rotation":0,"texture":"#0","tintindex":0},"down":{"uv":[1.75,11.25,1.0,12.0],"rotation":0,"texture":"#0","tintindex":0}}},{"from":[4.0672846,10.490333,4.0],"to":[5.210141,12.776047,5.142857],"rotation":{"angle":45.0,"axis":"z","origin":[4.3529987,11.490333,4.5714283]},"faces":{"east":{"uv":[11.5,10.25,12.0,11.25],"rotation":0,"texture":"#0","tintindex":0},"south":{"uv":[11.5,11.5,12.0,12.5],"rotation":0,"texture":"#0","tintindex":0},"north":{"uv":[11.5,9.0,12.0,10.0],"rotation":0,"texture":"#0","tintindex":0},"west":{"uv":[12.0,0.0,12.5,1.0],"rotation":0,"texture":"#0","tintindex":0},"up":{"uv":[10.0,7.5,9.5,7.0],"rotation":0,"texture":"#0","tintindex":0},"down":{"uv":[12.5,1.25,12.0,1.75],"rotation":0,"texture":"#0","tintindex":0}}},{"from":[12.285715,11.428572,1.4285712],"to":[12.285715,13.714286,8.857143],"rotation":{"angle":0.0,"axis":"y","origin":[5.714286,8.571428,6.0]},"faces":{"east":{"uv":[7.0,9.5,10.25,10.5],"rotation":0,"texture":"#0","tintindex":0},"south":{"uv":[9.0,12.0,9.0,13.0],"rotation":0,"texture":"#0","tintindex":0},"north":{"uv":[12.0,4.5,12.0,5.5],"rotation":0,"texture":"#0","tintindex":0},"west":{"uv":[10.25,9.5,7.0,10.5],"rotation":0,"texture":"#0","tintindex":0},"up":{"uv":[9.25,15.25,9.25,12.0],"rotation":0,"texture":"#0","tintindex":0},"down":{"uv":[9.5,12.0,9.5,15.25],"rotation":0,"texture":"#0","tintindex":0}}},{"from":[3.7142854,11.428572,1.4285712],"to":[3.7142854,13.714286,8.857143],"rotation":{"angle":0.0,"axis":"y","origin":[10.285714,8.571428,6.0]},"faces":{"east":{"uv":[7.0,9.5,10.25,10.5],"rotation":0,"texture":"#0","tintindex":0},"south":{"uv":[9.0,12.0,9.0,13.0],"rotation":0,"texture":"#0","tintindex":0},"north":{"uv":[12.0,4.5,12.0,5.5],"rotation":0,"texture":"#0","tintindex":0},"west":{"uv":[10.25,9.5,7.0,10.5],"rotation":0,"texture":"#0","tintindex":0},"up":{"uv":[9.25,15.25,9.25,12.0],"rotation":0,"texture":"#0","tintindex":0},"down":{"uv":[9.5,12.0,9.5,15.25],"rotation":0,"texture":"#0","tintindex":0}}}],"display":{"head":{"translation":[0.0,-6.4,0.0],"scale":[4.0,4.0,4.0]}}}