{
  "model": {
    "type": "minecraft:composite",
    "models": [
      {
        "type": "minecraft:select",
        "cases": [
          {
            "when": "blank",
            "model": {
              "type": "minecraft:model",
              "model": "tcc:block/decorated_pot/prismarine/side/blank/north"
            }
          },
          {
            "when": "artifact",
            "model": {
              "type": "minecraft:model",
              "model": "tcc:block/decorated_pot/prismarine/side/artifact/north"
            }
          },
          {
            "when": "catch",
            "model": {
              "type": "minecraft:model",
              "model": "tcc:block/decorated_pot/prismarine/side/catch/north"
            }
          },
          {
            "when": "idol",
            "model": {
              "type": "minecraft:model",
              "model": "tcc:block/decorated_pot/prismarine/side/idol/north"
            }
          },
          {
            "when": "ink",
            "model": {
              "type": "minecraft:model",
              "model": "tcc:block/decorated_pot/prismarine/side/ink/north"
            }
          },
          {
            "when": "pickle",
            "model": {
              "type": "minecraft:model",
              "model": "tcc:block/decorated_pot/prismarine/side/pickle/north"
            }
          },
          {
            "when": "protector",
            "model": {
              "type": "minecraft:model",
              "model": "tcc:block/decorated_pot/prismarine/side/protector/north"
            }
          },
          {
            "when": "reef",
            "model": {
              "type": "minecraft:model",
              "model": "tcc:block/decorated_pot/prismarine/side/reef/north"
            }
          },
          {
            "when": "shell",
            "model": {
              "type": "minecraft:model",
              "model": "tcc:block/decorated_pot/prismarine/side/shell/north"
            }
          },
          {
            "when": "turtle",
            "model": {
              "type": "minecraft:model",
              "model": "tcc:block/decorated_pot/prismarine/side/turtle/north"
            }
          },
          {
            "when": "voyager",
            "model": {
              "type": "minecraft:model",
              "model": "tcc:block/decorated_pot/prismarine/side/voyager/north"
            }
          }
        ],
        "property": "minecraft:custom_model_data",
        "index": 0,
        "fallback": {
          "type": "minecraft:model",
          "model": "tcc:block/decorated_pot/prismarine/side/blank/north"
        }
      },
      {
        "type": "minecraft:select",
        "cases": [
          {
            "when": "blank",
            "model": {
              "type": "minecraft:model",
              "model": "tcc:block/decorated_pot/prismarine/side/blank/east"
            }
          },
          {
            "when": "artifact",
            "model": {
              "type": "minecraft:model",
              "model": "tcc:block/decorated_pot/prismarine/side/artifact/east"
            }
          },
          {
            "when": "catch",
            "model": {
              "type": "minecraft:model",
              "model": "tcc:block/decorated_pot/prismarine/side/catch/east"
            }
          },
          {
            "when": "idol",
            "model": {
              "type": "minecraft:model",
              "model": "tcc:block/decorated_pot/prismarine/side/idol/east"
            }
          },
          {
            "when": "ink",
            "model": {
              "type": "minecraft:model",
              "model": "tcc:block/decorated_pot/prismarine/side/ink/east"
            }
          },
          {
            "when": "pickle",
            "model": {
              "type": "minecraft:model",
              "model": "tcc:block/decorated_pot/prismarine/side/pickle/east"
            }
          },
          {
            "when": "protector",
            "model": {
              "type": "minecraft:model",
              "model": "tcc:block/decorated_pot/prismarine/side/protector/east"
            }
          },
          {
            "when": "reef",
            "model": {
              "type": "minecraft:model",
              "model": "tcc:block/decorated_pot/prismarine/side/reef/east"
            }
          },
          {
            "when": "shell",
            "model": {
              "type": "minecraft:model",
              "model": "tcc:block/decorated_pot/prismarine/side/shell/east"
            }
          },
          {
            "when": "turtle",
            "model": {
              "type": "minecraft:model",
              "model": "tcc:block/decorated_pot/prismarine/side/turtle/east"
            }
          },
          {
            "when": "voyager",
            "model": {
              "type": "minecraft:model",
              "model": "tcc:block/decorated_pot/prismarine/side/voyager/east"
            }
          }
        ],
        "property": "minecraft:custom_model_data",
        "index": 1,
        "fallback": {
          "type": "minecraft:model",
          "model": "tcc:block/decorated_pot/prismarine/side/blank/east"
        }
      },
      {
        "type": "minecraft:select",
        "cases": [
          {
            "when": "blank",
            "model": {
              "type": "minecraft:model",
              "model": "tcc:block/decorated_pot/prismarine/side/blank/south"
            }
          },
          {
            "when": "artifact",
            "model": {
              "type": "minecraft:model",
              "model": "tcc:block/decorated_pot/prismarine/side/artifact/south"
            }
          },
          {
            "when": "catch",
            "model": {
              "type": "minecraft:model",
              "model": "tcc:block/decorated_pot/prismarine/side/catch/south"
            }
          },
          {
            "when": "idol",
            "model": {
              "type": "minecraft:model",
              "model": "tcc:block/decorated_pot/prismarine/side/idol/south"
            }
          },
          {
            "when": "ink",
            "model": {
              "type": "minecraft:model",
              "model": "tcc:block/decorated_pot/prismarine/side/ink/south"
            }
          },
          {
            "when": "pickle",
            "model": {
              "type": "minecraft:model",
              "model": "tcc:block/decorated_pot/prismarine/side/pickle/south"
            }
          },
          {
            "when": "protector",
            "model": {
              "type": "minecraft:model",
              "model": "tcc:block/decorated_pot/prismarine/side/protector/south"
            }
          },
          {
            "when": "reef",
            "model": {
              "type": "minecraft:model",
              "model": "tcc:block/decorated_pot/prismarine/side/reef/south"
            }
          },
          {
            "when": "shell",
            "model": {
              "type": "minecraft:model",
              "model": "tcc:block/decorated_pot/prismarine/side/shell/south"
            }
          },
          {
            "when": "turtle",
            "model": {
              "type": "minecraft:model",
              "model": "tcc:block/decorated_pot/prismarine/side/turtle/south"
            }
          },
          {
            "when": "voyager",
            "model": {
              "type": "minecraft:model",
              "model": "tcc:block/decorated_pot/prismarine/side/voyager/south"
            }
          }
        ],
        "property": "minecraft:custom_model_data",
        "index": 2,
        "fallback": {
          "type": "minecraft:model",
          "model": "tcc:block/decorated_pot/prismarine/side/blank/south"
        }
      },
      {
        "type": "minecraft:select",
        "cases": [
          {
            "when": "blank",
            "model": {
              "type": "minecraft:model",
              "model": "tcc:block/decorated_pot/prismarine/side/blank/west"
            }
          },
          {
            "when": "artifact",
            "model": {
              "type": "minecraft:model",
              "model": "tcc:block/decorated_pot/prismarine/side/artifact/west"
            }
          },
          {
            "when": "catch",
            "model": {
              "type": "minecraft:model",
              "model": "tcc:block/decorated_pot/prismarine/side/catch/west"
            }
          },
          {
            "when": "idol",
            "model": {
              "type": "minecraft:model",
              "model": "tcc:block/decorated_pot/prismarine/side/idol/west"
            }
          },
          {
            "when": "ink",
            "model": {
              "type": "minecraft:model",
              "model": "tcc:block/decorated_pot/prismarine/side/ink/west"
            }
          },
          {
            "when": "pickle",
            "model": {
              "type": "minecraft:model",
              "model": "tcc:block/decorated_pot/prismarine/side/pickle/west"
            }
          },
          {
            "when": "protector",
            "model": {
              "type": "minecraft:model",
              "model": "tcc:block/decorated_pot/prismarine/side/protector/west"
            }
          },
          {
            "when": "reef",
            "model": {
              "type": "minecraft:model",
              "model": "tcc:block/decorated_pot/prismarine/side/reef/west"
            }
          },
          {
            "when": "shell",
            "model": {
              "type": "minecraft:model",
              "model": "tcc:block/decorated_pot/prismarine/side/shell/west"
            }
          },
          {
            "when": "turtle",
            "model": {
              "type": "minecraft:model",
              "model": "tcc:block/decorated_pot/prismarine/side/turtle/west"
            }
          },
          {
            "when": "voyager",
            "model": {
              "type": "minecraft:model",
              "model": "tcc:block/decorated_pot/prismarine/side/voyager/west"
            }
          }
        ],
        "property": "minecraft:custom_model_data",
        "index": 3,
        "fallback": {
          "type": "minecraft:model",
          "model": "tcc:block/decorated_pot/prismarine/side/blank/west"
        }
      },
      {
        "type": "minecraft:model",
        "model": "tcc:block/decorated_pot/prismarine/base"
      }
    ]
  }
}