{
  "model": {
    "type": "minecraft:select",
    "property": "minecraft:custom_model_data",
    "cases": [
      {
        "when": "north",
        "model": {
          "type": "minecraft:condition",
          "property": "minecraft:custom_model_data",
          "on_false": {
            "type": "minecraft:model",
            "model": "tcc:block/soul_conductor/north"
          },
          "on_true": {
            "type": "minecraft:model",
            "model": "tcc:block/soul_conductor/north_disabled"
          }
        }
      },
      {
        "when": "east",
        "model": {
          "type": "minecraft:condition",
          "property": "minecraft:custom_model_data",
          "on_false": {
            "type": "minecraft:model",
            "model": "tcc:block/soul_conductor/east"
          },
          "on_true": {
            "type": "minecraft:model",
            "model": "tcc:block/soul_conductor/east_disabled"
          }
        }
      },
      {
        "when": "south",
        "model": {
          "type": "minecraft:condition",
          "property": "minecraft:custom_model_data",
          "on_false": {
            "type": "minecraft:model",
            "model": "tcc:block/soul_conductor/south"
          },
          "on_true": {
            "type": "minecraft:model",
            "model": "tcc:block/soul_conductor/south_disabled"
          }
        }
      },
      {
        "when": "west",
        "model": {
          "type": "minecraft:condition",
          "property": "minecraft:custom_model_data",
          "on_false": {
            "type": "minecraft:model",
            "model": "tcc:block/soul_conductor/west"
          },
          "on_true": {
            "type": "minecraft:model",
            "model": "tcc:block/soul_conductor/west_disabled"
          }
        }
      },
      {
        "when": "up",
        "model": {
          "type": "minecraft:condition",
          "property": "minecraft:custom_model_data",
          "on_false": {
            "type": "minecraft:model",
            "model": "tcc:block/soul_conductor/up"
          },
          "on_true": {
            "type": "minecraft:model",
            "model": "tcc:block/soul_conductor/up_disabled"
          }
        }
      },
      {
        "when": "down",
        "model": {
          "type": "minecraft:condition",
          "property": "minecraft:custom_model_data",
          "on_false": {
            "type": "minecraft:model",
            "model": "tcc:block/soul_conductor/down"
          },
          "on_true": {
            "type": "minecraft:model",
            "model": "tcc:block/soul_conductor/down_disabled"
          }
        }
      }
    ]
  }
}