{"textures":{"0":"modelengine:entity/wild_berry"},"elements":[{"from":[5.049369,8.037535,8.342857],"to":[10.763655,16.037535,8.342857],"rotation":{"angle":0.0,"axis":"y","origin":[7.9065123,12.037535,8.342857]},"faces":{"east":{"uv":[5.0,6.25,5.0,9.75],"rotation":0,"texture":"#0","tintindex":0},"south":{"uv":[2.5,0.0,0.0,3.5],"rotation":0,"texture":"#0","tintindex":0},"north":{"uv":[0.0,0.0,2.5,3.5],"rotation":0,"texture":"#0","tintindex":0},"west":{"uv":[6.25,5.0,6.25,8.5],"rotation":0,"texture":"#0","tintindex":0},"up":{"uv":[9.0,5.0,6.5,5.0],"rotation":0,"texture":"#0","tintindex":0},"down":{"uv":[9.0,5.25,6.5,5.25],"rotation":0,"texture":"#0","tintindex":0}}},{"from":[7.9065123,8.037535,5.485714],"to":[7.9065123,16.037535,11.2],"rotation":{"angle":0.0,"axis":"y","origin":[7.9065123,12.037535,8.342857]},"faces":{"east":{"uv":[2.5,0.0,0.0,3.5],"rotation":0,"texture":"#0","tintindex":0},"south":{"uv":[6.25,5.0,6.25,8.5],"rotation":0,"texture":"#0","tintindex":0},"north":{"uv":[5.0,6.25,5.0,9.75],"rotation":0,"texture":"#0","tintindex":0},"west":{"uv":[0.0,0.0,2.5,3.5],"rotation":0,"texture":"#0","tintindex":0},"up":{"uv":[9.0,5.0,6.5,5.0],"rotation":270,"texture":"#0","tintindex":0},"down":{"uv":[9.0,5.25,6.5,5.25],"rotation":90,"texture":"#0","tintindex":0}}},{"from":[7.7636547,12.751821,4.9142857],"to":[10.04937,15.037535,7.2],"rotation":{"angle":45.0,"axis":"z","origin":[9.049369,13.751821,6.6285715]},"faces":{"east":{"uv":[3.75,5.0,4.75,6.0],"rotation":0,"texture":"#0","tintindex":0},"south":{"uv":[5.0,3.75,6.0,4.75],"rotation":0,"texture":"#0","tintindex":0},"north":{"uv":[2.5,5.0,3.5,6.0],"rotation":0,"texture":"#0","tintindex":0},"west":{"uv":[5.0,5.0,6.0,6.0],"rotation":0,"texture":"#0","tintindex":0},"up":{"uv":[6.5,1.0,5.5,0.0],"rotation":0,"texture":"#0","tintindex":0},"down":{"uv":[6.5,1.25,5.5,2.25],"rotation":0,"texture":"#0","tintindex":0}}},{"from":[3.362567,10.323249,4.4092093],"to":[5.648282,12.608963,6.6949234],"rotation":{"angle":45.0,"axis":"y","origin":[8.076853,11.323249,6.123495]},"faces":{"east":{"uv":[3.75,5.0,4.75,6.0],"rotation":0,"texture":"#0","tintindex":0},"south":{"uv":[5.0,3.75,6.0,4.75],"rotation":0,"texture":"#0","tintindex":0},"north":{"uv":[2.5,5.0,3.5,6.0],"rotation":0,"texture":"#0","tintindex":0},"west":{"uv":[5.0,5.0,6.0,6.0],"rotation":0,"texture":"#0","tintindex":0},"up":{"uv":[6.5,1.0,5.5,0.0],"rotation":0,"texture":"#0","tintindex":0},"down":{"uv":[6.5,1.25,5.5,2.25],"rotation":0,"texture":"#0","tintindex":0}}},{"from":[9.049369,8.610195,8.97469],"to":[11.335084,10.895909,11.260406],"rotation":{"angle":-45.0,"axis":"x","origin":[13.763655,9.610195,6.6889763]},"faces":{"east":{"uv":[3.75,5.0,4.75,6.0],"rotation":0,"texture":"#0","tintindex":0},"south":{"uv":[5.0,3.75,6.0,4.75],"rotation":0,"texture":"#0","tintindex":0},"north":{"uv":[5.0,4.75,6.0,3.75],"rotation":0,"texture":"#0","tintindex":0},"west":{"uv":[3.75,6.0,4.75,5.0],"rotation":0,"texture":"#0","tintindex":0},"up":{"uv":[5.5,1.25,6.5,2.25],"rotation":0,"texture":"#0","tintindex":0},"down":{"uv":[6.5,1.25,5.5,2.25],"rotation":0,"texture":"#0","tintindex":0}}}],"display":{"head":{"translation":[0.0,-6.4,0.0],"scale":[4.0,4.0,4.0]}}}