{
	"credit": "Made by samus2002",
	"texture_size": [64, 64],
	"textures": {
		"1": "rpg_essentials_2_texture/potion_superior"
	},
	"elements": [
		{
			"from": [4, 2.5, 4],
			"to": [12, 10.5, 12],
			"rotation": {"angle": 0, "axis": "y", "origin": [6.5, 7, 7.5]},
			"faces": {
				"north": {"uv": [2.5, 5, 4.5, 7], "texture": "#1"},
				"east": {"uv": [4.5, 5, 2.5, 7], "texture": "#1"},
				"south": {"uv": [2.5, 5, 4.5, 7], "texture": "#1"},
				"west": {"uv": [4.5, 5, 2.5, 7], "texture": "#1"},
				"up": {"uv": [9, 9, 7, 7], "texture": "#1"},
				"down": {"uv": [4.5, 7.25, 2.5, 9.25], "texture": "#1"}
			}
		},
		{
			"from": [3.5, 2, 3.5],
			"to": [12.5, 11, 12.5],
			"rotation": {"angle": 0, "axis": "y", "origin": [6.5, 7, 7.5]},
			"faces": {
				"north": {"uv": [0, 0, 2.25, 2.25], "texture": "#1"},
				"east": {"uv": [0, 2.5, 2.25, 4.75], "texture": "#1"},
				"south": {"uv": [2.5, 0, 4.75, 2.25], "texture": "#1"},
				"west": {"uv": [2.5, 2.5, 4.75, 4.75], "texture": "#1"},
				"up": {"uv": [2.25, 7.25, 0, 5], "texture": "#1"},
				"down": {"uv": [7.25, 0, 5, 2.25], "texture": "#1"}
			}
		},
		{
			"from": [5.5, 10, 5.5],
			"to": [10.5, 14, 10.5],
			"rotation": {"angle": 0, "axis": "y", "origin": [6.5, 7, 6.5]},
			"faces": {
				"north": {"uv": [8.75, 1.5, 10, 2.5], "texture": "#1"},
				"east": {"uv": [8.75, 2.75, 10, 3.75], "texture": "#1"},
				"south": {"uv": [4.75, 8.75, 6, 9.75], "texture": "#1"},
				"west": {"uv": [0, 9, 1.25, 10], "texture": "#1"},
				"up": {"uv": [8.5, 3.75, 7.25, 2.5], "texture": "#1"},
				"down": {"uv": [6, 7.25, 4.75, 8.5], "texture": "#1"}
			}
		},
		{
			"from": [5.5, 14, 5.5],
			"to": [10.5, 16, 10.5],
			"rotation": {"angle": 0, "axis": "y", "origin": [6.5, 7, 6.5]},
			"faces": {
				"north": {"uv": [7.25, 4, 8.5, 4.5], "texture": "#1"},
				"east": {"uv": [9.25, 7.75, 10.5, 8.25], "texture": "#1"},
				"south": {"uv": [9.25, 8.5, 10.5, 9], "texture": "#1"},
				"west": {"uv": [8.75, 9.25, 10, 9.75], "texture": "#1"},
				"up": {"uv": [1.25, 8.75, 0, 7.5], "texture": "#1"},
				"down": {"uv": [8.75, 0, 7.5, 1.25], "texture": "#1"}
			}
		},
		{
			"from": [6, 9, 6],
			"to": [10, 13, 10],
			"rotation": {"angle": 0, "axis": "y", "origin": [6.5, 7, 6.5]},
			"faces": {
				"north": {"uv": [9, 0, 10, 1], "texture": "#1"},
				"east": {"uv": [9.25, 4, 10.25, 5], "texture": "#1"},
				"south": {"uv": [9.25, 5.25, 10.25, 6.25], "texture": "#1"},
				"west": {"uv": [6.25, 9.25, 7.25, 10.25], "texture": "#1"},
				"up": {"uv": [10.25, 7.5, 9.25, 6.5], "texture": "#1"},
				"down": {"uv": [8.5, 9.25, 7.5, 10.25], "texture": "#1"}
			}
		}
	],
	"gui_light": "front",
	"display": {
		"thirdperson_righthand": {
			"translation": [0, -3.75, 2],
			"scale": [0.6, 0.6, 0.6]
		},
		"thirdperson_lefthand": {
			"translation": [0, -3.75, 2],
			"scale": [0.6, 0.6, 0.6]
		},
		"firstperson_righthand": {
			"translation": [-0.25, 3, 0.75],
			"scale": [0.7, 0.7, 0.7]
		},
		"firstperson_lefthand": {
			"translation": [-0.25, 3, 0.75],
			"scale": [0.7, 0.7, 0.7]
		},
		"ground": {
			"translation": [0, 1.5, 0],
			"scale": [0.6, 0.6, 0.6]
		},
		"gui": {
			"rotation": [18, 46, 0],
			"translation": [0.25, -0.5, 2],
			"scale": [0.9, 0.9, 0.9]
		},
		"fixed": {
			"translation": [-0.25, -1.5, 1.25],
			"scale": [1.2, 1.2, 1.2]
		}
	}
}