{
	"credit": "Made by samus2002",
	"texture_size": [64, 64],
	"textures": {
		"2": "rpg_essentials_2_texture/potion_eternal",
		"particle": "rpg_essentials_2_texture/potion_eternal"
	},
	"elements": [
		{
			"from": [3.5, 2.5, 3.5],
			"to": [12.5, 12.5, 12.5],
			"rotation": {"angle": 0, "axis": "y", "origin": [6, 7, 8]},
			"faces": {
				"north": {"uv": [5.5, 6, 7.75, 8.5], "texture": "#2"},
				"east": {"uv": [7.75, 6, 5.5, 8.5], "texture": "#2"},
				"south": {"uv": [5.5, 6, 7.75, 8.5], "texture": "#2"},
				"west": {"uv": [7.75, 6, 5.5, 8.5], "texture": "#2"},
				"up": {"uv": [2.25, 11, 0, 8.75], "texture": "#2"},
				"down": {"uv": [4.75, 8.75, 2.5, 11], "texture": "#2"}
			}
		},
		{
			"from": [3, 2, 3],
			"to": [13, 13, 13],
			"rotation": {"angle": 0, "axis": "y", "origin": [6, 7, 8]},
			"faces": {
				"north": {"uv": [3, 0, 5.5, 2.75], "texture": "#2"},
				"east": {"uv": [3, 3, 5.5, 5.75], "texture": "#2"},
				"south": {"uv": [5.75, 0, 8.25, 2.75], "texture": "#2"},
				"west": {"uv": [5.75, 3, 8.25, 5.75], "texture": "#2"},
				"up": {"uv": [2.5, 8.5, 0, 6], "texture": "#2"},
				"down": {"uv": [5.25, 6, 2.75, 8.5], "texture": "#2"}
			}
		},
		{
			"from": [2.5, 6, 2.5],
			"to": [13.5, 8, 13.5],
			"rotation": {"angle": 0, "axis": "y", "origin": [5.5, 7, 8.5]},
			"faces": {
				"north": {"uv": [5, 10.25, 7.75, 10.75], "texture": "#2"},
				"east": {"uv": [8, 10.25, 10.75, 10.75], "texture": "#2"},
				"south": {"uv": [10.5, 5.5, 13.25, 6], "texture": "#2"},
				"west": {"uv": [10.5, 6.25, 13.25, 6.75], "texture": "#2"},
				"up": {"uv": [2.75, 2.75, 0, 0], "texture": "#2"},
				"down": {"uv": [2.75, 3, 0, 5.75], "texture": "#2"}
			}
		},
		{
			"from": [5.5, 12, 5.5],
			"to": [10.5, 16, 10.5],
			"rotation": {"angle": 0, "axis": "y", "origin": [6.5, 7, 6.5]},
			"faces": {
				"north": {"uv": [10.5, 7, 11.75, 8], "texture": "#2"},
				"east": {"uv": [11, 0, 12.25, 1], "texture": "#2"},
				"south": {"uv": [11, 1.25, 12.25, 2.25], "texture": "#2"},
				"west": {"uv": [11, 2.5, 12.25, 3.5], "texture": "#2"},
				"up": {"uv": [6.25, 10, 5, 8.75], "texture": "#2"},
				"down": {"uv": [7.75, 8.75, 6.5, 10], "texture": "#2"}
			}
		},
		{
			"from": [5.5, 16, 5.5],
			"to": [10.5, 18, 10.5],
			"rotation": {"angle": 0, "axis": "y", "origin": [6.5, 7, 6.5]},
			"faces": {
				"north": {"uv": [11, 9.5, 12.25, 10], "texture": "#2"},
				"east": {"uv": [10, 11, 11.25, 11.5], "texture": "#2"},
				"south": {"uv": [11, 10.25, 12.25, 10.75], "texture": "#2"},
				"west": {"uv": [0, 11.25, 1.25, 11.75], "texture": "#2"},
				"up": {"uv": [9.25, 10, 8, 8.75], "texture": "#2"},
				"down": {"uv": [10.75, 8.75, 9.5, 10], "texture": "#2"}
			}
		},
		{
			"from": [6, 11, 6],
			"to": [10, 15, 10],
			"rotation": {"angle": 0, "axis": "y", "origin": [6.5, 7, 6.5]},
			"faces": {
				"north": {"uv": [11, 3.75, 12, 4.75], "texture": "#2"},
				"east": {"uv": [5, 11, 6, 12], "texture": "#2"},
				"south": {"uv": [6.25, 11, 7.25, 12], "texture": "#2"},
				"west": {"uv": [7.5, 11, 8.5, 12], "texture": "#2"},
				"up": {"uv": [12, 9.25, 11, 8.25], "texture": "#2"},
				"down": {"uv": [9.75, 11, 8.75, 12], "texture": "#2"}
			}
		}
	],
	"gui_light": "front",
	"display": {
		"thirdperson_righthand": {
			"translation": [0, -5, 2],
			"scale": [0.6, 0.6, 0.6]
		},
		"thirdperson_lefthand": {
			"translation": [0, -5, 2],
			"scale": [0.6, 0.6, 0.6]
		},
		"firstperson_righthand": {
			"translation": [0.5, 1.75, -0.75],
			"scale": [0.7, 0.7, 0.7]
		},
		"firstperson_lefthand": {
			"translation": [0.5, 1.75, -0.75],
			"scale": [0.7, 0.7, 0.7]
		},
		"ground": {
			"translation": [0, 1, 0],
			"scale": [0.6, 0.6, 0.6]
		},
		"gui": {
			"rotation": [18, 46, 0],
			"translation": [0.25, -1.25, 2],
			"scale": [0.8, 0.8, 0.8]
		},
		"fixed": {
			"translation": [-0.25, -2, 1.25],
			"scale": [1.1, 1.1, 1.1]
		}
	}
}