{
	"credit": "Made by samus2002",
	"texture_size": [32, 32],
	"textures": {
		"0": "rpg_essentials_2_texture/shamrock",
		"particle": "rpg_essentials_2_texture/shamrock"
	},
	"elements": [
		{
			"from": [4.64451, 9.775, 8.35436],
			"to": [9.64451, 9.775, 14.35436],
			"rotation": {"angle": -22.5, "axis": "y", "origin": [8, 8, 8]},
			"faces": {
				"north": {"uv": [7.5, 7.5, 10, 7.5], "texture": "#0"},
				"east": {"uv": [2.5, 8, 5.5, 8], "texture": "#0"},
				"south": {"uv": [7.5, 8, 10, 8], "texture": "#0"},
				"west": {"uv": [2.5, 8.5, 5.5, 8.5], "texture": "#0"},
				"up": {"uv": [2.5, 0, 0, 3], "texture": "#0"},
				"down": {"uv": [2.5, 3, 0, 0], "texture": "#0"}
			}
		},
		{
			"from": [7.07403, 9.75, 5.5],
			"to": [13.07403, 9.75, 10.5],
			"rotation": {"angle": 0, "axis": "y", "origin": [8, 8, 8]},
			"faces": {
				"north": {"uv": [7.5, 7, 10.5, 7], "texture": "#0"},
				"east": {"uv": [2.5, 7.5, 5, 7.5], "texture": "#0"},
				"south": {"uv": [7.5, 6, 10.5, 6], "texture": "#0"},
				"west": {"uv": [7.5, 6.5, 10, 6.5], "texture": "#0"},
				"up": {"uv": [2.5, 3, 0, 0], "rotation": 90, "texture": "#0"},
				"down": {"uv": [2.5, 0, 0, 3], "rotation": 270, "texture": "#0"}
			}
		},
		{
			"from": [4.64451, 9.725, 1.64564],
			"to": [9.64451, 9.725, 7.64564],
			"rotation": {"angle": 22.5, "axis": "y", "origin": [8, 8, 8]},
			"faces": {
				"north": {"uv": [2.5, 7.5, 5, 7.5], "texture": "#0"},
				"east": {"uv": [7.5, 6, 10.5, 6], "texture": "#0"},
				"south": {"uv": [7.5, 6.5, 10, 6.5], "texture": "#0"},
				"west": {"uv": [7.5, 7, 10.5, 7], "texture": "#0"},
				"up": {"uv": [2.5, 3, 0, 0], "texture": "#0"},
				"down": {"uv": [2.5, 0, 0, 3], "texture": "#0"}
			}
		},
		{
			"from": [6.57403, 2.725, 8],
			"to": [7.57403, 9.725, 8],
			"rotation": {"angle": 0, "axis": "y", "origin": [8, 8, 8]},
			"faces": {
				"north": {"uv": [6, 6, 6.5, 9.5], "texture": "#0"},
				"east": {"uv": [1.5, 7, 1.5, 10.5], "texture": "#0"},
				"south": {"uv": [6.5, 6, 6, 9.5], "texture": "#0"},
				"west": {"uv": [2, 7, 2, 10.5], "texture": "#0"},
				"up": {"uv": [3.5, 7, 2.5, 7], "texture": "#0"},
				"down": {"uv": [5, 7, 4, 7], "texture": "#0"}
			}
		}
	],
	"gui_light": "front",
	"display": {
		"thirdperson_righthand": {
			"translation": [0.5, -0.5, 1.5],
			"scale": [0.7, 0.7, 0.7]
		},
		"thirdperson_lefthand": {
			"translation": [-0.5, -0.5, 1.5],
			"scale": [0.7, 0.7, 0.7]
		},
		"firstperson_righthand": {
			"rotation": [8, 0, 0],
			"translation": [0.5, 1.75, 1.5],
			"scale": [0.7, 0.7, 0.7]
		},
		"firstperson_lefthand": {
			"rotation": [8, 0, 0],
			"translation": [0.5, 1.75, 1.5],
			"scale": [0.7, 0.7, 0.7]
		},
		"ground": {
			"scale": [0.7, 0.7, 0.7]
		},
		"gui": {
			"rotation": [37, -36, 0],
			"translation": [0.75, -1, 0]
		},
		"fixed": {
			"rotation": [-21, -36, 0],
			"translation": [0.75, 1, -2.5]
		}
	}
}