{"textures":{"0":"modelengine:entity/pebbles"},"elements":[{"from":[8.285714,7.714286,5.285714],"to":[10.0,8.285714,7.0],"rotation":{"angle":0.0,"axis":"y","origin":[9.142858,8.0,6.142857]},"faces":{"east":{"uv":[11.0,4.0,14.0,5.0],"rotation":0,"texture":"#0","tintindex":0},"south":{"uv":[0.0,11.0,3.0,12.0],"rotation":0,"texture":"#0","tintindex":0},"north":{"uv":[11.0,2.0,14.0,3.0],"rotation":0,"texture":"#0","tintindex":0},"west":{"uv":[11.0,0.0,14.0,1.0],"rotation":0,"texture":"#0","tintindex":0},"up":{"uv":[3.0,8.0,0.0,5.0],"rotation":180,"texture":"#0","tintindex":0},"down":{"uv":[3.0,5.0,0.0,8.0],"rotation":180,"texture":"#0","tintindex":0}}},{"from":[5.428571,7.714286,5.8571424],"to":[6.5714283,8.285714,7.0],"rotation":{"angle":0.0,"axis":"y","origin":[6.0,8.0,6.428571]},"faces":{"east":{"uv":[13.0,8.0,15.0,9.0],"rotation":0,"texture":"#0","tintindex":0},"south":{"uv":[3.0,14.0,5.0,15.0],"rotation":0,"texture":"#0","tintindex":0},"north":{"uv":[14.0,14.0,16.0,15.0],"rotation":0,"texture":"#0","tintindex":0},"west":{"uv":[11.0,14.0,13.0,15.0],"rotation":0,"texture":"#0","tintindex":0},"up":{"uv":[7.0,11.0,5.0,9.0],"rotation":90,"texture":"#0","tintindex":0},"down":{"uv":[5.0,11.0,7.0,9.0],"rotation":90,"texture":"#0","tintindex":0}}},{"from":[6.0,7.714286,8.142858],"to":[7.714286,8.285714,10.428572],"rotation":{"angle":0.0,"axis":"y","origin":[8.285714,12.285715,8.142858]},"faces":{"east":{"uv":[8.0,8.0,12.0,9.0],"rotation":0,"texture":"#0","tintindex":0},"south":{"uv":[11.0,10.0,14.0,11.0],"rotation":0,"texture":"#0","tintindex":0},"north":{"uv":[11.0,6.0,14.0,7.0],"rotation":0,"texture":"#0","tintindex":0},"west":{"uv":[0.0,9.0,4.0,10.0],"rotation":0,"texture":"#0","tintindex":0},"up":{"uv":[3.0,4.0,0.0,0.0],"rotation":0,"texture":"#0","tintindex":0},"down":{"uv":[3.0,0.0,0.0,4.0],"rotation":0,"texture":"#0","tintindex":0}}},{"from":[9.428572,7.714286,9.285714],"to":[10.571428,8.285714,11.0],"rotation":{"angle":0.0,"axis":"y","origin":[8.285714,12.285715,8.142858]},"faces":{"east":{"uv":[4.0,12.0,7.0,13.0],"rotation":0,"texture":"#0","tintindex":0},"south":{"uv":[8.0,13.0,10.0,14.0],"rotation":0,"texture":"#0","tintindex":0},"north":{"uv":[0.0,13.0,2.0,14.0],"rotation":0,"texture":"#0","tintindex":0},"west":{"uv":[11.0,12.0,14.0,13.0],"rotation":0,"texture":"#0","tintindex":0},"up":{"uv":[10.0,3.0,8.0,0.0],"rotation":0,"texture":"#0","tintindex":0},"down":{"uv":[10.0,0.0,8.0,3.0],"rotation":0,"texture":"#0","tintindex":0}}}],"display":{"head":{"translation":[0.0,-6.4,0.0],"scale":[4.0,4.0,4.0]}}}