{"textures":{"0":"modelengine:entity/vase_tall"},"elements":[{"from":[4.8571424,7.904762,4.8571424],"to":[11.142858,15.904762,11.142858],"rotation":{"angle":0.0,"axis":"y","origin":[8.0,10.476191,8.0]},"faces":{"east":{"uv":[0.0,0.0,2.75,3.5],"rotation":0,"texture":"#0","tintindex":0},"south":{"uv":[0.0,0.0,2.75,3.5],"rotation":0,"texture":"#0","tintindex":0},"north":{"uv":[0.0,0.0,2.75,3.5],"rotation":0,"texture":"#0","tintindex":0},"west":{"uv":[0.0,0.0,2.75,3.5],"rotation":0,"texture":"#0","tintindex":0},"up":{"uv":[8.75,2.75,6.0,0.0],"rotation":0,"texture":"#0","tintindex":0},"down":{"uv":[8.75,3.0,6.0,5.75],"rotation":0,"texture":"#0","tintindex":0}}},{"from":[6.0,15.904762,6.0],"to":[10.0,18.761906,10.0],"rotation":{"angle":0.0,"axis":"y","origin":[8.0,10.476191,8.0]},"faces":{"east":{"uv":[8.5,6.0,10.25,7.25],"rotation":0,"texture":"#0","tintindex":0},"south":{"uv":[8.5,6.0,10.25,7.25],"rotation":0,"texture":"#0","tintindex":0},"north":{"uv":[8.5,6.0,10.25,7.25],"rotation":0,"texture":"#0","tintindex":0},"west":{"uv":[8.5,6.0,10.25,7.25],"rotation":0,"texture":"#0","tintindex":0},"up":{"uv":[4.25,9.25,2.5,7.5],"rotation":0,"texture":"#0","tintindex":0},"down":{"uv":[6.25,8.5,4.5,10.25],"rotation":0,"texture":"#0","tintindex":0}}},{"from":[5.428571,18.761906,5.428571],"to":[10.571428,20.476192,10.571428],"rotation":{"angle":0.0,"axis":"y","origin":[8.0,10.476191,8.0]},"faces":{"east":{"uv":[9.0,1.5,11.25,2.25],"rotation":0,"texture":"#0","tintindex":0},"south":{"uv":[9.0,1.5,11.25,2.25],"rotation":0,"texture":"#0","tintindex":0},"north":{"uv":[9.0,1.5,11.25,2.25],"rotation":0,"texture":"#0","tintindex":0},"west":{"uv":[9.0,1.5,11.25,2.25],"rotation":0,"texture":"#0","tintindex":0},"up":{"uv":[8.25,8.25,6.0,6.0],"rotation":0,"texture":"#0","tintindex":0},"down":{"uv":[2.25,7.5,0.0,9.75],"rotation":0,"texture":"#0","tintindex":0}}}],"display":{"head":{"translation":[0.0,-6.4,0.0],"scale":[4.0,4.0,4.0]}}}