{
	"textures": {
		"0": "tcc:block/sprouter_egg/stage_0",
		"particle": "tcc:block/sprouter_egg/stage_0"
	},
	"elements": [
		{
			"from": [1, 0, 2],
			"to": [15, 16, 14],
			"faces": {
				"north": {"uv": [6, 6, 13, 14], "texture": "#0"},
				"east": {"uv": [0, 6, 6, 14], "texture": "#0"},
				"south": {"uv": [6, 6, 13, 14], "texture": "#0"},
				"west": {"uv": [0, 6, 6, 14], "texture": "#0"},
				"up": {"uv": [0, 0, 7, 6], "texture": "#0", "cullface": "up"},
				"down": {"uv": [7, 0, 14, 6], "texture": "#0", "cullface": "down"}
			}
		}
	]
}