{"textures":{"0":"modelengine:entity/chest_magma"},"elements":[{"from":[7.142857,6.857143,7.142857],"to":[8.857143,9.142858,8.857143],"rotation":{"angle":0.0,"axis":"y","origin":[6.5714283,8.0,12.285715]},"faces":{"east":{"uv":[5.25,11.25,6.0,12.25],"rotation":0,"texture":"#0","tintindex":0},"south":{"uv":[6.25,11.25,7.0,12.25],"rotation":0,"texture":"#0","tintindex":0},"north":{"uv":[4.25,11.25,5.0,12.25],"rotation":0,"texture":"#0","tintindex":0},"west":{"uv":[7.25,11.25,8.0,12.25],"rotation":0,"texture":"#0","tintindex":0},"up":{"uv":[9.0,12.0,8.25,11.25],"rotation":0,"texture":"#0","tintindex":0},"down":{"uv":[10.0,11.25,9.25,12.0],"rotation":0,"texture":"#0","tintindex":0}}}],"display":{"head":{"translation":[0.0,-6.4,0.0],"scale":[4.0,4.0,4.0]}}}