{"textures":{"0":"modelengine:entity/chest_magma"},"elements":[{"from":[3.7142854,8.0,1.4285712],"to":[12.285715,11.428572,8.857143],"rotation":{"angle":0.0,"axis":"y","origin":[6.5714283,8.571428,6.0]},"faces":{"east":{"uv":[7.5,3.5,10.75,5.0],"rotation":0,"texture":"#0","tintindex":0},"south":{"uv":[0.0,7.0,3.75,8.5],"rotation":0,"texture":"#0","tintindex":0},"north":{"uv":[4.0,6.0,7.75,7.5],"rotation":0,"texture":"#0","tintindex":0},"west":{"uv":[4.0,7.75,7.25,9.25],"rotation":0,"texture":"#0","tintindex":0},"up":{"uv":[3.75,3.25,0.0,0.0],"rotation":0,"texture":"#0","tintindex":0},"down":{"uv":[3.75,3.5,0.0,6.75],"rotation":0,"texture":"#0","tintindex":0}}},{"from":[1.9999995,10.857143,4.0],"to":[4.285714,14.285715,6.285714],"rotation":{"angle":45.0,"axis":"z","origin":[4.8571424,13.142858,5.428571]},"faces":{"east":{"uv":[1.25,8.75,2.25,10.25],"rotation":0,"texture":"#0","tintindex":0},"south":{"uv":[2.5,8.75,3.5,10.25],"rotation":0,"texture":"#0","tintindex":0},"north":{"uv":[0.0,8.75,1.0,10.25],"rotation":0,"texture":"#0","tintindex":0},"west":{"uv":[3.75,9.5,4.75,11.0],"rotation":0,"texture":"#0","tintindex":0},"up":{"uv":[12.0,6.25,11.0,5.25],"rotation":0,"texture":"#0","tintindex":0},"down":{"uv":[12.0,8.75,11.0,9.75],"rotation":0,"texture":"#0","tintindex":0}}},{"from":[2.9142857,11.428572,4.5571427],"to":[4.6285715,14.857143,6.2714286],"rotation":{"angle":-22.5,"axis":"z","origin":[4.8571424,13.142858,5.1285715]},"faces":{"east":{"uv":[0.0,10.5,0.75,12.0],"rotation":0,"texture":"#0","tintindex":0},"south":{"uv":[1.0,10.5,1.75,12.0],"rotation":0,"texture":"#0","tintindex":0},"north":{"uv":[10.0,9.5,10.75,11.0],"rotation":0,"texture":"#0","tintindex":0},"west":{"uv":[2.0,10.5,2.75,12.0],"rotation":0,"texture":"#0","tintindex":0},"up":{"uv":[11.0,12.0,10.25,11.25],"rotation":0,"texture":"#0","tintindex":0},"down":{"uv":[12.0,11.25,11.25,12.0],"rotation":0,"texture":"#0","tintindex":0}}},{"from":[11.714286,10.857143,4.0],"to":[14.0,14.285715,6.285714],"rotation":{"angle":-45.0,"axis":"z","origin":[11.142858,13.142858,5.428571]},"faces":{"east":{"uv":[6.25,9.5,7.25,11.0],"rotation":0,"texture":"#0","tintindex":0},"south":{"uv":[7.5,9.5,8.5,11.0],"rotation":0,"texture":"#0","tintindex":0},"north":{"uv":[5.0,9.5,6.0,11.0],"rotation":0,"texture":"#0","tintindex":0},"west":{"uv":[8.75,9.5,9.75,11.0],"rotation":0,"texture":"#0","tintindex":0},"up":{"uv":[12.0,11.0,11.0,10.0],"rotation":0,"texture":"#0","tintindex":0},"down":{"uv":[4.0,11.25,3.0,12.25],"rotation":0,"texture":"#0","tintindex":0}}},{"from":[11.3714285,11.428572,4.5571427],"to":[13.085714,14.857143,6.2714286],"rotation":{"angle":22.5,"axis":"z","origin":[11.142858,13.142858,5.1285715]},"faces":{"east":{"uv":[11.0,0.0,11.75,1.5],"rotation":0,"texture":"#0","tintindex":0},"south":{"uv":[11.0,1.75,11.75,3.25],"rotation":0,"texture":"#0","tintindex":0},"north":{"uv":[10.5,7.0,11.25,8.5],"rotation":0,"texture":"#0","tintindex":0},"west":{"uv":[11.0,3.5,11.75,5.0],"rotation":0,"texture":"#0","tintindex":0},"up":{"uv":[12.25,7.25,11.5,6.5],"rotation":0,"texture":"#0","tintindex":0},"down":{"uv":[12.25,7.5,11.5,8.25],"rotation":0,"texture":"#0","tintindex":0}}}],"display":{"head":{"translation":[0.0,-6.4,0.0],"scale":[4.0,4.0,4.0]}}}