{"textures":{"0":"modelengine:entity/fx_pumpkin_skull"},"elements":[{"from":[4.6588674,8.084394,4.8571424],"to":[10.944582,12.655823,11.142858],"rotation":{"angle":-22.5,"axis":"z","origin":[7.8017244,8.79868,8.0]},"faces":{"east":{"uv":[8.75,2.25,6.0,4.25],"rotation":0,"texture":"#0","tintindex":0},"south":{"uv":[8.75,0.0,6.0,2.0],"rotation":0,"texture":"#0","tintindex":0},"north":{"uv":[5.75,6.0,3.0,8.0],"rotation":0,"texture":"#0","tintindex":0},"west":{"uv":[2.75,6.0,0.0,8.0],"rotation":0,"texture":"#0","tintindex":0},"up":{"uv":[2.75,0.0,0.0,2.75],"rotation":90,"texture":"#0","tintindex":0},"down":{"uv":[2.75,5.75,0.0,3.0],"rotation":270,"texture":"#0","tintindex":0}}},{"from":[4.6588674,6.941537,4.8571424],"to":[4.6588674,8.084394,11.142858],"rotation":{"angle":-22.5,"axis":"z","origin":[7.8017244,8.79868,8.0]},"faces":{"east":{"uv":[6.0,8.5,8.75,9.0],"rotation":0,"texture":"#0","tintindex":0},"south":{"uv":[9.0,7.25,9.0,7.75],"rotation":0,"texture":"#0","tintindex":0},"north":{"uv":[9.0,8.0,9.0,8.5],"rotation":0,"texture":"#0","tintindex":0},"west":{"uv":[8.75,8.5,6.0,9.0],"rotation":0,"texture":"#0","tintindex":0},"up":{"uv":[11.75,8.75,9.0,8.75],"rotation":90,"texture":"#0","tintindex":0},"down":{"uv":[11.75,9.0,9.0,9.0],"rotation":270,"texture":"#0","tintindex":0}}},{"from":[4.6588674,6.941537,4.8571424],"to":[10.944582,8.084394,4.8571424],"rotation":{"angle":-22.5,"axis":"z","origin":[7.8017244,8.79868,8.0]},"faces":{"east":{"uv":[6.75,9.25,6.75,9.75],"rotation":0,"texture":"#0","tintindex":0},"south":{"uv":[9.0,2.25,11.75,2.75],"rotation":0,"texture":"#0","tintindex":0},"north":{"uv":[11.75,2.25,9.0,2.75],"rotation":0,"texture":"#0","tintindex":0},"west":{"uv":[9.25,6.0,9.25,6.5],"rotation":0,"texture":"#0","tintindex":0},"up":{"uv":[7.0,9.25,7.0,12.0],"rotation":90,"texture":"#0","tintindex":0},"down":{"uv":[7.25,12.0,7.25,9.25],"rotation":270,"texture":"#0","tintindex":0}}},{"from":[4.6588674,6.941537,11.142858],"to":[10.944582,8.084394,11.142858],"rotation":{"angle":-22.5,"axis":"z","origin":[7.8017244,8.79868,8.0]},"faces":{"east":{"uv":[6.75,9.25,6.75,9.75],"rotation":0,"texture":"#0","tintindex":0},"south":{"uv":[9.0,2.25,11.75,2.75],"rotation":0,"texture":"#0","tintindex":0},"north":{"uv":[11.75,2.25,9.0,2.75],"rotation":0,"texture":"#0","tintindex":0},"west":{"uv":[9.25,6.0,9.25,6.5],"rotation":0,"texture":"#0","tintindex":0},"up":{"uv":[7.0,9.25,7.0,12.0],"rotation":90,"texture":"#0","tintindex":0},"down":{"uv":[7.25,12.0,7.25,9.25],"rotation":270,"texture":"#0","tintindex":0}}}],"display":{"head":{"translation":[0.0,-6.4,0.0],"scale":[4.0,4.0,4.0]}}}