{"textures":{"0":"modelengine:entity/fx_pumpkin_skull"},"elements":[{"from":[4.8571424,8.084394,4.6588674],"to":[11.142858,12.655823,10.944582],"rotation":{"angle":22.5,"axis":"x","origin":[8.0,8.79868,7.8017244]},"faces":{"east":{"uv":[6.0,0.0,8.75,2.0],"rotation":0,"texture":"#0","tintindex":0},"south":{"uv":[6.0,2.25,8.75,4.25],"rotation":0,"texture":"#0","tintindex":0},"north":{"uv":[0.0,6.0,2.75,8.0],"rotation":0,"texture":"#0","tintindex":0},"west":{"uv":[3.0,6.0,5.75,8.0],"rotation":0,"texture":"#0","tintindex":0},"up":{"uv":[2.75,2.75,0.0,0.0],"rotation":0,"texture":"#0","tintindex":0},"down":{"uv":[2.75,3.0,0.0,5.75],"rotation":0,"texture":"#0","tintindex":0}}},{"from":[4.8571424,6.941537,4.6588674],"to":[11.142858,8.084394,4.6588674],"rotation":{"angle":22.5,"axis":"x","origin":[8.0,8.79868,7.8017244]},"faces":{"east":{"uv":[9.0,7.25,9.0,7.75],"rotation":0,"texture":"#0","tintindex":0},"south":{"uv":[8.75,8.5,6.0,9.0],"rotation":0,"texture":"#0","tintindex":0},"north":{"uv":[6.0,8.5,8.75,9.0],"rotation":0,"texture":"#0","tintindex":0},"west":{"uv":[9.0,8.0,9.0,8.5],"rotation":0,"texture":"#0","tintindex":0},"up":{"uv":[11.75,8.75,9.0,8.75],"rotation":0,"texture":"#0","tintindex":0},"down":{"uv":[11.75,9.0,9.0,9.0],"rotation":0,"texture":"#0","tintindex":0}}},{"from":[4.8571424,6.941537,4.6588674],"to":[4.8571424,8.084394,10.944582],"rotation":{"angle":22.5,"axis":"x","origin":[8.0,8.79868,7.8017244]},"faces":{"east":{"uv":[11.75,2.25,9.0,2.75],"rotation":0,"texture":"#0","tintindex":0},"south":{"uv":[6.75,9.25,6.75,9.75],"rotation":0,"texture":"#0","tintindex":0},"north":{"uv":[9.25,6.0,9.25,6.5],"rotation":0,"texture":"#0","tintindex":0},"west":{"uv":[9.0,2.25,11.75,2.75],"rotation":0,"texture":"#0","tintindex":0},"up":{"uv":[7.0,12.0,7.0,9.25],"rotation":0,"texture":"#0","tintindex":0},"down":{"uv":[7.25,9.25,7.25,12.0],"rotation":0,"texture":"#0","tintindex":0}}},{"from":[11.142858,6.941537,4.6588674],"to":[11.142858,8.084394,10.944582],"rotation":{"angle":22.5,"axis":"x","origin":[8.0,8.79868,7.8017244]},"faces":{"east":{"uv":[11.75,2.25,9.0,2.75],"rotation":0,"texture":"#0","tintindex":0},"south":{"uv":[6.75,9.25,6.75,9.75],"rotation":0,"texture":"#0","tintindex":0},"north":{"uv":[9.25,6.0,9.25,6.5],"rotation":0,"texture":"#0","tintindex":0},"west":{"uv":[9.0,2.25,11.75,2.75],"rotation":0,"texture":"#0","tintindex":0},"up":{"uv":[7.0,12.0,7.0,9.25],"rotation":0,"texture":"#0","tintindex":0},"down":{"uv":[7.25,9.25,7.25,12.0],"rotation":0,"texture":"#0","tintindex":0}}}],"display":{"head":{"translation":[0.0,-6.4,0.0],"scale":[4.0,4.0,4.0]}}}