{"textures":{"0":"modelengine:entity/fx_pumpkin_skull"},"elements":[{"from":[1.0727067,5.4098635,7.277613],"to":[7.3584213,7.124149,13.591899],"rotation":{"angle":22.5,"axis":"z","origin":[5.501279,9.55272,10.42047]},"faces":{"east":{"uv":[8.75,4.5,6.0,5.25],"rotation":0,"texture":"#0","tintindex":0},"south":{"uv":[8.75,5.5,6.0,6.25],"rotation":0,"texture":"#0","tintindex":0},"north":{"uv":[8.75,7.5,6.0,8.25],"rotation":0,"texture":"#0","tintindex":0},"west":{"uv":[8.75,4.5,6.0,5.25],"rotation":0,"texture":"#0","tintindex":0},"up":{"uv":[5.75,0.0,3.0,2.75],"rotation":90,"texture":"#0","tintindex":0},"down":{"uv":[2.75,0.0,0.0,2.75],"rotation":270,"texture":"#0","tintindex":0}}},{"from":[1.0727067,7.124149,7.277613],"to":[1.0727067,8.267006,13.591899],"rotation":{"angle":22.5,"axis":"z","origin":[5.501279,9.55272,10.42047]},"faces":{"east":{"uv":[6.0,9.0,8.75,8.5],"rotation":0,"texture":"#0","tintindex":0},"south":{"uv":[9.0,5.25,9.0,5.75],"rotation":0,"texture":"#0","tintindex":0},"north":{"uv":[9.0,6.0,9.0,6.5],"rotation":0,"texture":"#0","tintindex":0},"west":{"uv":[8.75,9.0,6.0,8.5],"rotation":0,"texture":"#0","tintindex":0},"up":{"uv":[11.75,6.75,9.0,6.75],"rotation":90,"texture":"#0","tintindex":0},"down":{"uv":[11.75,7.0,9.0,7.0],"rotation":270,"texture":"#0","tintindex":0}}},{"from":[1.0727067,7.124149,7.277613],"to":[7.3584213,8.267006,7.277613],"rotation":{"angle":22.5,"axis":"z","origin":[5.501279,9.55272,10.42047]},"faces":{"east":{"uv":[7.5,9.25,7.5,9.75],"rotation":0,"texture":"#0","tintindex":0},"south":{"uv":[9.0,2.75,11.75,2.25],"rotation":0,"texture":"#0","tintindex":0},"north":{"uv":[11.75,2.75,9.0,2.25],"rotation":0,"texture":"#0","tintindex":0},"west":{"uv":[9.25,7.25,9.25,7.75],"rotation":0,"texture":"#0","tintindex":0},"up":{"uv":[7.75,9.25,7.75,12.0],"rotation":90,"texture":"#0","tintindex":0},"down":{"uv":[8.0,12.0,8.0,9.25],"rotation":270,"texture":"#0","tintindex":0}}},{"from":[1.0727067,7.124149,13.591328],"to":[7.3584213,8.267006,13.591328],"rotation":{"angle":22.5,"axis":"z","origin":[5.501279,9.55272,10.44847]},"faces":{"east":{"uv":[7.5,9.25,7.5,9.75],"rotation":0,"texture":"#0","tintindex":0},"south":{"uv":[9.0,2.75,11.75,2.25],"rotation":0,"texture":"#0","tintindex":0},"north":{"uv":[11.75,2.75,9.0,2.25],"rotation":0,"texture":"#0","tintindex":0},"west":{"uv":[9.25,7.25,9.25,7.75],"rotation":0,"texture":"#0","tintindex":0},"up":{"uv":[7.75,9.25,7.75,12.0],"rotation":90,"texture":"#0","tintindex":0},"down":{"uv":[8.0,12.0,8.0,9.25],"rotation":270,"texture":"#0","tintindex":0}}}],"display":{"head":{"translation":[0.0,-6.4,0.0],"scale":[4.0,4.0,4.0]}}}