{"textures":{"0":"modelengine:entity/fx_pumpkin_skull"},"elements":[{"from":[4.8429995,5.4098635,0.9235225],"to":[11.157286,7.124149,7.209237],"rotation":{"angle":-22.5,"axis":"x","origin":[7.985857,9.55272,5.352094]},"faces":{"east":{"uv":[6.0,5.5,8.75,6.25],"rotation":0,"texture":"#0","tintindex":0},"south":{"uv":[6.0,4.5,8.75,5.25],"rotation":0,"texture":"#0","tintindex":0},"north":{"uv":[6.0,4.5,8.75,5.25],"rotation":0,"texture":"#0","tintindex":0},"west":{"uv":[6.0,7.5,8.75,8.25],"rotation":0,"texture":"#0","tintindex":0},"up":{"uv":[5.75,2.75,3.0,0.0],"rotation":0,"texture":"#0","tintindex":0},"down":{"uv":[2.75,2.75,0.0,0.0],"rotation":0,"texture":"#0","tintindex":0}}},{"from":[4.8429995,7.124149,0.9235225],"to":[11.157286,8.267006,0.9235225],"rotation":{"angle":-22.5,"axis":"x","origin":[7.985857,9.55272,5.352094]},"faces":{"east":{"uv":[9.0,5.25,9.0,5.75],"rotation":0,"texture":"#0","tintindex":0},"south":{"uv":[8.75,9.0,6.0,8.5],"rotation":0,"texture":"#0","tintindex":0},"north":{"uv":[6.0,9.0,8.75,8.5],"rotation":0,"texture":"#0","tintindex":0},"west":{"uv":[9.0,6.0,9.0,6.5],"rotation":0,"texture":"#0","tintindex":0},"up":{"uv":[11.75,6.75,9.0,6.75],"rotation":0,"texture":"#0","tintindex":0},"down":{"uv":[11.75,7.0,9.0,7.0],"rotation":0,"texture":"#0","tintindex":0}}},{"from":[4.8429995,7.124149,0.9235225],"to":[4.8429995,8.267006,7.209237],"rotation":{"angle":-22.5,"axis":"x","origin":[7.985857,9.55272,5.352094]},"faces":{"east":{"uv":[11.75,2.75,9.0,2.25],"rotation":0,"texture":"#0","tintindex":0},"south":{"uv":[7.5,9.25,7.5,9.75],"rotation":0,"texture":"#0","tintindex":0},"north":{"uv":[9.25,7.25,9.25,7.75],"rotation":0,"texture":"#0","tintindex":0},"west":{"uv":[9.0,2.75,11.75,2.25],"rotation":0,"texture":"#0","tintindex":0},"up":{"uv":[7.75,12.0,7.75,9.25],"rotation":0,"texture":"#0","tintindex":0},"down":{"uv":[8.0,9.25,8.0,12.0],"rotation":0,"texture":"#0","tintindex":0}}},{"from":[11.156714,7.124149,0.9235225],"to":[11.156714,8.267006,7.209237],"rotation":{"angle":-22.5,"axis":"x","origin":[8.013857,9.55272,5.352094]},"faces":{"east":{"uv":[11.75,2.75,9.0,2.25],"rotation":0,"texture":"#0","tintindex":0},"south":{"uv":[7.5,9.25,7.5,9.75],"rotation":0,"texture":"#0","tintindex":0},"north":{"uv":[9.25,7.25,9.25,7.75],"rotation":0,"texture":"#0","tintindex":0},"west":{"uv":[9.0,2.75,11.75,2.25],"rotation":0,"texture":"#0","tintindex":0},"up":{"uv":[7.75,12.0,7.75,9.25],"rotation":0,"texture":"#0","tintindex":0},"down":{"uv":[8.0,9.25,8.0,12.0],"rotation":0,"texture":"#0","tintindex":0}}}],"display":{"head":{"translation":[0.0,-6.4,0.0],"scale":[4.0,4.0,4.0]}}}