{"textures":{"0":"modelengine:entity/vase_common"},"elements":[{"from":[4.8571424,7.904762,4.8571424],"to":[11.142858,12.476191,11.142858],"rotation":{"angle":0.0,"axis":"y","origin":[8.0,10.476191,8.0]},"faces":{"east":{"uv":[3.0,0.0,5.75,2.0],"rotation":0,"texture":"#0","tintindex":0},"south":{"uv":[3.0,0.0,5.75,2.0],"rotation":0,"texture":"#0","tintindex":0},"north":{"uv":[3.0,0.0,5.75,2.0],"rotation":0,"texture":"#0","tintindex":0},"west":{"uv":[3.0,0.0,5.75,2.0],"rotation":0,"texture":"#0","tintindex":0},"up":{"uv":[2.75,2.75,0.0,0.0],"rotation":0,"texture":"#0","tintindex":0},"down":{"uv":[2.75,3.0,0.0,5.75],"rotation":0,"texture":"#0","tintindex":0}}},{"from":[6.0,12.476191,6.0],"to":[10.0,13.619047,10.0],"rotation":{"angle":0.0,"axis":"y","origin":[8.0,10.476191,8.0]},"faces":{"east":{"uv":[8.0,6.0,9.75,6.5],"rotation":0,"texture":"#0","tintindex":0},"south":{"uv":[8.0,6.0,9.75,6.5],"rotation":0,"texture":"#0","tintindex":0},"north":{"uv":[8.0,6.0,9.75,6.5],"rotation":0,"texture":"#0","tintindex":0},"west":{"uv":[8.0,6.0,9.75,6.5],"rotation":0,"texture":"#0","tintindex":0},"up":{"uv":[7.75,6.75,6.0,5.0],"rotation":0,"texture":"#0","tintindex":0},"down":{"uv":[4.75,6.75,3.0,8.5],"rotation":0,"texture":"#0","tintindex":0}}},{"from":[5.428571,13.619047,5.428571],"to":[10.571428,15.333334,10.571428],"rotation":{"angle":0.0,"axis":"y","origin":[8.0,10.476191,8.0]},"faces":{"east":{"uv":[5.0,7.0,7.25,7.75],"rotation":0,"texture":"#0","tintindex":0},"south":{"uv":[5.0,7.0,7.25,7.75],"rotation":0,"texture":"#0","tintindex":0},"north":{"uv":[5.0,7.0,7.25,7.75],"rotation":0,"texture":"#0","tintindex":0},"west":{"uv":[5.0,7.0,7.25,7.75],"rotation":0,"texture":"#0","tintindex":0},"up":{"uv":[8.25,2.25,6.0,0.0],"rotation":0,"texture":"#0","tintindex":0},"down":{"uv":[8.25,2.5,6.0,4.75],"rotation":0,"texture":"#0","tintindex":0}}}],"display":{"head":{"translation":[0.0,-6.4,0.0],"scale":[4.0,4.0,4.0]}}}