{"textures":{"0":"modelengine:entity/waystone"},"elements":[{"from":[4.0,-0.82142925,4.0],"to":[12.0,1.4642854,12.0],"rotation":{"angle":0.0,"axis":"y","origin":[10.857143,3.75,9.142858]},"faces":{"east":{"uv":[0.0,6.375,1.75,6.875],"rotation":0,"texture":"#0","tintindex":0},"south":{"uv":[5.5,6.0,7.25,6.5],"rotation":0,"texture":"#0","tintindex":0},"north":{"uv":[5.5,6.0,7.25,6.5],"rotation":0,"texture":"#0","tintindex":0},"west":{"uv":[6.625,3.375,8.375,3.875],"rotation":0,"texture":"#0","tintindex":0},"up":{"uv":[5.875,1.75,4.125,0.0],"rotation":0,"texture":"#0","tintindex":0},"down":{"uv":[5.875,1.75,4.125,0.0],"rotation":0,"texture":"#0","tintindex":0}}},{"from":[5.714286,1.4642854,5.714286],"to":[10.285714,3.1785712,10.285714],"rotation":{"angle":0.0,"axis":"y","origin":[10.857143,3.75,9.142858]},"faces":{"east":{"uv":[6.625,4.0,7.625,4.375],"rotation":0,"texture":"#0","tintindex":0},"south":{"uv":[3.75,6.5,4.75,6.875],"rotation":0,"texture":"#0","tintindex":0},"north":{"uv":[3.75,6.5,4.75,6.875],"rotation":0,"texture":"#0","tintindex":0},"west":{"uv":[4.875,6.625,5.875,7.0],"rotation":0,"texture":"#0","tintindex":0},"up":{"uv":[1.0,6.25,0.0,5.25],"rotation":0,"texture":"#0","tintindex":0},"down":{"uv":[1.0,6.25,0.0,5.25],"rotation":0,"texture":"#0","tintindex":0}}},{"from":[5.142857,3.1785712,5.142857],"to":[10.857143,14.607143,10.857143],"rotation":{"angle":0.0,"axis":"y","origin":[10.857143,3.75,9.142858]},"faces":{"east":{"uv":[1.375,2.625,2.625,5.125],"rotation":0,"texture":"#0","tintindex":0},"south":{"uv":[1.375,2.625,2.625,5.125],"rotation":0,"texture":"#0","tintindex":0},"north":{"uv":[1.375,2.625,2.625,5.125],"rotation":0,"texture":"#0","tintindex":0},"west":{"uv":[2.75,2.625,4.0,5.125],"rotation":0,"texture":"#0","tintindex":0},"up":{"uv":[5.375,5.0,4.125,3.75],"rotation":0,"texture":"#0","tintindex":0},"down":{"uv":[5.375,5.0,4.125,3.75],"rotation":0,"texture":"#0","tintindex":0}}},{"from":[5.142857,3.1785712,5.1285715],"to":[10.857143,14.607143,5.1285715],"rotation":{"angle":0.0,"axis":"y","origin":[8.0,8.892858,8.0]},"faces":{"east":{"uv":[6.0,6.625,6.0,9.125],"rotation":0,"texture":"#0","tintindex":0},"south":{"uv":[1.25,0.0,0.0,2.5],"rotation":0,"texture":"#0","tintindex":0},"north":{"uv":[0.0,0.0,1.25,2.5],"rotation":0,"texture":"#0","tintindex":0},"west":{"uv":[6.125,6.625,6.125,9.125],"rotation":0,"texture":"#0","tintindex":0},"up":{"uv":[7.875,5.0,6.625,5.0],"rotation":0,"texture":"#0","tintindex":0},"down":{"uv":[7.875,5.125,6.625,5.125],"rotation":0,"texture":"#0","tintindex":0}}},{"from":[5.142857,3.1785712,10.8714285],"to":[10.857143,14.607143,10.8714285],"rotation":{"angle":0.0,"axis":"y","origin":[8.0,8.892858,8.0]},"faces":{"east":{"uv":[6.0,6.625,6.0,9.125],"rotation":0,"texture":"#0","tintindex":0},"south":{"uv":[1.25,0.0,0.0,2.5],"rotation":0,"texture":"#0","tintindex":0},"north":{"uv":[0.0,0.0,1.25,2.5],"rotation":0,"texture":"#0","tintindex":0},"west":{"uv":[6.125,6.625,6.125,9.125],"rotation":0,"texture":"#0","tintindex":0},"up":{"uv":[7.875,5.0,6.625,5.0],"rotation":0,"texture":"#0","tintindex":0},"down":{"uv":[7.875,5.125,6.625,5.125],"rotation":0,"texture":"#0","tintindex":0}}},{"from":[10.8714285,3.1785712,5.142857],"to":[10.8714285,14.607143,10.857143],"rotation":{"angle":0.0,"axis":"y","origin":[8.0,8.892858,8.0]},"faces":{"east":{"uv":[1.25,0.0,0.0,2.5],"rotation":0,"texture":"#0","tintindex":0},"south":{"uv":[6.125,6.625,6.125,9.125],"rotation":0,"texture":"#0","tintindex":0},"north":{"uv":[6.0,6.625,6.0,9.125],"rotation":0,"texture":"#0","tintindex":0},"west":{"uv":[0.0,0.0,1.25,2.5],"rotation":0,"texture":"#0","tintindex":0},"up":{"uv":[7.875,5.0,6.625,5.0],"rotation":270,"texture":"#0","tintindex":0},"down":{"uv":[7.875,5.125,6.625,5.125],"rotation":90,"texture":"#0","tintindex":0}}},{"from":[5.1285715,3.1785712,5.142857],"to":[5.1285715,14.607143,10.857143],"rotation":{"angle":0.0,"axis":"y","origin":[8.0,8.892858,8.0]},"faces":{"east":{"uv":[1.25,0.0,0.0,2.5],"rotation":0,"texture":"#0","tintindex":0},"south":{"uv":[6.125,6.625,6.125,9.125],"rotation":0,"texture":"#0","tintindex":0},"north":{"uv":[6.0,6.625,6.0,9.125],"rotation":0,"texture":"#0","tintindex":0},"west":{"uv":[0.0,0.0,1.25,2.5],"rotation":0,"texture":"#0","tintindex":0},"up":{"uv":[7.875,5.0,6.625,5.0],"rotation":270,"texture":"#0","tintindex":0},"down":{"uv":[7.875,5.125,6.625,5.125],"rotation":90,"texture":"#0","tintindex":0}}}],"display":{"head":{"translation":[0.0,-6.4,0.0],"scale":[4.0,4.0,4.0]}}}