{
  "model": {
    "type": "minecraft:select",
    "property": "minecraft:custom_model_data",
    "cases": [
      {
        "when": "sand",
        "model": {
          "type": "minecraft:range_dispatch",
          "property": "minecraft:custom_model_data",
          "entries": [
            {
              "threshold": 0,
              "model": {
                "type": "minecraft:model",
                "model": "tcc:block/echoing_hourglass/sand/powder/output/1"
              }
            },
            {
              "threshold": 1,
              "model": {
                "type": "minecraft:model",
                "model": "tcc:block/echoing_hourglass/sand/powder/output/2"
              }
            },
            {
              "threshold": 2,
              "model": {
                "type": "minecraft:model",
                "model": "tcc:block/echoing_hourglass/sand/powder/output/3"
              }
            },
            {
              "threshold": 3,
              "model": {
                "type": "minecraft:model",
                "model": "tcc:block/echoing_hourglass/sand/powder/output/4"
              }
            }
          ]
        }
      },
      {
        "when": "gravel",
        "model": {
          "type": "minecraft:range_dispatch",
          "property": "minecraft:custom_model_data",
          "entries": [
            {
              "threshold": 0,
              "model": {
                "type": "minecraft:model",
                "model": "tcc:block/echoing_hourglass/gravel/powder/output/1"
              }
            },
            {
              "threshold": 1,
              "model": {
                "type": "minecraft:model",
                "model": "tcc:block/echoing_hourglass/gravel/powder/output/2"
              }
            },
            {
              "threshold": 2,
              "model": {
                "type": "minecraft:model",
                "model": "tcc:block/echoing_hourglass/gravel/powder/output/3"
              }
            },
            {
              "threshold": 3,
              "model": {
                "type": "minecraft:model",
                "model": "tcc:block/echoing_hourglass/gravel/powder/output/4"
              }
            }
          ]
        }
      },
      {
        "when": "empty",
        "model": {
          "type": "minecraft:empty"
        }
      }
    ]
  }
}