{"textures":{"0":"modelengine:entity/chest_wind"},"elements":[{"from":[7.142857,6.857143,7.142857],"to":[8.857143,9.142858,8.857143],"rotation":{"angle":0.0,"axis":"y","origin":[6.5714283,8.0,12.285715]},"faces":{"east":{"uv":[4.0,9.75,4.75,10.75],"rotation":0,"texture":"#0","tintindex":0},"south":{"uv":[5.0,9.75,5.75,10.75],"rotation":0,"texture":"#0","tintindex":0},"north":{"uv":[3.0,9.75,3.75,10.75],"rotation":0,"texture":"#0","tintindex":0},"west":{"uv":[6.0,9.75,6.75,10.75],"rotation":0,"texture":"#0","tintindex":0},"up":{"uv":[10.75,9.5,10.0,8.75],"rotation":0,"texture":"#0","tintindex":0},"down":{"uv":[10.75,9.75,10.0,10.5],"rotation":0,"texture":"#0","tintindex":0}}}],"display":{"head":{"translation":[0.0,-6.4,0.0],"scale":[4.0,4.0,4.0]}}}