{"textures":{"0":"modelengine:entity/chest_wind"},"elements":[{"from":[3.7142854,8.0,1.4285712],"to":[12.285715,11.428572,8.857143],"rotation":{"angle":0.0,"axis":"y","origin":[6.5714283,8.571428,6.0]},"faces":{"east":{"uv":[7.5,7.0,10.75,8.5],"rotation":0,"texture":"#0","tintindex":0},"south":{"uv":[7.5,1.75,11.25,3.25],"rotation":0,"texture":"#0","tintindex":0},"north":{"uv":[7.5,0.0,11.25,1.5],"rotation":0,"texture":"#0","tintindex":0},"west":{"uv":[3.5,8.0,6.75,9.5],"rotation":0,"texture":"#0","tintindex":0},"up":{"uv":[3.75,3.25,0.0,0.0],"rotation":0,"texture":"#0","tintindex":0},"down":{"uv":[3.75,3.5,0.0,6.75],"rotation":0,"texture":"#0","tintindex":0}}},{"from":[3.7142854,11.428572,1.4285712],"to":[3.7142854,15.428572,8.857143],"rotation":{"angle":0.0,"axis":"y","origin":[6.5714283,8.571428,6.0]},"faces":{"east":{"uv":[3.25,7.0,0.0,8.75],"rotation":0,"texture":"#0","tintindex":0},"south":{"uv":[7.25,10.5,7.25,12.25],"rotation":0,"texture":"#0","tintindex":0},"north":{"uv":[7.0,10.5,7.0,12.25],"rotation":0,"texture":"#0","tintindex":0},"west":{"uv":[0.0,7.0,3.25,8.75],"rotation":0,"texture":"#0","tintindex":0},"up":{"uv":[7.5,13.75,7.5,10.5],"rotation":0,"texture":"#0","tintindex":0},"down":{"uv":[7.75,10.5,7.75,13.75],"rotation":0,"texture":"#0","tintindex":0}}},{"from":[12.285715,11.428572,1.4285712],"to":[12.285715,15.428572,8.857143],"rotation":{"angle":0.0,"axis":"y","origin":[9.428572,8.571428,6.0]},"faces":{"east":{"uv":[3.25,7.0,0.0,8.75],"rotation":0,"texture":"#0","tintindex":0},"south":{"uv":[7.25,10.5,7.25,12.25],"rotation":0,"texture":"#0","tintindex":0},"north":{"uv":[7.0,10.5,7.0,12.25],"rotation":0,"texture":"#0","tintindex":0},"west":{"uv":[0.0,7.0,3.25,8.75],"rotation":0,"texture":"#0","tintindex":0},"up":{"uv":[7.5,13.75,7.5,10.5],"rotation":0,"texture":"#0","tintindex":0},"down":{"uv":[7.75,10.5,7.75,13.75],"rotation":0,"texture":"#0","tintindex":0}}}],"display":{"head":{"translation":[0.0,-6.4,0.0],"scale":[4.0,4.0,4.0]}}}