{"textures":{"0":"modelengine:entity/arcane_magic_circle"},"elements":[{"from":[-12.58,8.0,-12.58],"to":[28.58,8.0,28.58],"rotation":{"angle":0.0,"axis":"y","origin":[8.0,10.52,8.0]},"faces":{"east":{"uv":[6.0,0.0625,8.5625,0.0625],"rotation":0,"texture":"#0","tintindex":0},"south":{"uv":[6.0,0.125,8.5625,0.125],"rotation":0,"texture":"#0","tintindex":0},"north":{"uv":[6.0,0.0,8.5625,0.0],"rotation":0,"texture":"#0","tintindex":0},"west":{"uv":[6.0,0.1875,8.5625,0.1875],"rotation":0,"texture":"#0","tintindex":0},"up":{"uv":[9.375,4.0,6.3125,0.9375],"rotation":0,"texture":"#0","tintindex":0},"down":{"uv":[9.375,0.9375,6.3125,4.0],"rotation":0,"texture":"#0","tintindex":0}}}],"display":{"head":{"translation":[0.0,-6.4,0.0],"scale":[4.0,4.0,4.0]}}}