{"textures":{"0":"modelengine:entity/arcane_magic_circle"},"elements":[{"from":[-4.1800013,8.0,-4.1800013],"to":[20.18,8.0,20.18],"rotation":{"angle":0.0,"axis":"y","origin":[8.0,9.68,8.0]},"faces":{"east":{"uv":[6.0,0.5625,7.875,0.5625],"rotation":0,"texture":"#0","tintindex":0},"south":{"uv":[6.0,0.625,7.875,0.625],"rotation":0,"texture":"#0","tintindex":0},"north":{"uv":[6.0,0.5,7.875,0.5],"rotation":0,"texture":"#0","tintindex":0},"west":{"uv":[6.0,0.6875,7.875,0.6875],"rotation":0,"texture":"#0","tintindex":0},"up":{"uv":[5.1875,7.0625,3.375,5.25],"rotation":0,"texture":"#0","tintindex":0},"down":{"uv":[5.1875,5.25,3.375,7.0625],"rotation":0,"texture":"#0","tintindex":0}}}],"display":{"head":{"translation":[0.0,-6.4,0.0],"scale":[4.0,4.0,4.0]}}}