{"textures":{"0":"modelengine:entity/arcane_magic_circle"},"elements":[{"from":[-14.260002,8.0,-14.260002],"to":[30.260002,8.0,30.260002],"rotation":{"angle":0.0,"axis":"y","origin":[8.0,11.360001,8.0]},"faces":{"east":{"uv":[6.0,0.3125,9.3125,0.3125],"rotation":0,"texture":"#0","tintindex":0},"south":{"uv":[6.0,0.375,9.3125,0.375],"rotation":0,"texture":"#0","tintindex":0},"north":{"uv":[6.0,0.25,9.3125,0.25],"rotation":0,"texture":"#0","tintindex":0},"west":{"uv":[6.0,0.4375,9.3125,0.4375],"rotation":0,"texture":"#0","tintindex":0},"up":{"uv":[3.3125,3.3125,0.0,0.0],"rotation":0,"texture":"#0","tintindex":0},"down":{"uv":[3.3125,0.0,0.0,3.3125],"rotation":0,"texture":"#0","tintindex":0}}}],"display":{"head":{"translation":[0.0,-6.4,0.0],"scale":[4.0,4.0,4.0]}}}