{"textures":{"0":"modelengine:entity/shamrock"},"elements":[{"from":[7.7070975,7.975,8.038482],"to":[8.278526,11.975,8.038482],"rotation":{"angle":0.0,"axis":"y","origin":[7.7070975,9.975,8.038482]},"faces":{"east":{"uv":[1.5,7.0,1.5,10.5],"rotation":0,"texture":"#0","tintindex":0},"south":{"uv":[6.5,6.0,6.0,9.5],"rotation":0,"texture":"#0","tintindex":0},"north":{"uv":[6.0,6.0,6.5,9.5],"rotation":0,"texture":"#0","tintindex":0},"west":{"uv":[2.0,7.0,2.0,10.5],"rotation":0,"texture":"#0","tintindex":0},"up":{"uv":[3.5,7.0,2.5,7.0],"rotation":0,"texture":"#0","tintindex":0},"down":{"uv":[5.0,7.0,4.0,7.0],"rotation":0,"texture":"#0","tintindex":0}}},{"from":[6.56424,11.975,4.60991],"to":[9.421383,11.975,8.038482],"rotation":{"angle":45.0,"axis":"y","origin":[7.9928117,11.989285,8.038482]},"faces":{"east":{"uv":[7.5,6.0,10.5,6.0],"rotation":0,"texture":"#0","tintindex":0},"south":{"uv":[7.5,6.5,10.0,6.5],"rotation":0,"texture":"#0","tintindex":0},"north":{"uv":[2.5,7.5,5.0,7.5],"rotation":0,"texture":"#0","tintindex":0},"west":{"uv":[7.5,7.0,10.5,7.0],"rotation":0,"texture":"#0","tintindex":0},"up":{"uv":[2.5,3.0,0.0,0.0],"rotation":0,"texture":"#0","tintindex":0},"down":{"uv":[2.5,0.0,0.0,3.0],"rotation":0,"texture":"#0","tintindex":0}}},{"from":[7.9928117,11.989285,6.60991],"to":[11.421383,11.989285,9.467053],"rotation":{"angle":22.5,"axis":"y","origin":[7.9928117,11.989285,8.038482]},"faces":{"east":{"uv":[2.5,7.5,5.0,7.5],"rotation":0,"texture":"#0","tintindex":0},"south":{"uv":[7.5,6.0,10.5,6.0],"rotation":0,"texture":"#0","tintindex":0},"north":{"uv":[7.5,7.0,10.5,7.0],"rotation":0,"texture":"#0","tintindex":0},"west":{"uv":[7.5,6.5,10.0,6.5],"rotation":0,"texture":"#0","tintindex":0},"up":{"uv":[2.5,3.0,0.0,0.0],"rotation":90,"texture":"#0","tintindex":0},"down":{"uv":[2.5,0.0,0.0,3.0],"rotation":270,"texture":"#0","tintindex":0}}},{"from":[6.56424,12.0035715,8.038482],"to":[9.421383,12.0035715,11.467053],"rotation":{"angle":0.0,"axis":"y","origin":[7.9928117,11.989285,8.038482]},"faces":{"east":{"uv":[2.5,8.0,5.5,8.0],"rotation":0,"texture":"#0","tintindex":0},"south":{"uv":[7.5,8.0,10.0,8.0],"rotation":0,"texture":"#0","tintindex":0},"north":{"uv":[7.5,7.5,10.0,7.5],"rotation":0,"texture":"#0","tintindex":0},"west":{"uv":[2.5,8.5,5.5,8.5],"rotation":0,"texture":"#0","tintindex":0},"up":{"uv":[2.5,0.0,0.0,3.0],"rotation":0,"texture":"#0","tintindex":0},"down":{"uv":[2.5,3.0,0.0,0.0],"rotation":0,"texture":"#0","tintindex":0}}}],"display":{"head":{"translation":[0.0,-6.4,0.0],"scale":[4.0,4.0,4.0]}}}