{"textures":{"0":"modelengine:entity/void_chains"},"elements":[{"from":[8.0,4.2285714,3.8285713],"to":[8.0,7.5657144,8.834286],"rotation":{"angle":0.0,"axis":"y","origin":[8.0,5.8971424,19.054287]},"faces":{"east":{"uv":[0.0,0.0,4.0,6.0],"rotation":270,"texture":"#0","tintindex":0},"south":{"uv":[6.0,7.0,2.0,7.0],"rotation":90,"texture":"#0","tintindex":0},"north":{"uv":[11.0,7.0,7.0,7.0],"rotation":90,"texture":"#0","tintindex":0},"west":{"uv":[4.0,0.0,0.0,6.0],"rotation":90,"texture":"#0","tintindex":0},"up":{"uv":[1.0,7.0,1.0,13.0],"rotation":180,"texture":"#0","tintindex":0},"down":{"uv":[0.0,7.0,0.0,13.0],"rotation":0,"texture":"#0","tintindex":0}}},{"from":[6.3314285,5.8971424,0.4914279],"to":[9.668571,5.8971424,5.497143],"rotation":{"angle":0.0,"axis":"y","origin":[8.0,5.8971424,19.054287]},"faces":{"east":{"uv":[1.0,7.0,1.0,13.0],"rotation":270,"texture":"#0","tintindex":0},"south":{"uv":[6.0,7.0,2.0,7.0],"rotation":180,"texture":"#0","tintindex":0},"north":{"uv":[11.0,7.0,7.0,7.0],"rotation":0,"texture":"#0","tintindex":0},"west":{"uv":[0.0,7.0,0.0,13.0],"rotation":90,"texture":"#0","tintindex":0},"up":{"uv":[4.0,0.0,0.0,6.0],"rotation":180,"texture":"#0","tintindex":0},"down":{"uv":[0.0,0.0,4.0,6.0],"rotation":0,"texture":"#0","tintindex":0}}}],"display":{"head":{"translation":[0.0,-6.4,0.0],"scale":[4.0,4.0,4.0]}}}