{"textures":{"0":"modelengine:entity/void_chains"},"elements":[{"from":[8.0,5.08,0.8171425],"to":[8.0,10.92,8.325714],"rotation":{"angle":0.0,"axis":"y","origin":[8.0,8.0,25.220001]},"faces":{"east":{"uv":[6.0,11.0,13.0,2.0],"rotation":270,"texture":"#0","tintindex":0},"south":{"uv":[11.0,7.0,7.0,7.0],"rotation":90,"texture":"#0","tintindex":0},"north":{"uv":[6.0,7.0,2.0,7.0],"rotation":90,"texture":"#0","tintindex":0},"west":{"uv":[6.0,2.0,13.0,11.0],"rotation":270,"texture":"#0","tintindex":0},"up":{"uv":[1.0,7.0,1.0,13.0],"rotation":0,"texture":"#0","tintindex":0},"down":{"uv":[0.0,7.0,0.0,13.0],"rotation":180,"texture":"#0","tintindex":0}}}],"display":{"head":{"translation":[0.0,-6.4,0.0],"scale":[4.0,4.0,4.0]}}}