{"textures":{"0":"modelengine:entity/spike_trap"},"elements":[{"from":[4.285714,6.857143,4.285714],"to":[11.714286,8.0,11.714286],"rotation":{"angle":0.0,"axis":"y","origin":[8.0,7.1571426,8.0]},"faces":{"east":{"uv":[8.0,4.0,11.25,4.5],"rotation":0,"texture":"#0","tintindex":0},"south":{"uv":[8.0,4.75,11.25,5.25],"rotation":0,"texture":"#0","tintindex":0},"north":{"uv":[3.0,8.0,6.25,8.5],"rotation":0,"texture":"#0","tintindex":0},"west":{"uv":[8.0,5.5,11.25,6.0],"rotation":0,"texture":"#0","tintindex":0},"up":{"uv":[3.25,3.25,0.0,0.0],"rotation":0,"texture":"#0","tintindex":0},"down":{"uv":[3.25,3.5,0.0,6.75],"rotation":0,"texture":"#0","tintindex":0}}}],"display":{"head":{"translation":[0.0,-6.4,0.0],"scale":[4.0,4.0,4.0]}}}