{"textures":{"0":"modelengine:entity/hastur"},"elements":[{"from":[4.3742857,7.842675,5.167059],"to":[11.625714,12.676962,9.195631],"rotation":{"angle":0.0,"axis":"y","origin":[7.194286,10.6630945,9.541438]},"faces":{"east":{"uv":[1.0,6.5,1.625,7.25],"rotation":0,"texture":"#0","tintindex":0},"south":{"uv":[5.0,1.875,6.125,2.625],"rotation":0,"texture":"#0","tintindex":0},"north":{"uv":[5.0,1.0,6.125,1.75],"rotation":0,"texture":"#0","tintindex":0},"west":{"uv":[4.5,6.625,5.125,7.375],"rotation":0,"texture":"#0","tintindex":0},"up":{"uv":[3.625,5.75,2.5,5.125],"rotation":0,"texture":"#0","tintindex":0},"down":{"uv":[1.125,5.625,0.0,6.25],"rotation":0,"texture":"#0","tintindex":0}}},{"from":[11.625714,10.46794,6.095875],"to":[11.625714,20.136513,13.347303],"rotation":{"angle":-22.5,"axis":"x","origin":[7.194286,10.6630945,9.541438]},"faces":{"east":{"uv":[0.0,1.625,1.125,3.125],"rotation":0,"texture":"#0","tintindex":0},"south":{"uv":[1.25,7.375,1.25,8.875],"rotation":0,"texture":"#0","tintindex":0},"north":{"uv":[1.125,7.375,1.125,8.875],"rotation":0,"texture":"#0","tintindex":0},"west":{"uv":[1.125,1.625,0.0,3.125],"rotation":0,"texture":"#0","tintindex":0},"up":{"uv":[1.375,8.5,1.375,7.375],"rotation":0,"texture":"#0","tintindex":0},"down":{"uv":[1.5,7.375,1.5,8.5],"rotation":0,"texture":"#0","tintindex":0}}},{"from":[4.3742857,10.46794,6.095875],"to":[4.3742857,20.136513,13.347303],"rotation":{"angle":-22.5,"axis":"x","origin":[7.194286,10.6630945,9.541438]},"faces":{"east":{"uv":[0.0,1.625,1.125,3.125],"rotation":0,"texture":"#0","tintindex":0},"south":{"uv":[1.25,7.375,1.25,8.875],"rotation":0,"texture":"#0","tintindex":0},"north":{"uv":[1.125,7.375,1.125,8.875],"rotation":0,"texture":"#0","tintindex":0},"west":{"uv":[1.125,1.625,0.0,3.125],"rotation":0,"texture":"#0","tintindex":0},"up":{"uv":[1.375,8.5,1.375,7.375],"rotation":0,"texture":"#0","tintindex":0},"down":{"uv":[1.5,7.375,1.5,8.5],"rotation":0,"texture":"#0","tintindex":0}}},{"from":[4.3742857,12.885084,13.347303],"to":[11.625714,20.136513,13.347303],"rotation":{"angle":-22.5,"axis":"x","origin":[7.194286,10.6630945,9.541438]},"faces":{"east":{"uv":[1.625,7.375,1.625,8.5],"rotation":0,"texture":"#0","tintindex":0},"south":{"uv":[0.0,3.25,1.125,4.375],"rotation":0,"texture":"#0","tintindex":0},"north":{"uv":[1.125,3.25,0.0,4.375],"rotation":0,"texture":"#0","tintindex":0},"west":{"uv":[7.375,7.0,7.375,8.125],"rotation":0,"texture":"#0","tintindex":0},"up":{"uv":[8.375,4.5,7.25,4.5],"rotation":0,"texture":"#0","tintindex":0},"down":{"uv":[8.375,4.625,7.25,4.625],"rotation":0,"texture":"#0","tintindex":0}}},{"from":[4.3742857,20.136513,6.095875],"to":[11.625714,20.136513,13.347303],"rotation":{"angle":-22.5,"axis":"x","origin":[7.194286,10.6630945,9.541438]},"faces":{"east":{"uv":[7.25,4.875,8.375,4.875],"rotation":0,"texture":"#0","tintindex":0},"south":{"uv":[7.25,5.0,8.375,5.0],"rotation":0,"texture":"#0","tintindex":0},"north":{"uv":[7.25,4.75,8.375,4.75],"rotation":0,"texture":"#0","tintindex":0},"west":{"uv":[7.25,5.125,8.375,5.125],"rotation":0,"texture":"#0","tintindex":0},"up":{"uv":[2.375,4.375,1.25,3.25],"rotation":0,"texture":"#0","tintindex":0},"down":{"uv":[2.375,3.25,1.25,4.375],"rotation":0,"texture":"#0","tintindex":0}}},{"from":[4.3742857,12.885084,6.095875],"to":[11.625714,12.885084,13.347303],"rotation":{"angle":-22.5,"axis":"x","origin":[7.194286,10.6630945,9.541438]},"faces":{"east":{"uv":[7.5,1.625,8.625,1.625],"rotation":0,"texture":"#0","tintindex":0},"south":{"uv":[7.5,1.75,8.625,1.75],"rotation":0,"texture":"#0","tintindex":0},"north":{"uv":[7.5,1.5,8.625,1.5],"rotation":0,"texture":"#0","tintindex":0},"west":{"uv":[7.5,1.875,8.625,1.875],"rotation":0,"texture":"#0","tintindex":0},"up":{"uv":[4.875,3.625,3.75,2.5],"rotation":0,"texture":"#0","tintindex":0},"down":{"uv":[4.875,2.5,3.75,3.625],"rotation":0,"texture":"#0","tintindex":0}}},{"from":[5.18,13.4956455,5.179361],"to":[10.82,18.329931,9.207932],"rotation":{"angle":0.0,"axis":"y","origin":[7.194286,10.6630945,9.541438]},"faces":{"east":{"uv":[5.25,6.625,5.875,7.375],"rotation":0,"texture":"#0","tintindex":0},"south":{"uv":[5.0,5.75,5.875,6.5],"rotation":0,"texture":"#0","tintindex":0},"north":{"uv":[1.25,5.625,2.125,6.375],"rotation":0,"texture":"#0","tintindex":0},"west":{"uv":[6.75,5.25,7.375,6.0],"rotation":0,"texture":"#0","tintindex":0},"up":{"uv":[7.125,5.125,6.25,4.5],"rotation":0,"texture":"#0","tintindex":0},"down":{"uv":[0.875,6.375,0.0,7.0],"rotation":0,"texture":"#0","tintindex":0}}}],"display":{"head":{"translation":[0.0,-6.4,0.0],"scale":[4.0,4.0,4.0]}}}