{"textures":{"0":"modelengine:entity/hastur"},"elements":[{"from":[4.3742857,-0.9074974,7.011449],"to":[11.625714,7.149646,7.011449],"rotation":{"angle":-22.5,"axis":"x","origin":[7.194286,10.138337,5.3639183]},"faces":{"east":{"uv":[4.5,7.5,4.5,8.75],"rotation":0,"texture":"#0","tintindex":0},"south":{"uv":[2.5,1.375,3.625,2.625],"rotation":0,"texture":"#0","tintindex":0},"north":{"uv":[3.625,1.375,2.5,2.625],"rotation":0,"texture":"#0","tintindex":0},"west":{"uv":[4.625,7.5,4.625,8.75],"rotation":0,"texture":"#0","tintindex":0},"up":{"uv":[8.625,4.25,7.5,4.25],"rotation":0,"texture":"#0","tintindex":0},"down":{"uv":[8.625,4.375,7.5,4.375],"rotation":0,"texture":"#0","tintindex":0}}}],"display":{"head":{"translation":[0.0,-6.4,0.0],"scale":[4.0,4.0,4.0]}}}