{"textures":{"0":"modelengine:entity/hastur"},"elements":[{"from":[4.3742857,2.3228564,8.0],"to":[11.625714,7.9628572,8.0],"rotation":{"angle":0.0,"axis":"y","origin":[7.194286,4.4532566,5.3342185]},"faces":{"east":{"uv":[7.5,2.0,7.5,2.875],"rotation":0,"texture":"#0","tintindex":0},"south":{"uv":[5.0,0.0,6.125,0.875],"rotation":0,"texture":"#0","tintindex":0},"north":{"uv":[6.125,0.0,5.0,0.875],"rotation":0,"texture":"#0","tintindex":0},"west":{"uv":[7.5,3.0,7.5,3.875],"rotation":0,"texture":"#0","tintindex":0},"up":{"uv":[8.625,4.0,7.5,4.0],"rotation":0,"texture":"#0","tintindex":0},"down":{"uv":[8.625,4.125,7.5,4.125],"rotation":0,"texture":"#0","tintindex":0}}}],"display":{"head":{"translation":[0.0,-6.4,0.0],"scale":[4.0,4.0,4.0]}}}