{"textures":{"0":"modelengine:entity/hastur"},"elements":[{"from":[6.7914286,1.6342854,5.985714],"to":[6.7914286,8.08,10.014286],"rotation":{"angle":0.0,"axis":"y","origin":[11.222857,11.3422365,9.0372715]},"faces":{"east":{"uv":[6.625,5.75,6.0,6.75],"rotation":0,"texture":"#0","tintindex":0},"south":{"uv":[5.75,7.5,5.75,8.5],"rotation":0,"texture":"#0","tintindex":0},"north":{"uv":[5.625,7.5,5.625,8.5],"rotation":0,"texture":"#0","tintindex":0},"west":{"uv":[6.0,5.75,6.625,6.75],"rotation":0,"texture":"#0","tintindex":0},"up":{"uv":[5.875,8.125,5.875,7.5],"rotation":0,"texture":"#0","tintindex":0},"down":{"uv":[7.5,6.375,7.5,7.0],"rotation":0,"texture":"#0","tintindex":0}}},{"from":[6.7914286,1.6342854,10.014286],"to":[9.208571,8.08,10.014286],"rotation":{"angle":0.0,"axis":"y","origin":[11.222857,11.3422365,9.0372715]},"faces":{"east":{"uv":[5.25,7.5,5.25,8.5],"rotation":0,"texture":"#0","tintindex":0},"south":{"uv":[7.0,1.5,7.375,2.5],"rotation":0,"texture":"#0","tintindex":0},"north":{"uv":[7.375,1.5,7.0,2.5],"rotation":0,"texture":"#0","tintindex":0},"west":{"uv":[7.5,5.25,7.5,6.25],"rotation":0,"texture":"#0","tintindex":0},"up":{"uv":[6.625,5.25,6.25,5.25],"rotation":0,"texture":"#0","tintindex":0},"down":{"uv":[6.625,5.375,6.25,5.375],"rotation":0,"texture":"#0","tintindex":0}}},{"from":[6.7914286,1.6342854,5.985714],"to":[9.208571,8.08,5.985714],"rotation":{"angle":0.0,"axis":"y","origin":[11.222857,11.3422365,9.0372715]},"faces":{"east":{"uv":[5.375,7.5,5.375,8.5],"rotation":0,"texture":"#0","tintindex":0},"south":{"uv":[2.625,7.0,2.25,8.0],"rotation":0,"texture":"#0","tintindex":0},"north":{"uv":[2.25,7.0,2.625,8.0],"rotation":0,"texture":"#0","tintindex":0},"west":{"uv":[5.5,7.5,5.5,8.5],"rotation":0,"texture":"#0","tintindex":0},"up":{"uv":[6.625,5.5,6.25,5.5],"rotation":0,"texture":"#0","tintindex":0},"down":{"uv":[6.625,5.625,6.25,5.625],"rotation":0,"texture":"#0","tintindex":0}}},{"from":[9.208571,1.6342854,5.985714],"to":[9.208571,8.08,10.014286],"rotation":{"angle":0.0,"axis":"y","origin":[11.222857,11.3422365,9.0372715]},"faces":{"east":{"uv":[2.25,5.875,2.875,6.875],"rotation":0,"texture":"#0","tintindex":0},"south":{"uv":[4.875,7.5,4.875,8.5],"rotation":0,"texture":"#0","tintindex":0},"north":{"uv":[4.75,7.5,4.75,8.5],"rotation":0,"texture":"#0","tintindex":0},"west":{"uv":[2.875,5.875,2.25,6.875],"rotation":0,"texture":"#0","tintindex":0},"up":{"uv":[5.0,8.125,5.0,7.5],"rotation":0,"texture":"#0","tintindex":0},"down":{"uv":[5.125,7.5,5.125,8.125],"rotation":0,"texture":"#0","tintindex":0}}}],"display":{"head":{"translation":[0.0,-6.4,0.0],"scale":[4.0,4.0,4.0]}}}