{"textures":{"0":"modelengine:entity/hastur"},"elements":[{"from":[6.7914286,3.7257142,5.985714],"to":[9.208571,8.56,10.014286],"rotation":{"angle":0.0,"axis":"y","origin":[11.222857,6.987951,9.036466]},"faces":{"east":{"uv":[6.75,6.125,7.375,6.875],"rotation":0,"texture":"#0","tintindex":0},"south":{"uv":[3.25,7.0,3.625,7.75],"rotation":0,"texture":"#0","tintindex":0},"north":{"uv":[2.75,7.0,3.125,7.75],"rotation":0,"texture":"#0","tintindex":0},"west":{"uv":[6.0,6.875,6.625,7.625],"rotation":0,"texture":"#0","tintindex":0},"up":{"uv":[4.875,6.5,4.5,5.875],"rotation":0,"texture":"#0","tintindex":0},"down":{"uv":[4.125,7.0,3.75,7.625],"rotation":0,"texture":"#0","tintindex":0}}}],"display":{"head":{"translation":[0.0,-6.4,0.0],"scale":[4.0,4.0,4.0]}}}