{"textures":{"0":"modelengine:entity/hastur"},"elements":[{"from":[5.919919,4.337143,10.18469],"to":[5.919919,8.365714,12.601833],"rotation":{"angle":-45.0,"axis":"y","origin":[11.055988,11.186133,12.20751]},"faces":{"east":{"uv":[7.125,7.0,6.75,7.625],"rotation":0,"texture":"#0","tintindex":0},"south":{"uv":[4.0,7.75,4.0,8.375],"rotation":0,"texture":"#0","tintindex":0},"north":{"uv":[3.875,7.75,3.875,8.375],"rotation":0,"texture":"#0","tintindex":0},"west":{"uv":[6.75,7.0,7.125,7.625],"rotation":0,"texture":"#0","tintindex":0},"up":{"uv":[4.125,8.125,4.125,7.75],"rotation":0,"texture":"#0","tintindex":0},"down":{"uv":[7.75,5.25,7.75,5.625],"rotation":0,"texture":"#0","tintindex":0}}},{"from":[4.7113476,1.9199996,11.393261],"to":[7.1284904,5.948571,11.393261],"rotation":{"angle":-45.0,"axis":"y","origin":[11.055988,11.186133,12.20751]},"faces":{"east":{"uv":[6.0,7.75,6.0,8.375],"rotation":0,"texture":"#0","tintindex":0},"south":{"uv":[6.75,7.0,7.125,7.625],"rotation":0,"texture":"#0","tintindex":0},"north":{"uv":[7.125,7.0,6.75,7.625],"rotation":0,"texture":"#0","tintindex":0},"west":{"uv":[7.75,5.75,7.75,6.375],"rotation":0,"texture":"#0","tintindex":0},"up":{"uv":[8.0,3.625,7.625,3.625],"rotation":180,"texture":"#0","tintindex":0},"down":{"uv":[8.0,3.75,7.625,3.75],"rotation":180,"texture":"#0","tintindex":0}}}],"display":{"head":{"translation":[0.0,-6.4,0.0],"scale":[4.0,4.0,4.0]}}}