{"textures":{"0":"modelengine:entity/hastur"},"elements":[{"from":[6.7914286,3.7257142,5.985714],"to":[9.208571,8.56,10.014286],"rotation":{"angle":0.0,"axis":"y","origin":[4.7771425,6.987951,9.036466]},"faces":{"east":{"uv":[6.625,6.875,6.0,7.625],"rotation":0,"texture":"#0","tintindex":0},"south":{"uv":[3.625,7.0,3.25,7.75],"rotation":0,"texture":"#0","tintindex":0},"north":{"uv":[3.125,7.0,2.75,7.75],"rotation":0,"texture":"#0","tintindex":0},"west":{"uv":[7.375,6.125,6.75,6.875],"rotation":0,"texture":"#0","tintindex":0},"up":{"uv":[4.5,6.5,4.875,5.875],"rotation":0,"texture":"#0","tintindex":0},"down":{"uv":[3.75,7.0,4.125,7.625],"rotation":0,"texture":"#0","tintindex":0}}}],"display":{"head":{"translation":[0.0,-6.4,0.0],"scale":[4.0,4.0,4.0]}}}