{"textures":{"0":"modelengine:entity/hastur"},"elements":[{"from":[10.080081,4.337143,10.18469],"to":[10.080081,8.365714,12.601833],"rotation":{"angle":45.0,"axis":"y","origin":[4.9440117,11.186133,12.20751]},"faces":{"east":{"uv":[7.125,7.0,6.75,7.625],"rotation":0,"texture":"#0","tintindex":0},"south":{"uv":[4.0,7.75,4.0,8.375],"rotation":0,"texture":"#0","tintindex":0},"north":{"uv":[3.875,7.75,3.875,8.375],"rotation":0,"texture":"#0","tintindex":0},"west":{"uv":[6.75,7.0,7.125,7.625],"rotation":0,"texture":"#0","tintindex":0},"up":{"uv":[4.125,8.125,4.125,7.75],"rotation":0,"texture":"#0","tintindex":0},"down":{"uv":[7.75,5.25,7.75,5.625],"rotation":0,"texture":"#0","tintindex":0}}},{"from":[8.87151,1.9199996,11.393261],"to":[11.288652,5.948571,11.393261],"rotation":{"angle":45.0,"axis":"y","origin":[4.9440117,11.186133,12.20751]},"faces":{"east":{"uv":[7.75,5.75,7.75,6.375],"rotation":0,"texture":"#0","tintindex":0},"south":{"uv":[7.125,7.0,6.75,7.625],"rotation":0,"texture":"#0","tintindex":0},"north":{"uv":[6.75,7.0,7.125,7.625],"rotation":0,"texture":"#0","tintindex":0},"west":{"uv":[6.0,7.75,6.0,8.375],"rotation":0,"texture":"#0","tintindex":0},"up":{"uv":[7.625,3.625,8.0,3.625],"rotation":180,"texture":"#0","tintindex":0},"down":{"uv":[7.625,3.75,8.0,3.75],"rotation":180,"texture":"#0","tintindex":0}}}],"display":{"head":{"translation":[0.0,-6.4,0.0],"scale":[4.0,4.0,4.0]}}}