{"textures":{"0":"modelengine:entity/hastur"},"elements":[{"from":[4.364214,9.093103,4.050432],"to":[11.635786,13.1216755,8.079004],"rotation":{"angle":-22.5,"axis":"x","origin":[7.194286,14.0534,9.17116]},"faces":{"east":{"uv":[7.0,0.0,7.625,0.625],"rotation":0,"texture":"#0","tintindex":0},"south":{"uv":[5.0,3.5,6.125,4.125],"rotation":0,"texture":"#0","tintindex":0},"north":{"uv":[5.0,2.75,6.125,3.375],"rotation":0,"texture":"#0","tintindex":0},"west":{"uv":[7.0,0.75,7.625,1.375],"rotation":0,"texture":"#0","tintindex":0},"up":{"uv":[6.125,4.875,5.0,4.25],"rotation":0,"texture":"#0","tintindex":0},"down":{"uv":[6.125,5.0,5.0,5.625],"rotation":0,"texture":"#0","tintindex":0}}}],"display":{"head":{"translation":[0.0,-6.4,0.0],"scale":[4.0,4.0,4.0]}}}