{"textures":{"0":"modelengine:entity/hastur"},"elements":[{"from":[4.3742857,7.512867,3.3199978],"to":[11.625714,13.958582,3.3199978],"rotation":{"angle":-45.0,"axis":"x","origin":[7.194286,16.58168,5.9205847]},"faces":{"east":{"uv":[7.625,2.0,7.625,3.0],"rotation":0,"texture":"#0","tintindex":0},"south":{"uv":[2.5,4.0,3.625,5.0],"rotation":0,"texture":"#0","tintindex":0},"north":{"uv":[3.625,4.0,2.5,5.0],"rotation":0,"texture":"#0","tintindex":0},"west":{"uv":[2.125,7.625,2.125,8.625],"rotation":0,"texture":"#0","tintindex":0},"up":{"uv":[8.75,3.125,7.625,3.125],"rotation":0,"texture":"#0","tintindex":0},"down":{"uv":[8.75,3.25,7.625,3.25],"rotation":0,"texture":"#0","tintindex":0}}},{"from":[4.3742857,7.512867,-0.7085743],"to":[4.3742857,13.958582,3.3199978],"rotation":{"angle":-45.0,"axis":"x","origin":[7.194286,16.58168,5.9205847]},"faces":{"east":{"uv":[6.875,3.375,6.25,4.375],"rotation":0,"texture":"#0","tintindex":0},"south":{"uv":[7.75,0.0,7.75,1.0],"rotation":0,"texture":"#0","tintindex":0},"north":{"uv":[7.625,7.5,7.625,8.5],"rotation":0,"texture":"#0","tintindex":0},"west":{"uv":[6.25,3.375,6.875,4.375],"rotation":0,"texture":"#0","tintindex":0},"up":{"uv":[7.75,2.625,7.75,2.0],"rotation":0,"texture":"#0","tintindex":0},"down":{"uv":[3.75,7.75,3.75,8.375],"rotation":0,"texture":"#0","tintindex":0}}},{"from":[11.625714,7.512867,-0.7085743],"to":[11.625714,13.958582,3.3199978],"rotation":{"angle":-45.0,"axis":"x","origin":[7.194286,16.58168,5.9205847]},"faces":{"east":{"uv":[6.875,3.375,6.25,4.375],"rotation":0,"texture":"#0","tintindex":0},"south":{"uv":[7.75,0.0,7.75,1.0],"rotation":0,"texture":"#0","tintindex":0},"north":{"uv":[7.625,7.5,7.625,8.5],"rotation":0,"texture":"#0","tintindex":0},"west":{"uv":[6.25,3.375,6.875,4.375],"rotation":0,"texture":"#0","tintindex":0},"up":{"uv":[7.75,2.625,7.75,2.0],"rotation":0,"texture":"#0","tintindex":0},"down":{"uv":[3.75,7.75,3.75,8.375],"rotation":0,"texture":"#0","tintindex":0}}},{"from":[4.3742857,7.512867,-0.7085743],"to":[11.625714,13.958582,-0.7085743],"rotation":{"angle":-45.0,"axis":"x","origin":[7.194286,16.58168,5.9205847]},"faces":{"east":{"uv":[7.625,5.25,7.625,6.25],"rotation":0,"texture":"#0","tintindex":0},"south":{"uv":[2.5,4.0,3.625,5.0],"rotation":0,"texture":"#0","tintindex":0},"north":{"uv":[3.625,4.0,2.5,5.0],"rotation":0,"texture":"#0","tintindex":0},"west":{"uv":[7.625,6.375,7.625,7.375],"rotation":0,"texture":"#0","tintindex":0},"up":{"uv":[8.75,3.375,7.625,3.375],"rotation":0,"texture":"#0","tintindex":0},"down":{"uv":[8.75,3.5,7.625,3.5],"rotation":0,"texture":"#0","tintindex":0}}}],"display":{"head":{"translation":[0.0,-6.4,0.0],"scale":[4.0,4.0,4.0]}}}