{"textures":{"0":"modelengine:entity/vase_small"},"elements":[{"from":[6.0,7.952381,6.0],"to":[10.0,11.380953,10.0],"rotation":{"angle":0.0,"axis":"y","origin":[8.0,10.523809,8.0]},"faces":{"east":{"uv":[4.0,0.0,7.5,3.0],"rotation":0,"texture":"#0","tintindex":0},"south":{"uv":[4.0,0.0,7.5,3.0],"rotation":0,"texture":"#0","tintindex":0},"north":{"uv":[4.0,0.0,7.5,3.0],"rotation":0,"texture":"#0","tintindex":0},"west":{"uv":[4.0,0.0,7.5,3.0],"rotation":0,"texture":"#0","tintindex":0},"up":{"uv":[3.5,3.5,0.0,0.0],"rotation":0,"texture":"#0","tintindex":0},"down":{"uv":[3.5,4.0,0.0,7.5],"rotation":0,"texture":"#0","tintindex":0}}},{"from":[6.857143,11.380953,6.857143],"to":[9.142858,11.952381,9.142858],"rotation":{"angle":0.0,"axis":"y","origin":[8.285714,10.523809,8.285714]},"faces":{"east":{"uv":[0.0,11.5,2.0,12.0],"rotation":0,"texture":"#0","tintindex":0},"south":{"uv":[0.0,11.5,2.0,12.0],"rotation":0,"texture":"#0","tintindex":0},"north":{"uv":[0.0,11.5,2.0,12.0],"rotation":0,"texture":"#0","tintindex":0},"west":{"uv":[0.0,11.5,2.0,12.0],"rotation":0,"texture":"#0","tintindex":0},"up":{"uv":[10.0,9.0,8.0,7.0],"rotation":0,"texture":"#0","tintindex":0},"down":{"uv":[10.0,9.5,8.0,11.5],"rotation":0,"texture":"#0","tintindex":0}}},{"from":[6.285714,11.952381,6.285714],"to":[9.714286,13.095239,9.714286],"rotation":{"angle":0.0,"axis":"y","origin":[8.285714,10.523809,8.285714]},"faces":{"east":{"uv":[4.0,10.5,7.0,11.5],"rotation":0,"texture":"#0","tintindex":0},"south":{"uv":[4.0,10.5,7.0,11.5],"rotation":0,"texture":"#0","tintindex":0},"north":{"uv":[4.0,10.5,7.0,11.5],"rotation":0,"texture":"#0","tintindex":0},"west":{"uv":[4.0,10.5,7.0,11.5],"rotation":0,"texture":"#0","tintindex":0},"up":{"uv":[11.0,3.0,8.0,0.0],"rotation":0,"texture":"#0","tintindex":0},"down":{"uv":[11.0,3.5,8.0,6.5],"rotation":0,"texture":"#0","tintindex":0}}}],"display":{"head":{"translation":[0.0,-6.4,0.0],"scale":[4.0,4.0,4.0]}}}