{"textures":{"0":"modelengine:entity/portal_a","1":"modelengine:entity/portal_round"},"elements":[{"from":[-8.0,-12.13625,8.0],"to":[24.0,19.86375,8.0],"rotation":{"angle":0.0,"axis":"y","origin":[5.142857,4.7066083,8.0]},"faces":{"east":{"uv":[2.25,6.5,2.25,8.5625],"rotation":0,"texture":"#0","tintindex":0},"south":{"uv":[10.5,5.5625,5.5,10.5625],"rotation":0,"texture":"#0","tintindex":0},"north":{"uv":[5.5,5.5625,10.5,10.5625],"rotation":0,"texture":"#0","tintindex":0},"west":{"uv":[2.3125,6.5,2.3125,8.5625],"rotation":0,"texture":"#0","tintindex":0},"up":{"uv":[7.875,1.5,6.25,1.5],"rotation":0,"texture":"#0","tintindex":0},"down":{"uv":[7.875,1.5625,6.25,1.5625],"rotation":0,"texture":"#0","tintindex":0}}},{"from":[-6.395651,-0.401659,5.7],"to":[-1.2527943,9.884056,5.7],"rotation":{"angle":0.0,"axis":"y","origin":[-0.681365,-4.9730873,8.285714]},"faces":{"east":{"uv":[10.75,13.0,10.75,15.25],"rotation":0,"texture":"#1","tintindex":0},"south":{"uv":[5.0,9.0,6.125,11.25],"rotation":0,"texture":"#1","tintindex":0},"north":{"uv":[6.125,9.0,5.0,11.25],"rotation":0,"texture":"#1","tintindex":0},"west":{"uv":[10.625,13.0,10.625,15.25],"rotation":0,"texture":"#1","tintindex":0},"up":{"uv":[9.375,5.625,10.5,5.625],"rotation":0,"texture":"#1","tintindex":0},"down":{"uv":[9.75,8.75,10.875,8.75],"rotation":0,"texture":"#1","tintindex":0}}},{"from":[17.252794,-0.401659,5.7],"to":[22.39565,9.884056,5.7],"rotation":{"angle":0.0,"axis":"y","origin":[16.681366,-4.9730873,8.285714]},"faces":{"east":{"uv":[10.625,13.0,10.625,15.25],"rotation":0,"texture":"#1","tintindex":0},"south":{"uv":[6.125,9.0,5.0,11.25],"rotation":0,"texture":"#1","tintindex":0},"north":{"uv":[5.0,9.0,6.125,11.25],"rotation":0,"texture":"#1","tintindex":0},"west":{"uv":[10.75,13.0,10.75,15.25],"rotation":0,"texture":"#1","tintindex":0},"up":{"uv":[10.5,5.625,9.375,5.625],"rotation":0,"texture":"#1","tintindex":0},"down":{"uv":[10.875,8.75,9.75,8.75],"rotation":0,"texture":"#1","tintindex":0}}},{"from":[0.85714245,14.300013,5.7],"to":[15.142858,18.87144,5.7],"rotation":{"angle":0.0,"axis":"y","origin":[-4.8571434,-5.6999884,8.285714]},"faces":{"east":{"uv":[10.375,13.0,10.375,14.0],"rotation":0,"texture":"#1","tintindex":0},"south":{"uv":[9.25,1.75,6.125,2.75],"rotation":0,"texture":"#1","tintindex":0},"north":{"uv":[6.125,1.75,9.25,2.75],"rotation":0,"texture":"#1","tintindex":0},"west":{"uv":[10.5,13.0,10.5,14.0],"rotation":0,"texture":"#1","tintindex":0},"up":{"uv":[9.25,5.625,6.125,5.625],"rotation":0,"texture":"#1","tintindex":0},"down":{"uv":[12.5,5.0,9.375,5.0],"rotation":0,"texture":"#1","tintindex":0}}},{"from":[17.252794,-0.401659,10.3],"to":[22.39565,9.884056,10.3],"rotation":{"angle":0.0,"axis":"y","origin":[16.681366,-4.9730873,7.714286]},"faces":{"east":{"uv":[10.625,13.0,10.625,15.25],"rotation":0,"texture":"#1","tintindex":0},"south":{"uv":[6.125,9.0,5.0,11.25],"rotation":0,"texture":"#1","tintindex":0},"north":{"uv":[5.0,9.0,6.125,11.25],"rotation":0,"texture":"#1","tintindex":0},"west":{"uv":[10.75,13.0,10.75,15.25],"rotation":0,"texture":"#1","tintindex":0},"up":{"uv":[10.5,5.625,9.375,5.625],"rotation":0,"texture":"#1","tintindex":0},"down":{"uv":[10.875,8.75,9.75,8.75],"rotation":0,"texture":"#1","tintindex":0}}},{"from":[0.85714245,14.300013,10.3],"to":[15.142858,18.87144,10.3],"rotation":{"angle":0.0,"axis":"y","origin":[-4.8571434,-5.6999884,7.714286]},"faces":{"east":{"uv":[10.375,13.0,10.375,14.0],"rotation":0,"texture":"#1","tintindex":0},"south":{"uv":[9.25,1.75,6.125,2.75],"rotation":0,"texture":"#1","tintindex":0},"north":{"uv":[6.125,1.75,9.25,2.75],"rotation":0,"texture":"#1","tintindex":0},"west":{"uv":[10.5,13.0,10.5,14.0],"rotation":0,"texture":"#1","tintindex":0},"up":{"uv":[9.25,5.625,6.125,5.625],"rotation":0,"texture":"#1","tintindex":0},"down":{"uv":[12.5,5.0,9.375,5.0],"rotation":0,"texture":"#1","tintindex":0}}},{"from":[-6.395651,-0.401659,10.3],"to":[-1.2527943,9.884056,10.3],"rotation":{"angle":0.0,"axis":"y","origin":[-0.681365,-4.9730873,7.714286]},"faces":{"east":{"uv":[10.75,13.0,10.75,15.25],"rotation":0,"texture":"#1","tintindex":0},"south":{"uv":[5.0,9.0,6.125,11.25],"rotation":0,"texture":"#1","tintindex":0},"north":{"uv":[6.125,9.0,5.0,11.25],"rotation":0,"texture":"#1","tintindex":0},"west":{"uv":[10.625,13.0,10.625,15.25],"rotation":0,"texture":"#1","tintindex":0},"up":{"uv":[9.375,5.625,10.5,5.625],"rotation":0,"texture":"#1","tintindex":0},"down":{"uv":[9.75,8.75,10.875,8.75],"rotation":0,"texture":"#1","tintindex":0}}}],"display":{"head":{"translation":[0.0,-6.4,0.0],"scale":[4.0,4.0,4.0]}}}