{
  "model": {
    "type": "minecraft:select",
    "property": "minecraft:custom_model_data",
    "index": 0,
    "cases": [
      {
        "when": "black",
        "model": {
          "type": "minecraft:model",
          "model": "tcc:item/paintbrush/black"
        }
      },
      {
        "when": "blue",
        "model": {
          "type": "minecraft:model",
          "model": "tcc:item/paintbrush/blue"
        }
      },
      {
        "when": "brown",
        "model": {
          "type": "minecraft:model",
          "model": "tcc:item/paintbrush/brown"
        }
      },
      {
        "when": "cyan",
        "model": {
          "type": "minecraft:model",
          "model": "tcc:item/paintbrush/cyan"
        }
      },
      {
        "when": "gray",
        "model": {
          "type": "minecraft:model",
          "model": "tcc:item/paintbrush/gray"
        }
      },
      {
        "when": "green",
        "model": {
          "type": "minecraft:model",
          "model": "tcc:item/paintbrush/green"
        }
      },
      {
        "when": "light_blue",
        "model": {
          "type": "minecraft:model",
          "model": "tcc:item/paintbrush/light_blue"
        }
      },
      {
        "when": "light_gray",
        "model": {
          "type": "minecraft:model",
          "model": "tcc:item/paintbrush/light_gray"
        }
      },
      {
        "when": "lime",
        "model": {
          "type": "minecraft:model",
          "model": "tcc:item/paintbrush/lime"
        }
      },
      {
        "when": "magenta",
        "model": {
          "type": "minecraft:model",
          "model": "tcc:item/paintbrush/magenta"
        }
      },
      {
        "when": "orange",
        "model": {
          "type": "minecraft:model",
          "model": "tcc:item/paintbrush/orange"
        }
      },
      {
        "when": "pink",
        "model": {
          "type": "minecraft:model",
          "model": "tcc:item/paintbrush/pink"
        }
      },
      {
        "when": "purple",
        "model": {
          "type": "minecraft:model",
          "model": "tcc:item/paintbrush/purple"
        }
      },
      {
        "when": "red",
        "model": {
          "type": "minecraft:model",
          "model": "tcc:item/paintbrush/red"
        }
      },
      {
        "when": "white",
        "model": {
          "type": "minecraft:model",
          "model": "tcc:item/paintbrush/white"
        }
      },
      {
        "when": "yellow",
        "model": {
          "type": "minecraft:model",
          "model": "tcc:item/paintbrush/yellow"
        }
      }
    ],
    "fallback": {
      "type": "minecraft:model",
      "model": "tcc:item/paintbrush/unused"
    }
  }
}