{
  "model": {
    "type": "minecraft:select",
    "property": "minecraft:custom_model_data",
    "cases": [
      {
        "when": "brown",
        "model": {
          "type": "minecraft:condition",
          "property": "minecraft:custom_model_data",
          "on_false": {
            "type": "minecraft:model",
            "model": "tcc:item/snail_bucket/brown"
          },
          "on_true": {
            "type": "minecraft:model",
            "model": "tcc:item/snail_bucket/brown_baby"
          }
        }
      },
      {
        "when": "black",
        "model": {
          "type": "minecraft:condition",
          "property": "minecraft:custom_model_data",
          "on_false": {
            "type": "minecraft:model",
            "model": "tcc:item/snail_bucket/black"
          },
          "on_true": {
            "type": "minecraft:model",
            "model": "tcc:item/snail_bucket/black_baby"
          }
        }
      },
      {
        "when": "yellow",
        "model": {
          "type": "minecraft:condition",
          "property": "minecraft:custom_model_data",
          "on_false": {
            "type": "minecraft:model",
            "model": "tcc:item/snail_bucket/yellow"
          },
          "on_true": {
            "type": "minecraft:model",
            "model": "tcc:item/snail_bucket/yellow_baby"
          }
        }
      },
      {
        "when": "spiral",
        "model": {
          "type": "minecraft:condition",
          "property": "minecraft:custom_model_data",
          "on_false": {
            "type": "minecraft:model",
            "model": "tcc:item/snail_bucket/spiral"
          },
          "on_true": {
            "type": "minecraft:model",
            "model": "tcc:item/snail_bucket/spiral_baby"
          }
        }
      },
      {
        "when": "light_blue",
        "model": {
          "type": "minecraft:condition",
          "property": "minecraft:custom_model_data",
          "on_false": {
            "type": "minecraft:model",
            "model": "tcc:item/snail_bucket/light_blue"
          },
          "on_true": {
            "type": "minecraft:model",
            "model": "tcc:item/snail_bucket/light_blue_baby"
          }
        }
      },
      {
        "when": "skull",
        "model": {
          "type": "minecraft:condition",
          "property": "minecraft:custom_model_data",
          "on_false": {
            "type": "minecraft:model",
            "model": "tcc:item/snail_bucket/skull"
          },
          "on_true": {
            "type": "minecraft:model",
            "model": "tcc:item/snail_bucket/skull_baby"
          }
        }
      },
      {
        "when": "gary",
        "model": {
          "type": "minecraft:condition",
          "property": "minecraft:custom_model_data",
          "on_false": {
            "type": "minecraft:model",
            "model": "tcc:item/snail_bucket/gary"
          },
          "on_true": {
            "type": "minecraft:model",
            "model": "tcc:item/snail_bucket/gary_baby"
          }
        }
      }
    ],
    "fallback": {
      "type": "minecraft:model",
      "model": "tcc:item/snail_bucket/brown"
    }
  }
}