{"textures":{"0":"modelengine:entity/spike_trap"},"elements":[{"from":[6.285714,6.0,4.8515406],"to":[6.285714,10.0,7.708684],"rotation":{"angle":0.0,"axis":"y","origin":[6.285714,8.014286,6.2801123]},"faces":{"east":{"uv":[6.25,0.0,5.0,1.75],"rotation":0,"texture":"#0","tintindex":0},"south":{"uv":[7.25,8.0,7.25,9.75],"rotation":0,"texture":"#0","tintindex":0},"north":{"uv":[7.5,8.0,7.5,9.75],"rotation":0,"texture":"#0","tintindex":0},"west":{"uv":[5.0,0.0,6.25,1.75],"rotation":0,"texture":"#0","tintindex":0},"up":{"uv":[9.5,6.25,8.25,6.25],"rotation":90,"texture":"#0","tintindex":0},"down":{"uv":[9.5,6.5,8.25,6.5],"rotation":270,"texture":"#0","tintindex":0}}},{"from":[4.8571424,6.0,6.2801123],"to":[7.714286,10.0,6.2801123],"rotation":{"angle":0.0,"axis":"y","origin":[6.285714,8.014286,6.2801123]},"faces":{"east":{"uv":[8.0,6.25,8.0,8.0],"rotation":0,"texture":"#0","tintindex":0},"south":{"uv":[5.0,0.0,6.25,1.75],"rotation":0,"texture":"#0","tintindex":0},"north":{"uv":[6.25,0.0,5.0,1.75],"rotation":0,"texture":"#0","tintindex":0},"west":{"uv":[6.5,8.0,6.5,9.75],"rotation":0,"texture":"#0","tintindex":0},"up":{"uv":[6.75,9.25,6.75,8.0],"rotation":90,"texture":"#0","tintindex":0},"down":{"uv":[7.0,8.0,7.0,9.25],"rotation":270,"texture":"#0","tintindex":0}}},{"from":[9.714286,6.0,4.8515406],"to":[9.714286,10.0,7.708684],"rotation":{"angle":0.0,"axis":"y","origin":[9.714286,8.014286,6.3658266]},"faces":{"east":{"uv":[6.25,0.0,5.0,1.75],"rotation":0,"texture":"#0","tintindex":0},"south":{"uv":[7.25,8.0,7.25,9.75],"rotation":0,"texture":"#0","tintindex":0},"north":{"uv":[7.5,8.0,7.5,9.75],"rotation":0,"texture":"#0","tintindex":0},"west":{"uv":[5.0,0.0,6.25,1.75],"rotation":0,"texture":"#0","tintindex":0},"up":{"uv":[9.5,6.25,8.25,6.25],"rotation":90,"texture":"#0","tintindex":0},"down":{"uv":[9.5,6.5,8.25,6.5],"rotation":270,"texture":"#0","tintindex":0}}},{"from":[8.285714,6.0,6.2801123],"to":[11.142858,10.0,6.2801123],"rotation":{"angle":0.0,"axis":"y","origin":[9.714286,8.014286,6.3658266]},"faces":{"east":{"uv":[6.5,8.0,6.5,9.75],"rotation":0,"texture":"#0","tintindex":0},"south":{"uv":[6.25,0.0,5.0,1.75],"rotation":0,"texture":"#0","tintindex":0},"north":{"uv":[5.0,0.0,6.25,1.75],"rotation":0,"texture":"#0","tintindex":0},"west":{"uv":[8.0,6.25,8.0,8.0],"rotation":0,"texture":"#0","tintindex":0},"up":{"uv":[6.75,8.0,6.75,9.25],"rotation":90,"texture":"#0","tintindex":0},"down":{"uv":[7.0,9.25,7.0,8.0],"rotation":270,"texture":"#0","tintindex":0}}},{"from":[4.8571424,6.0,9.712745],"to":[7.714286,10.0,9.712745],"rotation":{"angle":0.0,"axis":"y","origin":[6.285714,8.014286,9.62703]},"faces":{"east":{"uv":[8.0,6.25,8.0,8.0],"rotation":0,"texture":"#0","tintindex":0},"south":{"uv":[5.0,0.0,6.25,1.75],"rotation":0,"texture":"#0","tintindex":0},"north":{"uv":[6.25,0.0,5.0,1.75],"rotation":0,"texture":"#0","tintindex":0},"west":{"uv":[6.5,8.0,6.5,9.75],"rotation":0,"texture":"#0","tintindex":0},"up":{"uv":[6.75,9.25,6.75,8.0],"rotation":90,"texture":"#0","tintindex":0},"down":{"uv":[7.0,8.0,7.0,9.25],"rotation":270,"texture":"#0","tintindex":0}}},{"from":[6.285714,6.0,8.284173],"to":[6.285714,10.0,11.141316],"rotation":{"angle":0.0,"axis":"y","origin":[6.285714,8.014286,9.62703]},"faces":{"east":{"uv":[5.0,0.0,6.25,1.75],"rotation":0,"texture":"#0","tintindex":0},"south":{"uv":[7.5,8.0,7.5,9.75],"rotation":0,"texture":"#0","tintindex":0},"north":{"uv":[7.25,8.0,7.25,9.75],"rotation":0,"texture":"#0","tintindex":0},"west":{"uv":[6.25,0.0,5.0,1.75],"rotation":0,"texture":"#0","tintindex":0},"up":{"uv":[8.25,6.25,9.5,6.25],"rotation":90,"texture":"#0","tintindex":0},"down":{"uv":[8.25,6.5,9.5,6.5],"rotation":270,"texture":"#0","tintindex":0}}},{"from":[9.714286,6.0,8.298459],"to":[9.714286,10.0,11.155602],"rotation":{"angle":0.0,"axis":"y","origin":[9.714286,8.014286,9.62703]},"faces":{"east":{"uv":[5.0,0.0,6.25,1.75],"rotation":0,"texture":"#0","tintindex":0},"south":{"uv":[7.5,8.0,7.5,9.75],"rotation":0,"texture":"#0","tintindex":0},"north":{"uv":[7.25,8.0,7.25,9.75],"rotation":0,"texture":"#0","tintindex":0},"west":{"uv":[6.25,0.0,5.0,1.75],"rotation":0,"texture":"#0","tintindex":0},"up":{"uv":[8.25,6.25,9.5,6.25],"rotation":90,"texture":"#0","tintindex":0},"down":{"uv":[8.25,6.5,9.5,6.5],"rotation":270,"texture":"#0","tintindex":0}}},{"from":[8.285714,6.0,9.727031],"to":[11.142858,10.0,9.727031],"rotation":{"angle":0.0,"axis":"y","origin":[9.714286,8.014286,9.62703]},"faces":{"east":{"uv":[6.5,8.0,6.5,9.75],"rotation":0,"texture":"#0","tintindex":0},"south":{"uv":[6.25,0.0,5.0,1.75],"rotation":0,"texture":"#0","tintindex":0},"north":{"uv":[5.0,0.0,6.25,1.75],"rotation":0,"texture":"#0","tintindex":0},"west":{"uv":[8.0,6.25,8.0,8.0],"rotation":0,"texture":"#0","tintindex":0},"up":{"uv":[6.75,8.0,6.75,9.25],"rotation":90,"texture":"#0","tintindex":0},"down":{"uv":[7.0,9.25,7.0,8.0],"rotation":270,"texture":"#0","tintindex":0}}}],"display":{"head":{"translation":[0.0,-6.4,0.0],"scale":[4.0,4.0,4.0]}}}