{
	"credit": "Made by samus2002",
	"texture_size": [32, 32],
	"textures": {
		"0": "archmage_texture/blizzard_icicle",
		"particle": "archmage_texture/blizzard_icicle"
	},
	"elements": [
		{
			"from": [6, 2.5, 6],
			"to": [10, 13.5, 10],
			"rotation": {"angle": 0, "axis": "x", "origin": [8, 7.75, 8]},
			"faces": {
				"north": {"uv": [0, 0, 2, 5.5], "texture": "#0"},
				"east": {"uv": [2, 0, 0, 5.5], "texture": "#0"},
				"south": {"uv": [0, 0, 2, 5.5], "texture": "#0"},
				"west": {"uv": [2, 0, 0, 5.5], "texture": "#0"},
				"up": {"uv": [4.5, 8, 2.5, 6], "texture": "#0"},
				"down": {"uv": [7, 6, 5, 8], "texture": "#0"}
			}
		},
		{
			"from": [6.75, 12.5, 6.75],
			"to": [9.25, 19.5, 9.25],
			"rotation": {"angle": 0, "axis": "x", "origin": [8, 7.75, 8]},
			"faces": {
				"north": {"uv": [5.5, 8.5, 6.5, 12], "texture": "#0"},
				"east": {"uv": [6.5, 8.5, 5.5, 12], "texture": "#0"},
				"south": {"uv": [5.5, 8.5, 6.5, 12], "texture": "#0"},
				"west": {"uv": [6.5, 8.5, 5.5, 12], "texture": "#0"},
				"up": {"uv": [10, 9, 9, 8], "texture": "#0"},
				"down": {"uv": [9.5, 9.5, 8.5, 10.5], "texture": "#0"}
			}
		},
		{
			"from": [6.75, -4.5, 6.75],
			"to": [9.25, 3.5, 9.25],
			"rotation": {"angle": 0, "axis": "x", "origin": [8, 7.75, 8]},
			"faces": {
				"north": {"uv": [7.5, 0, 8.5, 4], "texture": "#0"},
				"east": {"uv": [8.5, 0, 7.5, 4], "texture": "#0"},
				"south": {"uv": [7.5, 0, 8.5, 4], "texture": "#0"},
				"west": {"uv": [8.5, 0, 7.5, 4], "texture": "#0"},
				"up": {"uv": [11, 10.5, 10, 9.5], "texture": "#0"},
				"down": {"uv": [11.5, 0, 10.5, 1], "texture": "#0"}
			}
		}
	],
	"display": {
		"thirdperson_righthand": {
			"rotation": [101, 0, 0],
			"translation": [-6, -2.5, 2.75],
			"scale": [1.2, 1.2, 1.2]
		},
		"head": {
			"translation": [0, -19.75, 0],
			"scale": [2, 2, 2]
		}
	}
}