{
	"textures": {
		"0": "tcc:entity/enchanter/book",
		"particle": "#0"
	},
	"elements": [
		{
			"from": [5, 0, 5],
			"to": [11, 2, 12],
			"faces": {
				"east": {"uv": [6, 0, 7, 5], "rotation": 90, "texture": "#0"},
				"up": {"uv": [11, 0, 14, 5], "texture": "#0"},
				"down": {"uv": [3, 0, 6, 5], "rotation": 180, "texture": "#0"}
			}
		},
		{
			"from": [5, 0, 12],
			"to": [11, 2, 5],
			"faces": {
				"east": {"uv": [6, 0, 7, 5], "rotation": 90, "texture": "#0"},
				"up": {"uv": [0, 0, 3, 5], "texture": "#0"},
				"down": {"uv": [8, 0, 11, 5], "rotation": 180, "texture": "#0"}
			}
		},
		{
			"from": [6, 0, 5.7],
			"to": [11, 2, 11.7],
			"rotation": {"angle": 0, "axis": "y", "origin": [6, 14, 8]},
			"faces": {
				"north": {"uv": [1, 5, 3, 5.5], "rotation": 180, "texture": "#0"},
				"west": {"uv": [3, 5.5, 3.5, 9.5], "texture": "#0"}
			}
		}
	],
	"display": {
		"ground": {
			"rotation": [-43, -180, 0],
			"translation": [0, 7.5, -3.8],
			"scale": [0.94, 0.94, 0.94]
		}
	}
}