{
  "model": {
    "type": "minecraft:composite",
    "models": [
      {
        "type": "minecraft:condition",
        "property": "minecraft:custom_model_data",
        "on_false": {
          "type": "minecraft:model",
          "model": "tcc:entity/enchanter/body/normal"
        },
        "on_true": {
          "type": "minecraft:model",
          "model": "tcc:entity/enchanter/body/hurt"
        }
      },
      {
        "type": "minecraft:condition",
        "property": "minecraft:custom_model_data",
        "index": 1,
        "on_false": {
          "type": "minecraft:condition",
          "property": "minecraft:custom_model_data",
          "on_false": {
            "type": "minecraft:model",
            "model": "tcc:entity/enchanter/cape/static/normal"
          },
          "on_true": {
            "type": "minecraft:model",
            "model": "tcc:entity/enchanter/cape/static/hurt"
          }
        },
        "on_true": {
          "type": "minecraft:condition",
          "property": "minecraft:custom_model_data",
          "on_false": {
            "type": "minecraft:composite",
            "models": [
              {
                "type": "minecraft:model",
                "model": "tcc:entity/enchanter/cape/moving/0/normal"
              },
              {
                "type": "minecraft:model",
                "model": "tcc:entity/enchanter/cape/moving/1/normal"
              },
              {
                "type": "minecraft:model",
                "model": "tcc:entity/enchanter/cape/moving/2/normal"
              },
              {
                "type": "minecraft:model",
                "model": "tcc:entity/enchanter/cape/moving/3/normal"
              },
              {
                "type": "minecraft:model",
                "model": "tcc:entity/enchanter/cape/moving/4/normal"
              }
            ]
          },
          "on_true": {
            "type": "minecraft:composite",
            "models": [
              {
                "type": "minecraft:model",
                "model": "tcc:entity/enchanter/cape/moving/0/hurt"
              },
              {
                "type": "minecraft:model",
                "model": "tcc:entity/enchanter/cape/moving/1/hurt"
              },
              {
                "type": "minecraft:model",
                "model": "tcc:entity/enchanter/cape/moving/2/hurt"
              },
              {
                "type": "minecraft:model",
                "model": "tcc:entity/enchanter/cape/moving/3/hurt"
              },
              {
                "type": "minecraft:model",
                "model": "tcc:entity/enchanter/cape/moving/4/hurt"
              }
            ]
          }
        }
      },
      {
        "type": "minecraft:condition",
        "property": "minecraft:custom_model_data",
        "index": 2,
        "on_false": {
          "type": "minecraft:condition",
          "property": "minecraft:custom_model_data",
          "on_false": {
            "type": "minecraft:model",
            "model": "tcc:entity/enchanter/book/held/normal"
          },
          "on_true": {
            "type": "minecraft:model",
            "model": "tcc:entity/enchanter/book/held/hurt"
          }
        },
        "on_true": {
          "type": "minecraft:condition",
          "property": "minecraft:custom_model_data",
          "on_false": {
            "type": "minecraft:model",
            "model": "tcc:entity/enchanter/book/spellcasting/normal"
          },
          "on_true": {
            "type": "minecraft:model",
            "model": "tcc:entity/enchanter/book/spellcasting/hurt"
          }
        }
      },
      {
        "type": "minecraft:condition",
        "property": "minecraft:custom_model_data",
        "index": 2,
        "on_false": {
          "type": "minecraft:condition",
          "property": "minecraft:custom_model_data",
          "on_false": {
            "type": "minecraft:model",
            "model": "tcc:entity/enchanter/arms/crossed/normal"
          },
          "on_true": {
            "type": "minecraft:model",
            "model": "tcc:entity/enchanter/arms/crossed/hurt"
          }
        },
        "on_true": {
          "type": "minecraft:condition",
          "property": "minecraft:custom_model_data",
          "on_false": {
            "type": "minecraft:composite",
            "models": [
              {
                "type": "minecraft:model",
                "model": "tcc:entity/enchanter/arms/spellcasting/left/-3/normal"
              },
              {
                "type": "minecraft:model",
                "model": "tcc:entity/enchanter/arms/spellcasting/left/-2/normal"
              },
              {
                "type": "minecraft:model",
                "model": "tcc:entity/enchanter/arms/spellcasting/left/-1/normal"
              },
              {
                "type": "minecraft:model",
                "model": "tcc:entity/enchanter/arms/spellcasting/left/0/normal"
              },
              {
                "type": "minecraft:model",
                "model": "tcc:entity/enchanter/arms/spellcasting/left/1/normal"
              },
              {
                "type": "minecraft:model",
                "model": "tcc:entity/enchanter/arms/spellcasting/left/2/normal"
              },
              {
                "type": "minecraft:model",
                "model": "tcc:entity/enchanter/arms/spellcasting/left/3/normal"
              },
              {
                "type": "minecraft:model",
                "model": "tcc:entity/enchanter/arms/spellcasting/right/-3/normal"
              },
              {
                "type": "minecraft:model",
                "model": "tcc:entity/enchanter/arms/spellcasting/right/-2/normal"
              },
              {
                "type": "minecraft:model",
                "model": "tcc:entity/enchanter/arms/spellcasting/right/-1/normal"
              },
              {
                "type": "minecraft:model",
                "model": "tcc:entity/enchanter/arms/spellcasting/right/0/normal"
              },
              {
                "type": "minecraft:model",
                "model": "tcc:entity/enchanter/arms/spellcasting/right/1/normal"
              },
              {
                "type": "minecraft:model",
                "model": "tcc:entity/enchanter/arms/spellcasting/right/2/normal"
              },
              {
                "type": "minecraft:model",
                "model": "tcc:entity/enchanter/arms/spellcasting/right/3/normal"
              }
            ]
          },
          "on_true": {
            "type": "minecraft:composite",
            "models": [
              {
                "type": "minecraft:model",
                "model": "tcc:entity/enchanter/arms/spellcasting/left/-3/hurt"
              },
              {
                "type": "minecraft:model",
                "model": "tcc:entity/enchanter/arms/spellcasting/left/-2/hurt"
              },
              {
                "type": "minecraft:model",
                "model": "tcc:entity/enchanter/arms/spellcasting/left/-1/hurt"
              },
              {
                "type": "minecraft:model",
                "model": "tcc:entity/enchanter/arms/spellcasting/left/0/hurt"
              },
              {
                "type": "minecraft:model",
                "model": "tcc:entity/enchanter/arms/spellcasting/left/1/hurt"
              },
              {
                "type": "minecraft:model",
                "model": "tcc:entity/enchanter/arms/spellcasting/left/2/hurt"
              },
              {
                "type": "minecraft:model",
                "model": "tcc:entity/enchanter/arms/spellcasting/left/3/hurt"
              },
              {
                "type": "minecraft:model",
                "model": "tcc:entity/enchanter/arms/spellcasting/right/-3/hurt"
              },
              {
                "type": "minecraft:model",
                "model": "tcc:entity/enchanter/arms/spellcasting/right/-2/hurt"
              },
              {
                "type": "minecraft:model",
                "model": "tcc:entity/enchanter/arms/spellcasting/right/-1/hurt"
              },
              {
                "type": "minecraft:model",
                "model": "tcc:entity/enchanter/arms/spellcasting/right/0/hurt"
              },
              {
                "type": "minecraft:model",
                "model": "tcc:entity/enchanter/arms/spellcasting/right/1/hurt"
              },
              {
                "type": "minecraft:model",
                "model": "tcc:entity/enchanter/arms/spellcasting/right/2/hurt"
              },
              {
                "type": "minecraft:model",
                "model": "tcc:entity/enchanter/arms/spellcasting/right/3/hurt"
              }
            ]
          }
        }
      },
      {
        "type": "minecraft:condition",
        "property": "minecraft:custom_model_data",
        "index": 1,
        "on_false": {
          "type": "minecraft:condition",
          "property": "minecraft:custom_model_data",
          "on_false": {
            "type": "minecraft:model",
            "model": "tcc:entity/enchanter/legs/static/normal"
          },
          "on_true": {
            "type": "minecraft:model",
            "model": "tcc:entity/enchanter/legs/static/hurt"
          }
        },
        "on_true": {
          "type": "minecraft:condition",
          "property": "minecraft:custom_model_data",
          "on_false": {
            "type": "minecraft:composite",
            "models": [
              {
                "type": "minecraft:model",
                "model": "tcc:entity/enchanter/legs/left/-4/normal"
              },
              {
                "type": "minecraft:model",
                "model": "tcc:entity/enchanter/legs/left/-3/normal"
              },
              {
                "type": "minecraft:model",
                "model": "tcc:entity/enchanter/legs/left/-2/normal"
              },
              {
                "type": "minecraft:model",
                "model": "tcc:entity/enchanter/legs/left/-1/normal"
              },
              {
                "type": "minecraft:model",
                "model": "tcc:entity/enchanter/legs/left/0/normal"
              },
              {
                "type": "minecraft:model",
                "model": "tcc:entity/enchanter/legs/left/1/normal"
              },
              {
                "type": "minecraft:model",
                "model": "tcc:entity/enchanter/legs/left/2/normal"
              },
              {
                "type": "minecraft:model",
                "model": "tcc:entity/enchanter/legs/left/3/normal"
              },
              {
                "type": "minecraft:model",
                "model": "tcc:entity/enchanter/legs/left/4/normal"
              },
              {
                "type": "minecraft:model",
                "model": "tcc:entity/enchanter/legs/right/-4/normal"
              },
              {
                "type": "minecraft:model",
                "model": "tcc:entity/enchanter/legs/right/-3/normal"
              },
              {
                "type": "minecraft:model",
                "model": "tcc:entity/enchanter/legs/right/-2/normal"
              },
              {
                "type": "minecraft:model",
                "model": "tcc:entity/enchanter/legs/right/-1/normal"
              },
              {
                "type": "minecraft:model",
                "model": "tcc:entity/enchanter/legs/right/0/normal"
              },
              {
                "type": "minecraft:model",
                "model": "tcc:entity/enchanter/legs/right/1/normal"
              },
              {
                "type": "minecraft:model",
                "model": "tcc:entity/enchanter/legs/right/2/normal"
              },
              {
                "type": "minecraft:model",
                "model": "tcc:entity/enchanter/legs/right/3/normal"
              },
              {
                "type": "minecraft:model",
                "model": "tcc:entity/enchanter/legs/right/4/normal"
              }
            ]
          },
          "on_true": {
            "type": "minecraft:composite",
            "models": [
              {
                "type": "minecraft:model",
                "model": "tcc:entity/enchanter/legs/left/-4/hurt"
              },
              {
                "type": "minecraft:model",
                "model": "tcc:entity/enchanter/legs/left/-3/hurt"
              },
              {
                "type": "minecraft:model",
                "model": "tcc:entity/enchanter/legs/left/-2/hurt"
              },
              {
                "type": "minecraft:model",
                "model": "tcc:entity/enchanter/legs/left/-1/hurt"
              },
              {
                "type": "minecraft:model",
                "model": "tcc:entity/enchanter/legs/left/0/hurt"
              },
              {
                "type": "minecraft:model",
                "model": "tcc:entity/enchanter/legs/left/1/hurt"
              },
              {
                "type": "minecraft:model",
                "model": "tcc:entity/enchanter/legs/left/2/hurt"
              },
              {
                "type": "minecraft:model",
                "model": "tcc:entity/enchanter/legs/left/3/hurt"
              },
              {
                "type": "minecraft:model",
                "model": "tcc:entity/enchanter/legs/left/4/hurt"
              },
              {
                "type": "minecraft:model",
                "model": "tcc:entity/enchanter/legs/right/-4/hurt"
              },
              {
                "type": "minecraft:model",
                "model": "tcc:entity/enchanter/legs/right/-3/hurt"
              },
              {
                "type": "minecraft:model",
                "model": "tcc:entity/enchanter/legs/right/-2/hurt"
              },
              {
                "type": "minecraft:model",
                "model": "tcc:entity/enchanter/legs/right/-1/hurt"
              },
              {
                "type": "minecraft:model",
                "model": "tcc:entity/enchanter/legs/right/0/hurt"
              },
              {
                "type": "minecraft:model",
                "model": "tcc:entity/enchanter/legs/right/1/hurt"
              },
              {
                "type": "minecraft:model",
                "model": "tcc:entity/enchanter/legs/right/2/hurt"
              },
              {
                "type": "minecraft:model",
                "model": "tcc:entity/enchanter/legs/right/3/hurt"
              },
              {
                "type": "minecraft:model",
                "model": "tcc:entity/enchanter/legs/right/4/hurt"
              }
            ]
          }
        }
      }
    ]
  }
}