{
  "credit": "Made by samus2002",
  "texture_size": [
    64,
    64
  ],
  "textures": {
    "0": "jackolantern_texture/scythe_jackolantern",
    "particle": "jackolantern_texture/scythe_jackolantern"
  },
  "elements": [
    {
      "from": [
        7,
        -9.6495,
        13.66112
      ],
      "to": [
        9,
        22.3505,
        15.66112
      ],
      "rotation": {
        "angle": 0,
        "axis": "y",
        "origin": [
          8,
          9.14415,
          7.61849
        ]
      },
      "faces": {
        "north": {
          "uv": [
            0,
            0,
            0.5,
            8
          ],
          "texture": "#0"
        },
        "east": {
          "uv": [
            0.75,
            0,
            1.25,
            8
          ],
          "texture": "#0"
        },
        "south": {
          "uv": [
            1.5,
            0,
            2,
            8
          ],
          "texture": "#0"
        },
        "west": {
          "uv": [
            2.25,
            0,
            2.75,
            8
          ],
          "texture": "#0"
        },
        "up": {
          "uv": [
            11,
            6.75,
            10.5,
            6.25
          ],
          "texture": "#0"
        },
        "down": {
          "uv": [
            14,
            12,
            13.5,
            12.5
          ],
          "texture": "#0"
        }
      }
    },
    {
      "from": [
        6.5,
        -5.6495,
        13.16112
      ],
      "to": [
        9.5,
        2.3505,
        16.16112
      ],
      "rotation": {
        "angle": 0,
        "axis": "y",
        "origin": [
          8,
          9.14415,
          7.61849
        ]
      },
      "faces": {
        "north": {
          "uv": [
            3,
            9.5,
            3.75,
            11.5
          ],
          "texture": "#0"
        },
        "east": {
          "uv": [
            4,
            9.5,
            4.75,
            11.5
          ],
          "texture": "#0"
        },
        "south": {
          "uv": [
            9.5,
            4.75,
            10.25,
            6.75
          ],
          "texture": "#0"
        },
        "west": {
          "uv": [
            9.75,
            0,
            10.5,
            2
          ],
          "texture": "#0"
        },
        "up": {
          "uv": [
            4.75,
            13.75,
            4,
            13
          ],
          "texture": "#0"
        },
        "down": {
          "uv": [
            13.75,
            11,
            13,
            11.75
          ],
          "texture": "#0"
        }
      }
    },
    {
      "from": [
        6.5,
        15.3505,
        13.16112
      ],
      "to": [
        9.5,
        22.3505,
        16.16112
      ],
      "rotation": {
        "angle": 0,
        "axis": "y",
        "origin": [
          8,
          9.14415,
          7.61849
        ]
      },
      "faces": {
        "north": {
          "uv": [
            10,
            2.25,
            10.75,
            4
          ],
          "texture": "#0"
        },
        "east": {
          "uv": [
            5,
            10,
            5.75,
            11.75
          ],
          "texture": "#0"
        },
        "south": {
          "uv": [
            10.25,
            7,
            11,
            8.75
          ],
          "texture": "#0"
        },
        "west": {
          "uv": [
            10.25,
            9,
            11,
            10.75
          ],
          "texture": "#0"
        },
        "up": {
          "uv": [
            13.5,
            0.75,
            12.75,
            0
          ],
          "texture": "#0"
        },
        "down": {
          "uv": [
            3.75,
            13,
            3,
            13.75
          ],
          "texture": "#0"
        }
      }
    },
    {
      "from": [
        5.5,
        14.3505,
        11.16112
      ],
      "to": [
        10.5,
        23.3505,
        18.16112
      ],
      "rotation": {
        "angle": 0,
        "axis": "y",
        "origin": [
          8,
          9.14415,
          7.61849
        ]
      },
      "faces": {
        "north": {
          "uv": [
            3,
            5,
            4.25,
            7.25
          ],
          "texture": "#0"
        },
        "east": {
          "uv": [
            3,
            0,
            4.75,
            2.25
          ],
          "texture": "#0"
        },
        "south": {
          "uv": [
            5,
            3.5,
            6.25,
            5.75
          ],
          "texture": "#0"
        },
        "west": {
          "uv": [
            3,
            2.5,
            4.75,
            4.75
          ],
          "texture": "#0"
        },
        "up": {
          "uv": [
            6.25,
            9.75,
            5,
            8
          ],
          "texture": "#0"
        },
        "down": {
          "uv": [
            9.25,
            5,
            8,
            6.75
          ],
          "texture": "#0"
        }
      }
    },
    {
      "from": [
        8,
        -11.76803,
        17.78952
      ],
      "to": [
        8,
        -4.76803,
        23.78952
      ],
      "rotation": {
        "angle": 22.5,
        "axis": "x",
        "origin": [
          8,
          9.14415,
          7.61849
        ]
      },
      "faces": {
        "north": {
          "uv": [
            2.75,
            13.5,
            2.75,
            15.25
          ],
          "texture": "#0"
        },
        "east": {
          "uv": [
            4.5,
            6,
            6,
            7.75
          ],
          "texture": "#0"
        },
        "south": {
          "uv": [
            6.75,
            13.75,
            6.75,
            15.5
          ],
          "texture": "#0"
        },
        "west": {
          "uv": [
            6.25,
            6,
            7.75,
            7.75
          ],
          "texture": "#0"
        },
        "up": {
          "uv": [
            7,
            15.25,
            7,
            13.75
          ],
          "texture": "#0"
        },
        "down": {
          "uv": [
            7.25,
            13.75,
            7.25,
            15.25
          ],
          "texture": "#0"
        }
      }
    },
    {
      "from": [
        6.4875,
        17.91864,
        15.82903
      ],
      "to": [
        9.5125,
        22.91864,
        22.82903
      ],
      "rotation": {
        "angle": -22.5,
        "axis": "x",
        "origin": [
          8,
          9.14415,
          7.61849
        ]
      },
      "faces": {
        "north": {
          "uv": [
            11,
            2,
            11.75,
            3.25
          ],
          "texture": "#0"
        },
        "east": {
          "uv": [
            9.5,
            0,
            7.75,
            1.25
          ],
          "texture": "#0"
        },
        "south": {
          "uv": [
            6,
            11,
            6.75,
            12.25
          ],
          "texture": "#0"
        },
        "west": {
          "uv": [
            7.75,
            0,
            9.5,
            1.25
          ],
          "texture": "#0"
        },
        "up": {
          "uv": [
            11.25,
            6,
            10.5,
            4.25
          ],
          "texture": "#0"
        },
        "down": {
          "uv": [
            8.75,
            10.5,
            8,
            12.25
          ],
          "texture": "#0"
        }
      }
    },
    {
      "from": [
        6.9875,
        27.13966,
        7.66947
      ],
      "to": [
        9.0125,
        31.13966,
        10.66947
      ],
      "rotation": {
        "angle": 22.5,
        "axis": "x",
        "origin": [
          8,
          9.14415,
          7.61849
        ]
      },
      "faces": {
        "north": {
          "uv": [
            2.25,
            8.25,
            2.75,
            9.25
          ],
          "texture": "#0"
        },
        "east": {
          "uv": [
            6.75,
            12.5,
            7.5,
            13.5
          ],
          "texture": "#0"
        },
        "south": {
          "uv": [
            8,
            9.25,
            8.5,
            10.25
          ],
          "texture": "#0"
        },
        "west": {
          "uv": [
            7.75,
            12.5,
            8.5,
            13.5
          ],
          "texture": "#0"
        },
        "up": {
          "uv": [
            8.5,
            7.75,
            8,
            7
          ],
          "texture": "#0"
        },
        "down": {
          "uv": [
            14,
            9.75,
            13.5,
            10.5
          ],
          "texture": "#0"
        }
      }
    },
    {
      "from": [
        7.4875,
        22.91864,
        21.82903
      ],
      "to": [
        8.5125,
        26.91864,
        23.82903
      ],
      "rotation": {
        "angle": -22.5,
        "axis": "x",
        "origin": [
          8,
          9.14415,
          7.61849
        ]
      },
      "faces": {
        "north": {
          "uv": [
            0,
            13.75,
            0.25,
            14.75
          ],
          "texture": "#0"
        },
        "east": {
          "uv": [
            13.25,
            7.25,
            13.75,
            8.25
          ],
          "texture": "#0"
        },
        "south": {
          "uv": [
            13.75,
            0,
            14,
            1
          ],
          "texture": "#0"
        },
        "west": {
          "uv": [
            13.25,
            8.5,
            13.75,
            9.5
          ],
          "texture": "#0"
        },
        "up": {
          "uv": [
            11.25,
            4,
            11,
            3.5
          ],
          "texture": "#0"
        },
        "down": {
          "uv": [
            14,
            1.25,
            13.75,
            1.75
          ],
          "texture": "#0"
        }
      }
    },
    {
      "from": [
        6.9875,
        21.83795,
        16.16634
      ],
      "to": [
        9.0125,
        24.83795,
        20.16634
      ],
      "rotation": {
        "angle": 0,
        "axis": "x",
        "origin": [
          8,
          9.14415,
          7.61849
        ]
      },
      "faces": {
        "north": {
          "uv": [
            11,
            13.5,
            11.5,
            14.25
          ],
          "texture": "#0"
        },
        "east": {
          "uv": [
            12.5,
            5,
            13.5,
            5.75
          ],
          "texture": "#0"
        },
        "south": {
          "uv": [
            11.75,
            13.5,
            12.25,
            14.25
          ],
          "texture": "#0"
        },
        "west": {
          "uv": [
            8.75,
            12.5,
            9.75,
            13.25
          ],
          "texture": "#0"
        },
        "up": {
          "uv": [
            13.75,
            4.5,
            13.25,
            3.5
          ],
          "texture": "#0"
        },
        "down": {
          "uv": [
            13.75,
            6,
            13.25,
            7
          ],
          "texture": "#0"
        }
      }
    },
    {
      "from": [
        7.4875,
        9.75924,
        25.79959
      ],
      "to": [
        8.5125,
        11.75924,
        29.79959
      ],
      "rotation": {
        "angle": -45,
        "axis": "x",
        "origin": [
          8,
          9.14415,
          7.61849
        ]
      },
      "faces": {
        "north": {
          "uv": [
            13.75,
            2,
            14,
            2.5
          ],
          "texture": "#0"
        },
        "east": {
          "uv": [
            1.5,
            13.5,
            2.5,
            14
          ],
          "texture": "#0"
        },
        "south": {
          "uv": [
            13.75,
            2.75,
            14,
            3.25
          ],
          "texture": "#0"
        },
        "west": {
          "uv": [
            8.75,
            13.5,
            9.75,
            14
          ],
          "texture": "#0"
        },
        "up": {
          "uv": [
            0.75,
            14.75,
            0.5,
            13.75
          ],
          "texture": "#0"
        },
        "down": {
          "uv": [
            1.25,
            13.75,
            1,
            14.75
          ],
          "texture": "#0"
        }
      }
    },
    {
      "from": [
        6.5,
        21.63913,
        -0.19576
      ],
      "to": [
        9.5,
        26.63913,
        6.80424
      ],
      "rotation": {
        "angle": 22.5,
        "axis": "x",
        "origin": [
          8,
          9.14415,
          7.61849
        ]
      },
      "faces": {
        "north": {
          "uv": [
            7,
            11,
            7.75,
            12.25
          ],
          "texture": "#0"
        },
        "east": {
          "uv": [
            4.75,
            8,
            3,
            9.25
          ],
          "texture": "#0"
        },
        "south": {
          "uv": [
            10,
            11,
            10.75,
            12.25
          ],
          "texture": "#0"
        },
        "west": {
          "uv": [
            3,
            8,
            4.75,
            9.25
          ],
          "texture": "#0"
        },
        "up": {
          "uv": [
            9.75,
            12.25,
            9,
            10.5
          ],
          "texture": "#0"
        },
        "down": {
          "uv": [
            11.5,
            0,
            10.75,
            1.75
          ],
          "texture": "#0"
        }
      }
    },
    {
      "from": [
        6,
        22.16616,
        8.52635
      ],
      "to": [
        6,
        26.16616,
        11.52635
      ],
      "rotation": {
        "angle": 0,
        "axis": "x",
        "origin": [
          8,
          9.14415,
          7.61849
        ]
      },
      "faces": {
        "north": {
          "uv": [
            13.75,
            4.75,
            13.75,
            5.75
          ],
          "texture": "#0"
        },
        "east": {
          "uv": [
            13.25,
            9.75,
            12.5,
            10.75
          ],
          "texture": "#0"
        },
        "south": {
          "uv": [
            7.5,
            13.75,
            7.5,
            14.75
          ],
          "texture": "#0"
        },
        "west": {
          "uv": [
            12.5,
            9.75,
            13.25,
            10.75
          ],
          "texture": "#0"
        },
        "up": {
          "uv": [
            7.75,
            5.75,
            7.75,
            5
          ],
          "texture": "#0"
        },
        "down": {
          "uv": [
            7.75,
            13.75,
            7.75,
            14.5
          ],
          "texture": "#0"
        }
      }
    },
    {
      "from": [
        8,
        16.27758,
        10.95896
      ],
      "to": [
        8,
        20.27758,
        13.95896
      ],
      "rotation": {
        "angle": -22.5,
        "axis": "x",
        "origin": [
          8,
          9.14415,
          7.61849
        ]
      },
      "faces": {
        "north": {
          "uv": [
            8,
            13.75,
            8,
            14.75
          ],
          "texture": "#0"
        },
        "east": {
          "uv": [
            13.25,
            9.75,
            12.5,
            10.75
          ],
          "texture": "#0"
        },
        "south": {
          "uv": [
            8.25,
            13.75,
            8.25,
            14.75
          ],
          "texture": "#0"
        },
        "west": {
          "uv": [
            12.5,
            9.75,
            13.25,
            10.75
          ],
          "texture": "#0"
        },
        "up": {
          "uv": [
            8.5,
            14.5,
            8.5,
            13.75
          ],
          "texture": "#0"
        },
        "down": {
          "uv": [
            10,
            13.75,
            10,
            14.5
          ],
          "texture": "#0"
        }
      }
    },
    {
      "from": [
        6.5,
        14.9347,
        9.09529
      ],
      "to": [
        9.5,
        18.9347,
        9.09529
      ],
      "rotation": {
        "angle": 0,
        "axis": "x",
        "origin": [
          8,
          9.14415,
          7.61849
        ]
      },
      "faces": {
        "north": {
          "uv": [
            12.5,
            9.75,
            13.25,
            10.75
          ],
          "texture": "#0"
        },
        "east": {
          "uv": [
            1.5,
            14.25,
            1.5,
            15.25
          ],
          "texture": "#0"
        },
        "south": {
          "uv": [
            13.25,
            9.75,
            12.5,
            10.75
          ],
          "texture": "#0"
        },
        "west": {
          "uv": [
            1.75,
            14.25,
            1.75,
            15.25
          ],
          "texture": "#0"
        },
        "up": {
          "uv": [
            15,
            2,
            14.25,
            2
          ],
          "texture": "#0"
        },
        "down": {
          "uv": [
            15,
            2.25,
            14.25,
            2.25
          ],
          "texture": "#0"
        }
      }
    },
    {
      "from": [
        6.54426,
        8.9347,
        6.16275
      ],
      "to": [
        11.54426,
        14.9347,
        11.16275
      ],
      "rotation": {
        "angle": -45,
        "axis": "y",
        "origin": [
          8,
          9.14415,
          7.61849
        ]
      },
      "faces": {
        "north": {
          "uv": [
            8.5,
            3,
            9.75,
            4.5
          ],
          "texture": "#0"
        },
        "east": {
          "uv": [
            8.75,
            7,
            10,
            8.5
          ],
          "texture": "#0"
        },
        "south": {
          "uv": [
            8.75,
            8.75,
            10,
            10.25
          ],
          "texture": "#0"
        },
        "west": {
          "uv": [
            6.5,
            9.25,
            7.75,
            10.75
          ],
          "texture": "#0"
        },
        "up": {
          "uv": [
            1.25,
            10.75,
            0,
            9.5
          ],
          "texture": "#0"
        },
        "down": {
          "uv": [
            2.75,
            9.5,
            1.5,
            10.75
          ],
          "texture": "#0"
        }
      }
    },
    {
      "from": [
        9.82846,
        19.30342,
        10.02635
      ],
      "to": [
        12.82846,
        23.30342,
        10.02635
      ],
      "rotation": {
        "angle": 22.5,
        "axis": "z",
        "origin": [
          8,
          9.14415,
          7.61849
        ]
      },
      "faces": {
        "north": {
          "uv": [
            12.5,
            9.75,
            13.25,
            10.75
          ],
          "texture": "#0"
        },
        "east": {
          "uv": [
            10.25,
            13.75,
            10.25,
            14.75
          ],
          "texture": "#0"
        },
        "south": {
          "uv": [
            13.25,
            9.75,
            12.5,
            10.75
          ],
          "texture": "#0"
        },
        "west": {
          "uv": [
            10.5,
            13.75,
            10.5,
            14.75
          ],
          "texture": "#0"
        },
        "up": {
          "uv": [
            3.75,
            7.5,
            3,
            7.5
          ],
          "texture": "#0"
        },
        "down": {
          "uv": [
            3.75,
            7.75,
            3,
            7.75
          ],
          "texture": "#0"
        }
      }
    },
    {
      "from": [
        -1.74432,
        22.59563,
        10.02635
      ],
      "to": [
        1.25568,
        26.59563,
        10.02635
      ],
      "rotation": {
        "angle": -22.5,
        "axis": "z",
        "origin": [
          8,
          9.14415,
          7.61849
        ]
      },
      "faces": {
        "north": {
          "uv": [
            12.5,
            9.75,
            13.25,
            10.75
          ],
          "texture": "#0"
        },
        "east": {
          "uv": [
            10.75,
            13.75,
            10.75,
            14.75
          ],
          "texture": "#0"
        },
        "south": {
          "uv": [
            13.25,
            9.75,
            12.5,
            10.75
          ],
          "texture": "#0"
        },
        "west": {
          "uv": [
            3,
            14,
            3,
            15
          ],
          "texture": "#0"
        },
        "up": {
          "uv": [
            9.25,
            4.75,
            8.5,
            4.75
          ],
          "texture": "#0"
        },
        "down": {
          "uv": [
            14.25,
            10.75,
            13.5,
            10.75
          ],
          "texture": "#0"
        }
      }
    },
    {
      "from": [
        10,
        22.16616,
        8.52635
      ],
      "to": [
        10,
        26.16616,
        11.52635
      ],
      "rotation": {
        "angle": 0,
        "axis": "x",
        "origin": [
          8,
          9.14415,
          7.61849
        ]
      },
      "faces": {
        "north": {
          "uv": [
            13.75,
            4.75,
            13.75,
            5.75
          ],
          "texture": "#0"
        },
        "east": {
          "uv": [
            13.25,
            9.75,
            12.5,
            10.75
          ],
          "texture": "#0"
        },
        "south": {
          "uv": [
            7.5,
            13.75,
            7.5,
            14.75
          ],
          "texture": "#0"
        },
        "west": {
          "uv": [
            12.5,
            9.75,
            13.25,
            10.75
          ],
          "texture": "#0"
        },
        "up": {
          "uv": [
            7.75,
            5.75,
            7.75,
            5
          ],
          "texture": "#0"
        },
        "down": {
          "uv": [
            7.75,
            13.75,
            7.75,
            14.5
          ],
          "texture": "#0"
        }
      }
    },
    {
      "from": [
        3.17154,
        19.30342,
        10.02635
      ],
      "to": [
        6.17154,
        23.30342,
        10.02635
      ],
      "rotation": {
        "angle": -22.5,
        "axis": "z",
        "origin": [
          8,
          9.14415,
          7.61849
        ]
      },
      "faces": {
        "north": {
          "uv": [
            13.25,
            9.75,
            12.5,
            10.75
          ],
          "texture": "#0"
        },
        "east": {
          "uv": [
            10.5,
            13.75,
            10.5,
            14.75
          ],
          "texture": "#0"
        },
        "south": {
          "uv": [
            12.5,
            9.75,
            13.25,
            10.75
          ],
          "texture": "#0"
        },
        "west": {
          "uv": [
            10.25,
            13.75,
            10.25,
            14.75
          ],
          "texture": "#0"
        },
        "up": {
          "uv": [
            3,
            7.5,
            3.75,
            7.5
          ],
          "texture": "#0"
        },
        "down": {
          "uv": [
            3,
            7.75,
            3.75,
            7.75
          ],
          "texture": "#0"
        }
      }
    },
    {
      "from": [
        14.74432,
        22.59563,
        10.02635
      ],
      "to": [
        17.74432,
        26.59563,
        10.02635
      ],
      "rotation": {
        "angle": 22.5,
        "axis": "z",
        "origin": [
          8,
          9.14415,
          7.61849
        ]
      },
      "faces": {
        "north": {
          "uv": [
            13.25,
            9.75,
            12.5,
            10.75
          ],
          "texture": "#0"
        },
        "east": {
          "uv": [
            3,
            14,
            3,
            15
          ],
          "texture": "#0"
        },
        "south": {
          "uv": [
            12.5,
            9.75,
            13.25,
            10.75
          ],
          "texture": "#0"
        },
        "west": {
          "uv": [
            10.75,
            13.75,
            10.75,
            14.75
          ],
          "texture": "#0"
        },
        "up": {
          "uv": [
            8.5,
            4.75,
            9.25,
            4.75
          ],
          "texture": "#0"
        },
        "down": {
          "uv": [
            13.5,
            10.75,
            14.25,
            10.75
          ],
          "texture": "#0"
        }
      }
    },
    {
      "from": [
        6,
        27.07392,
        1.19444
      ],
      "to": [
        10,
        27.07392,
        4.19444
      ],
      "rotation": {
        "angle": 22.5,
        "axis": "x",
        "origin": [
          8,
          9.14415,
          7.61849
        ]
      },
      "faces": {
        "north": {
          "uv": [
            3.25,
            14,
            4.25,
            14
          ],
          "texture": "#0"
        },
        "east": {
          "uv": [
            14,
            3.5,
            14.75,
            3.5
          ],
          "texture": "#0"
        },
        "south": {
          "uv": [
            14,
            3.75,
            15,
            3.75
          ],
          "texture": "#0"
        },
        "west": {
          "uv": [
            14,
            4,
            14.75,
            4
          ],
          "texture": "#0"
        },
        "up": {
          "uv": [
            7.5,
            5.75,
            6.5,
            5
          ],
          "texture": "#0"
        },
        "down": {
          "uv": [
            7.5,
            5,
            6.5,
            5.75
          ],
          "texture": "#0"
        }
      }
    },
    {
      "from": [
        6,
        20.50948,
        8.30913
      ],
      "to": [
        10,
        20.50948,
        11.30913
      ],
      "rotation": {
        "angle": 0,
        "axis": "x",
        "origin": [
          8,
          9.14415,
          7.61849
        ]
      },
      "faces": {
        "north": {
          "uv": [
            14,
            4.25,
            15,
            4.25
          ],
          "texture": "#0"
        },
        "east": {
          "uv": [
            14,
            4.5,
            14.75,
            4.5
          ],
          "texture": "#0"
        },
        "south": {
          "uv": [
            14,
            4.75,
            15,
            4.75
          ],
          "texture": "#0"
        },
        "west": {
          "uv": [
            14,
            5,
            14.75,
            5
          ],
          "texture": "#0"
        },
        "up": {
          "uv": [
            7.5,
            5.75,
            6.5,
            5
          ],
          "texture": "#0"
        },
        "down": {
          "uv": [
            7.5,
            5,
            6.5,
            5.75
          ],
          "texture": "#0"
        }
      }
    },
    {
      "from": [
        7,
        20.23533,
        3.93223
      ],
      "to": [
        9,
        26.23533,
        13.93223
      ],
      "rotation": {
        "angle": -22.5,
        "axis": "x",
        "origin": [
          8,
          9.14415,
          7.61849
        ]
      },
      "faces": {
        "north": {
          "uv": [
            12.5,
            3.25,
            13,
            4.75
          ],
          "texture": "#0"
        },
        "east": {
          "uv": [
            5,
            0,
            7.5,
            1.5
          ],
          "texture": "#0"
        },
        "south": {
          "uv": [
            6,
            12.5,
            6.5,
            14
          ],
          "texture": "#0"
        },
        "west": {
          "uv": [
            5,
            1.75,
            7.5,
            3.25
          ],
          "texture": "#0"
        },
        "up": {
          "uv": [
            0.5,
            13.5,
            0,
            11
          ],
          "texture": "#0"
        },
        "down": {
          "uv": [
            1.25,
            11,
            0.75,
            13.5
          ],
          "texture": "#0"
        }
      }
    },
    {
      "from": [
        7.5,
        22.345,
        2.75334
      ],
      "to": [
        8.5,
        26.345,
        10.75334
      ],
      "rotation": {
        "angle": -45,
        "axis": "x",
        "origin": [
          8,
          9.14415,
          7.61849
        ]
      },
      "faces": {
        "north": {
          "uv": [
            12.5,
            13.5,
            12.75,
            14.5
          ],
          "texture": "#0"
        },
        "east": {
          "uv": [
            6.5,
            8,
            8.5,
            9
          ],
          "texture": "#0"
        },
        "south": {
          "uv": [
            13.5,
            12.75,
            13.75,
            13.75
          ],
          "texture": "#0"
        },
        "west": {
          "uv": [
            0,
            8.25,
            2,
            9.25
          ],
          "texture": "#0"
        },
        "up": {
          "uv": [
            5.25,
            15.25,
            5,
            13.25
          ],
          "texture": "#0"
        },
        "down": {
          "uv": [
            5.75,
            13.25,
            5.5,
            15.25
          ],
          "texture": "#0"
        }
      }
    },
    {
      "from": [
        7.5,
        17.345,
        0.75334
      ],
      "to": [
        8.5,
        26.345,
        2.75334
      ],
      "rotation": {
        "angle": -45,
        "axis": "x",
        "origin": [
          8,
          9.14415,
          7.61849
        ]
      },
      "faces": {
        "north": {
          "uv": [
            13,
            12,
            13.25,
            14.25
          ],
          "texture": "#0"
        },
        "east": {
          "uv": [
            1.5,
            11,
            2,
            13.25
          ],
          "texture": "#0"
        },
        "south": {
          "uv": [
            13.25,
            1,
            13.5,
            3.25
          ],
          "texture": "#0"
        },
        "west": {
          "uv": [
            2.25,
            11,
            2.75,
            13.25
          ],
          "texture": "#0"
        },
        "up": {
          "uv": [
            4.75,
            5.5,
            4.5,
            5
          ],
          "texture": "#0"
        },
        "down": {
          "uv": [
            6.25,
            10,
            6,
            10.5
          ],
          "texture": "#0"
        }
      }
    }
  ],
  "gui_light": "front",
  "display": {
    "thirdperson_righthand": {
      "rotation": [
        20,
        0,
        0
      ],
      "translation": [
        0,
        1.5,
        -4
      ]
    },
    "thirdperson_lefthand": {
      "rotation": [
        20,
        0,
        0
      ],
      "translation": [
        0,
        1.5,
        -4
      ]
    },
    "firstperson_righthand": {
      "translation": [
        1.5,
        -1,
        -5
      ]
    },
    "firstperson_lefthand": {
      "translation": [
        1.5,
        -1,
        -5
      ]
    },
    "ground": {
      "rotation": [
        0,
        0,
        90
      ]
    },
    "gui": {
      "rotation": [
        90,
        135,
        -90
      ],
      "translation": [
        -0.5,
        -2.5,
        -5
      ],
      "scale": [
        0.37,
        0.37,
        0.37
      ]
    },
    "fixed": {
      "rotation": [
        90,
        -135,
        90
      ],
      "translation": [
        0.5,
        -2.5,
        0.5
      ],
      "scale": [
        0.45,
        0.45,
        0.45
      ]
    }
  }
}