{"textures":{"0":"modelengine:entity/fx_scarecrow"},"elements":[{"from":[5.428571,17.026623,6.5714283],"to":[10.571428,23.312336,9.428572],"rotation":{"angle":0.0,"axis":"y","origin":[8.0,20.740908,8.0]},"faces":{"east":{"uv":[5.125,5.75,5.75,7.125],"rotation":0,"texture":"#0","tintindex":0},"south":{"uv":[3.125,3.0,2.0,4.375],"rotation":0,"texture":"#0","tintindex":0},"north":{"uv":[2.0,3.0,3.125,4.375],"rotation":0,"texture":"#0","tintindex":0},"west":{"uv":[5.75,5.75,5.125,7.125],"rotation":0,"texture":"#0","tintindex":0},"up":{"uv":[8.625,4.75,7.5,4.125],"rotation":0,"texture":"#0","tintindex":0},"down":{"uv":[8.625,4.875,7.5,5.5],"rotation":0,"texture":"#0","tintindex":0}}},{"from":[5.428571,10.740908,6.5714283],"to":[10.571428,17.026623,9.428572],"rotation":{"angle":0.0,"axis":"y","origin":[8.0,20.740908,8.0]},"faces":{"east":{"uv":[6.375,0.0,5.75,1.375],"rotation":0,"texture":"#0","tintindex":0},"south":{"uv":[3.125,0.0,2.0,1.375],"rotation":0,"texture":"#0","tintindex":0},"north":{"uv":[2.0,0.0,3.125,1.375],"rotation":0,"texture":"#0","tintindex":0},"west":{"uv":[5.75,0.0,6.375,1.375],"rotation":0,"texture":"#0","tintindex":0},"up":{"uv":[8.625,0.625,7.5,0.0],"rotation":0,"texture":"#0","tintindex":0},"down":{"uv":[4.375,7.5,3.25,8.125],"rotation":0,"texture":"#0","tintindex":0}}},{"from":[5.428571,10.433453,5.2599654],"to":[10.571428,16.719168,5.2599654],"rotation":{"angle":22.5,"axis":"x","origin":[8.0,13.57631,6.688537]},"faces":{"east":{"uv":[4.5,8.5,4.5,9.875],"rotation":0,"texture":"#0","tintindex":0},"south":{"uv":[4.375,1.5,3.25,2.875],"rotation":0,"texture":"#0","tintindex":0},"north":{"uv":[3.25,1.5,4.375,2.875],"rotation":0,"texture":"#0","tintindex":0},"west":{"uv":[4.625,8.5,4.625,9.875],"rotation":0,"texture":"#0","tintindex":0},"up":{"uv":[2.25,8.625,1.125,8.625],"rotation":0,"texture":"#0","tintindex":0},"down":{"uv":[9.75,8.375,8.625,8.375],"rotation":0,"texture":"#0","tintindex":0}}},{"from":[11.882363,10.433234,6.5714283],"to":[11.882363,16.718948,9.428572],"rotation":{"angle":22.5,"axis":"z","origin":[10.453793,13.576092,9.142858]},"faces":{"east":{"uv":[5.875,5.75,6.5,7.125],"rotation":0,"texture":"#0","tintindex":0},"south":{"uv":[6.75,8.5,6.75,9.875],"rotation":0,"texture":"#0","tintindex":0},"north":{"uv":[6.625,8.5,6.625,9.875],"rotation":0,"texture":"#0","tintindex":0},"west":{"uv":[6.5,5.75,5.875,7.125],"rotation":0,"texture":"#0","tintindex":0},"up":{"uv":[6.875,9.125,6.875,8.5],"rotation":0,"texture":"#0","tintindex":0},"down":{"uv":[7.0,8.5,7.0,9.125],"rotation":0,"texture":"#0","tintindex":0}}},{"from":[4.1176367,10.433234,6.5714283],"to":[4.1176367,16.718948,9.428572],"rotation":{"angle":-22.5,"axis":"z","origin":[5.546208,13.576092,9.142858]},"faces":{"east":{"uv":[5.875,5.75,6.5,7.125],"rotation":0,"texture":"#0","tintindex":0},"south":{"uv":[6.75,8.5,6.75,9.875],"rotation":0,"texture":"#0","tintindex":0},"north":{"uv":[6.625,8.5,6.625,9.875],"rotation":0,"texture":"#0","tintindex":0},"west":{"uv":[6.5,5.75,5.875,7.125],"rotation":0,"texture":"#0","tintindex":0},"up":{"uv":[6.875,9.125,6.875,8.5],"rotation":0,"texture":"#0","tintindex":0},"down":{"uv":[7.0,8.5,7.0,9.125],"rotation":0,"texture":"#0","tintindex":0}}},{"from":[5.428571,10.433453,10.740034],"to":[10.571428,16.719168,10.740034],"rotation":{"angle":-22.5,"axis":"x","origin":[8.0,13.57631,9.311463]},"faces":{"east":{"uv":[4.75,8.5,4.75,9.875],"rotation":0,"texture":"#0","tintindex":0},"south":{"uv":[3.25,1.5,4.375,2.875],"rotation":0,"texture":"#0","tintindex":0},"north":{"uv":[4.375,1.5,3.25,2.875],"rotation":0,"texture":"#0","tintindex":0},"west":{"uv":[4.875,8.5,4.875,9.875],"rotation":0,"texture":"#0","tintindex":0},"up":{"uv":[9.75,8.5,8.625,8.5],"rotation":0,"texture":"#0","tintindex":0},"down":{"uv":[9.75,8.625,8.625,8.625],"rotation":0,"texture":"#0","tintindex":0}}},{"from":[7.142857,7.8837643,7.142857],"to":[8.857143,17.026623,8.857143],"rotation":{"angle":0.0,"axis":"y","origin":[8.0,20.740908,8.0]},"faces":{"east":{"uv":[5.375,7.25,5.0,9.25],"rotation":0,"texture":"#0","tintindex":0},"south":{"uv":[7.125,5.625,7.5,7.625],"rotation":0,"texture":"#0","tintindex":0},"north":{"uv":[6.625,5.625,7.0,7.625],"rotation":0,"texture":"#0","tintindex":0},"west":{"uv":[5.0,7.25,5.375,9.25],"rotation":0,"texture":"#0","tintindex":0},"up":{"uv":[1.625,4.375,1.25,4.0],"rotation":0,"texture":"#0","tintindex":0},"down":{"uv":[7.375,4.125,7.0,4.5],"rotation":0,"texture":"#0","tintindex":0}}}],"display":{"head":{"translation":[0.0,-6.4,0.0],"scale":[4.0,4.0,4.0]}}}