{"textures":{"0":"modelengine:entity/fx_scarecrow"},"elements":[{"from":[6.0,7.774286,6.0],"to":[10.0,11.774286,10.0],"rotation":{"angle":0.0,"axis":"y","origin":[8.0,5.202857,8.0]},"faces":{"east":{"uv":[7.375,4.625,6.5,5.5],"rotation":0,"texture":"#0","tintindex":0},"south":{"uv":[1.75,6.5,2.625,7.375],"rotation":0,"texture":"#0","tintindex":0},"north":{"uv":[6.5,0.0,7.375,0.875],"rotation":0,"texture":"#0","tintindex":0},"west":{"uv":[6.5,4.625,7.375,5.5],"rotation":0,"texture":"#0","tintindex":0},"up":{"uv":[7.5,1.875,6.625,1.0],"rotation":0,"texture":"#0","tintindex":0},"down":{"uv":[7.5,2.0,6.625,2.875],"rotation":0,"texture":"#0","tintindex":0}}},{"from":[3.7142854,10.045714,3.7142854],"to":[12.285715,10.045714,12.285715],"rotation":{"angle":0.0,"axis":"y","origin":[8.0,5.202857,8.571428]},"faces":{"east":{"uv":[8.375,3.5,10.25,3.5],"rotation":0,"texture":"#0","tintindex":0},"south":{"uv":[8.375,3.625,10.25,3.625],"rotation":0,"texture":"#0","tintindex":0},"north":{"uv":[7.875,4.0,9.75,4.0],"rotation":0,"texture":"#0","tintindex":0},"west":{"uv":[8.375,3.75,10.25,3.75],"rotation":0,"texture":"#0","tintindex":0},"up":{"uv":[1.875,1.875,0.0,0.0],"rotation":0,"texture":"#0","tintindex":0},"down":{"uv":[1.875,0.0,0.0,1.875],"rotation":0,"texture":"#0","tintindex":0}}},{"from":[5.714286,10.06,5.714286],"to":[10.285714,12.917143,10.285714],"rotation":{"angle":0.0,"axis":"y","origin":[8.285714,5.202857,8.285714]},"faces":{"east":{"uv":[7.625,7.625,8.625,8.25],"rotation":0,"texture":"#0","tintindex":0},"south":{"uv":[6.875,3.0,5.875,3.625],"rotation":0,"texture":"#0","tintindex":0},"north":{"uv":[5.875,3.0,6.875,3.625],"rotation":0,"texture":"#0","tintindex":0},"west":{"uv":[7.875,2.75,8.875,3.375],"rotation":0,"texture":"#0","tintindex":0},"up":{"uv":[5.5,4.75,4.5,3.75],"rotation":0,"texture":"#0","tintindex":0},"down":{"uv":[5.0,4.875,4.0,5.875],"rotation":0,"texture":"#0","tintindex":0}}},{"from":[5.714286,12.917143,8.0],"to":[10.285714,15.774286,8.0],"rotation":{"angle":0.0,"axis":"y","origin":[8.285714,9.774286,8.0]},"faces":{"east":{"uv":[5.0,6.0,5.0,6.625],"rotation":0,"texture":"#0","tintindex":0},"south":{"uv":[4.25,8.25,3.25,8.875],"rotation":0,"texture":"#0","tintindex":0},"north":{"uv":[3.25,8.25,4.25,8.875],"rotation":0,"texture":"#0","tintindex":0},"west":{"uv":[2.5,7.5,2.5,8.125],"rotation":0,"texture":"#0","tintindex":0},"up":{"uv":[1.0,5.5,0.0,5.5],"rotation":0,"texture":"#0","tintindex":0},"down":{"uv":[9.375,3.875,8.375,3.875],"rotation":0,"texture":"#0","tintindex":0}}},{"from":[8.0,12.917143,5.714286],"to":[8.0,15.774286,10.285714],"rotation":{"angle":0.0,"axis":"y","origin":[8.0,9.774286,7.714286]},"faces":{"east":{"uv":[1.0,8.625,0.0,9.25],"rotation":0,"texture":"#0","tintindex":0},"south":{"uv":[2.5,8.25,2.5,8.875],"rotation":0,"texture":"#0","tintindex":0},"north":{"uv":[2.625,7.5,2.625,8.125],"rotation":0,"texture":"#0","tintindex":0},"west":{"uv":[0.0,8.625,1.0,9.25],"rotation":0,"texture":"#0","tintindex":0},"up":{"uv":[2.625,9.25,2.625,8.25],"rotation":0,"texture":"#0","tintindex":0},"down":{"uv":[4.375,8.25,4.375,9.25],"rotation":0,"texture":"#0","tintindex":0}}}],"display":{"head":{"translation":[0.0,-6.4,0.0],"scale":[4.0,4.0,4.0]}}}