{"textures":{"0":"modelengine:entity/fx_scarecrow"},"elements":[{"from":[2.4285712,4.5714283,6.285714],"to":[8.142858,9.142858,9.714286],"rotation":{"angle":0.0,"axis":"y","origin":[10.142858,6.0,8.285714]},"faces":{"east":{"uv":[2.375,7.5,1.625,8.5],"rotation":0,"texture":"#0","tintindex":0},"south":{"uv":[2.625,4.5,3.875,5.5],"rotation":0,"texture":"#0","tintindex":0},"north":{"uv":[3.875,4.5,2.625,5.5],"rotation":0,"texture":"#0","tintindex":0},"west":{"uv":[1.5,7.5,0.75,8.5],"rotation":0,"texture":"#0","tintindex":0},"up":{"uv":[1.375,6.375,2.625,5.625],"rotation":0,"texture":"#0","tintindex":0},"down":{"uv":[5.625,3.75,6.875,4.5],"rotation":0,"texture":"#0","tintindex":0}}},{"from":[-1.0,6.857143,7.142857],"to":[7.5714283,8.571428,8.857143],"rotation":{"angle":0.0,"axis":"y","origin":[10.142858,6.0,8.0]},"faces":{"east":{"uv":[4.875,8.0,4.5,8.375],"rotation":0,"texture":"#0","tintindex":0},"south":{"uv":[7.625,5.625,9.5,6.0],"rotation":0,"texture":"#0","tintindex":0},"north":{"uv":[9.5,5.625,7.625,6.0],"rotation":0,"texture":"#0","tintindex":0},"west":{"uv":[0.375,8.0,0.0,8.375],"rotation":0,"texture":"#0","tintindex":0},"up":{"uv":[7.625,7.0,9.5,6.625],"rotation":0,"texture":"#0","tintindex":0},"down":{"uv":[7.625,6.625,9.5,7.0],"rotation":0,"texture":"#0","tintindex":0}}}],"display":{"head":{"translation":[0.0,-6.4,0.0],"scale":[4.0,4.0,4.0]}}}