{"textures":{"0":"modelengine:entity/fx_scarecrow"},"elements":[{"from":[7.857143,4.5714283,6.285714],"to":[13.571428,9.142858,9.714286],"rotation":{"angle":0.0,"axis":"y","origin":[5.8571424,6.0,8.285714]},"faces":{"east":{"uv":[0.75,7.5,1.5,8.5],"rotation":0,"texture":"#0","tintindex":0},"south":{"uv":[3.875,4.5,2.625,5.5],"rotation":0,"texture":"#0","tintindex":0},"north":{"uv":[2.625,4.5,3.875,5.5],"rotation":0,"texture":"#0","tintindex":0},"west":{"uv":[1.625,7.5,2.375,8.5],"rotation":0,"texture":"#0","tintindex":0},"up":{"uv":[2.625,6.375,1.375,5.625],"rotation":0,"texture":"#0","tintindex":0},"down":{"uv":[6.875,3.75,5.625,4.5],"rotation":0,"texture":"#0","tintindex":0}}},{"from":[8.428572,6.857143,7.142857],"to":[17.0,8.571428,8.857143],"rotation":{"angle":0.0,"axis":"y","origin":[5.8571424,6.0,8.0]},"faces":{"east":{"uv":[0.0,8.0,0.375,8.375],"rotation":0,"texture":"#0","tintindex":0},"south":{"uv":[9.5,5.625,7.625,6.0],"rotation":0,"texture":"#0","tintindex":0},"north":{"uv":[7.625,5.625,9.5,6.0],"rotation":0,"texture":"#0","tintindex":0},"west":{"uv":[4.5,8.0,4.875,8.375],"rotation":0,"texture":"#0","tintindex":0},"up":{"uv":[9.5,7.0,7.625,6.625],"rotation":0,"texture":"#0","tintindex":0},"down":{"uv":[9.5,6.625,7.625,7.0],"rotation":0,"texture":"#0","tintindex":0}}}],"display":{"head":{"translation":[0.0,-6.4,0.0],"scale":[4.0,4.0,4.0]}}}