{"textures":{"0":"modelengine:entity/mushroom_red"},"elements":[{"from":[4.285714,8.0,4.285714],"to":[11.714286,10.285714,11.714286],"rotation":{"angle":0.0,"axis":"y","origin":[7.714286,9.142858,8.857143]},"faces":{"east":{"uv":[3.5,1.25,6.75,2.25],"rotation":0,"texture":"#0","tintindex":0},"south":{"uv":[3.5,0.0,6.75,1.0],"rotation":0,"texture":"#0","tintindex":0},"north":{"uv":[3.5,0.0,6.75,1.0],"rotation":0,"texture":"#0","tintindex":0},"west":{"uv":[3.5,1.25,6.75,2.25],"rotation":0,"texture":"#0","tintindex":0},"up":{"uv":[3.25,3.25,0.0,0.0],"rotation":0,"texture":"#0","tintindex":0},"down":{"uv":[3.25,3.5,0.0,6.75],"rotation":0,"texture":"#0","tintindex":0}}}],"display":{"head":{"translation":[0.0,-6.4,0.0],"scale":[4.0,4.0,4.0]}}}