{"textures":{"0":"modelengine:entity/chest_bone"},"elements":[{"from":[6.5714283,7.4142857,7.142857],"to":[9.428572,9.7,8.857143],"rotation":{"angle":0.0,"axis":"y","origin":[6.5714283,8.0,12.285715]},"faces":{"east":{"uv":[6.0,9.5,6.75,10.5],"rotation":0,"texture":"#0","tintindex":0},"south":{"uv":[1.5,8.75,2.75,9.75],"rotation":0,"texture":"#0","tintindex":0},"north":{"uv":[0.0,8.75,1.25,9.75],"rotation":0,"texture":"#0","tintindex":0},"west":{"uv":[7.0,9.5,7.75,10.5],"rotation":0,"texture":"#0","tintindex":0},"up":{"uv":[4.25,10.25,3.0,9.5],"rotation":0,"texture":"#0","tintindex":0},"down":{"uv":[5.75,9.5,4.5,10.25],"rotation":0,"texture":"#0","tintindex":0}}},{"from":[7.142857,6.2714286,7.142857],"to":[8.857143,7.4142857,8.285714],"rotation":{"angle":0.0,"axis":"y","origin":[6.5714283,8.0,12.285715]},"faces":{"east":{"uv":[11.0,1.0,11.5,1.5],"rotation":0,"texture":"#0","tintindex":0},"south":{"uv":[3.0,8.75,3.75,9.25],"rotation":0,"texture":"#0","tintindex":0},"north":{"uv":[8.0,7.0,8.75,7.5],"rotation":0,"texture":"#0","tintindex":0},"west":{"uv":[1.75,11.0,2.25,11.5],"rotation":0,"texture":"#0","tintindex":0},"up":{"uv":[9.75,7.5,9.0,7.0],"rotation":0,"texture":"#0","tintindex":0},"down":{"uv":[1.5,11.0,0.75,11.5],"rotation":0,"texture":"#0","tintindex":0}}}],"display":{"head":{"translation":[0.0,-6.4,0.0],"scale":[4.0,4.0,4.0]}}}