{"textures":{"0":"modelengine:entity/chest_bone"},"elements":[{"from":[3.7142854,8.0,1.4285712],"to":[12.285715,11.428572,8.857143],"rotation":{"angle":0.0,"axis":"y","origin":[6.5714283,8.571428,6.0]},"faces":{"east":{"uv":[7.5,3.5,10.75,5.0],"rotation":0,"texture":"#0","tintindex":0},"south":{"uv":[0.0,7.0,3.75,8.5],"rotation":0,"texture":"#0","tintindex":0},"north":{"uv":[4.0,6.0,7.75,7.5],"rotation":0,"texture":"#0","tintindex":0},"west":{"uv":[4.0,7.75,7.25,9.25],"rotation":0,"texture":"#0","tintindex":0},"up":{"uv":[3.75,3.25,0.0,0.0],"rotation":0,"texture":"#0","tintindex":0},"down":{"uv":[3.75,3.5,0.0,6.75],"rotation":0,"texture":"#0","tintindex":0}}},{"from":[10.285714,10.714286,4.5714283],"to":[11.428572,13.571428,5.714286],"rotation":{"angle":-22.5,"axis":"z","origin":[10.857143,12.873604,5.1499996]},"faces":{"east":{"uv":[0.5,10.0,0.0,11.25],"rotation":0,"texture":"#0","tintindex":0},"south":{"uv":[10.0,9.5,9.5,10.75],"rotation":0,"texture":"#0","tintindex":0},"north":{"uv":[8.5,9.5,8.0,10.75],"rotation":0,"texture":"#0","tintindex":0},"west":{"uv":[9.25,9.5,8.75,10.75],"rotation":0,"texture":"#0","tintindex":0},"up":{"uv":[11.0,2.25,11.5,1.75],"rotation":0,"texture":"#0","tintindex":0},"down":{"uv":[11.0,2.5,11.5,3.0],"rotation":0,"texture":"#0","tintindex":0}}},{"from":[10.491331,13.010931,4.285714],"to":[12.205618,14.725216,6.0],"rotation":{"angle":-45.0,"axis":"z","origin":[10.857143,12.873604,5.1499996]},"faces":{"east":{"uv":[3.5,10.5,2.75,11.25],"rotation":0,"texture":"#0","tintindex":0},"south":{"uv":[0.75,10.0,1.5,10.75],"rotation":0,"texture":"#0","tintindex":0},"north":{"uv":[1.5,10.0,0.75,10.75],"rotation":0,"texture":"#0","tintindex":0},"west":{"uv":[2.5,10.0,1.75,10.75],"rotation":0,"texture":"#0","tintindex":0},"up":{"uv":[3.75,11.25,4.5,10.5],"rotation":0,"texture":"#0","tintindex":0},"down":{"uv":[4.75,10.5,5.5,11.25],"rotation":0,"texture":"#0","tintindex":0}}},{"from":[9.508669,13.010931,4.3],"to":[11.222955,14.725216,6.0142856],"rotation":{"angle":0.0,"axis":"y","origin":[10.857143,12.873604,5.1499996]},"faces":{"east":{"uv":[1.75,10.0,2.5,10.75],"rotation":0,"texture":"#0","tintindex":0},"south":{"uv":[1.5,10.0,0.75,10.75],"rotation":0,"texture":"#0","tintindex":0},"north":{"uv":[0.75,10.0,1.5,10.75],"rotation":0,"texture":"#0","tintindex":0},"west":{"uv":[2.75,10.5,3.5,11.25],"rotation":0,"texture":"#0","tintindex":0},"up":{"uv":[4.5,11.25,3.75,10.5],"rotation":0,"texture":"#0","tintindex":0},"down":{"uv":[5.5,10.5,4.75,11.25],"rotation":0,"texture":"#0","tintindex":0}}},{"from":[4.5714283,10.714286,4.5714283],"to":[5.714286,13.571428,5.714286],"rotation":{"angle":22.5,"axis":"z","origin":[5.142857,12.873604,5.1499996]},"faces":{"east":{"uv":[8.75,9.5,9.25,10.75],"rotation":0,"texture":"#0","tintindex":0},"south":{"uv":[9.5,9.5,10.0,10.75],"rotation":0,"texture":"#0","tintindex":0},"north":{"uv":[8.0,9.5,8.5,10.75],"rotation":0,"texture":"#0","tintindex":0},"west":{"uv":[0.0,10.0,0.5,11.25],"rotation":0,"texture":"#0","tintindex":0},"up":{"uv":[11.5,2.25,11.0,1.75],"rotation":0,"texture":"#0","tintindex":0},"down":{"uv":[11.5,2.5,11.0,3.0],"rotation":0,"texture":"#0","tintindex":0}}},{"from":[4.7770452,13.010931,4.3],"to":[6.4913316,14.725216,6.0142856],"rotation":{"angle":0.0,"axis":"y","origin":[5.142857,12.873604,5.1499996]},"faces":{"east":{"uv":[3.5,10.5,2.75,11.25],"rotation":0,"texture":"#0","tintindex":0},"south":{"uv":[0.75,10.0,1.5,10.75],"rotation":0,"texture":"#0","tintindex":0},"north":{"uv":[1.5,10.0,0.75,10.75],"rotation":0,"texture":"#0","tintindex":0},"west":{"uv":[2.5,10.0,1.75,10.75],"rotation":0,"texture":"#0","tintindex":0},"up":{"uv":[3.75,11.25,4.5,10.5],"rotation":0,"texture":"#0","tintindex":0},"down":{"uv":[4.75,10.5,5.5,11.25],"rotation":0,"texture":"#0","tintindex":0}}},{"from":[3.7943826,13.010931,4.285714],"to":[5.5086684,14.725216,6.0],"rotation":{"angle":45.0,"axis":"z","origin":[5.142857,12.873604,5.1499996]},"faces":{"east":{"uv":[1.75,10.0,2.5,10.75],"rotation":0,"texture":"#0","tintindex":0},"south":{"uv":[1.5,10.0,0.75,10.75],"rotation":0,"texture":"#0","tintindex":0},"north":{"uv":[0.75,10.0,1.5,10.75],"rotation":0,"texture":"#0","tintindex":0},"west":{"uv":[2.75,10.5,3.5,11.25],"rotation":0,"texture":"#0","tintindex":0},"up":{"uv":[4.5,11.25,3.75,10.5],"rotation":0,"texture":"#0","tintindex":0},"down":{"uv":[5.5,10.5,4.75,11.25],"rotation":0,"texture":"#0","tintindex":0}}}],"display":{"head":{"translation":[0.0,-6.4,0.0],"scale":[4.0,4.0,4.0]}}}