{"textures":{"0":"modelengine:entity/sawblade_trap_long"},"elements":[{"from":[3.7142854,3.7142854,8.0],"to":[12.285715,12.285715,8.0],"rotation":{"angle":0.0,"axis":"y","origin":[-2.0,8.0,8.0]},"faces":{"east":{"uv":[1.25,4.0,1.25,5.875],"rotation":0,"texture":"#0","tintindex":0},"south":{"uv":[1.875,1.25,0.0,3.125],"rotation":0,"texture":"#0","tintindex":0},"north":{"uv":[0.0,1.25,1.875,3.125],"rotation":0,"texture":"#0","tintindex":0},"west":{"uv":[4.0,1.25,4.0,3.125],"rotation":0,"texture":"#0","tintindex":0},"up":{"uv":[3.25,4.0,1.375,4.0],"rotation":0,"texture":"#0","tintindex":0},"down":{"uv":[5.25,4.0,3.375,4.0],"rotation":0,"texture":"#0","tintindex":0}}}],"display":{"head":{"translation":[0.0,-6.4,0.0],"scale":[4.0,4.0,4.0]}}}