{"textures":{"0":"modelengine:entity/boulder"},"elements":[{"from":[4.285714,8.142858,4.5714283],"to":[11.714286,12.714286,11.428572],"rotation":{"angle":0.0,"axis":"y","origin":[8.0,13.0,8.285714]},"faces":{"east":{"uv":[3.75,5.5,6.75,7.5],"rotation":0,"texture":"#0","tintindex":0},"south":{"uv":[6.75,5.5,3.5,7.5],"rotation":0,"texture":"#0","tintindex":0},"north":{"uv":[3.5,5.5,6.75,7.5],"rotation":0,"texture":"#0","tintindex":0},"west":{"uv":[6.75,5.5,3.75,7.5],"rotation":0,"texture":"#0","tintindex":0},"up":{"uv":[3.25,3.0,0.0,0.0],"rotation":0,"texture":"#0","tintindex":0},"down":{"uv":[3.25,3.25,0.0,6.25],"rotation":0,"texture":"#0","tintindex":0}}},{"from":[4.8571424,12.714286,5.142857],"to":[11.142858,16.714287,10.857143],"rotation":{"angle":0.0,"axis":"y","origin":[8.0,13.0,8.285714]},"faces":{"east":{"uv":[7.0,4.5,9.5,6.25],"rotation":0,"texture":"#0","tintindex":0},"south":{"uv":[9.75,4.5,7.0,6.25],"rotation":0,"texture":"#0","tintindex":0},"north":{"uv":[7.0,4.5,9.75,6.25],"rotation":0,"texture":"#0","tintindex":0},"west":{"uv":[9.5,4.5,7.0,6.25],"rotation":0,"texture":"#0","tintindex":0},"up":{"uv":[6.25,2.5,3.5,0.0],"rotation":0,"texture":"#0","tintindex":0},"down":{"uv":[6.25,2.75,3.5,5.25],"rotation":0,"texture":"#0","tintindex":0}}}],"display":{"head":{"translation":[0.0,-6.4,0.0],"scale":[4.0,4.0,4.0]}}}