{"textures":{"0":"modelengine:entity/chest_aqua"},"elements":[{"from":[7.142857,6.857143,7.142857],"to":[8.857143,9.142858,8.857143],"rotation":{"angle":0.0,"axis":"y","origin":[6.5714283,8.0,12.285715]},"faces":{"east":{"uv":[7.0,9.5,7.75,10.5],"rotation":0,"texture":"#0","tintindex":0},"south":{"uv":[8.0,9.5,8.75,10.5],"rotation":0,"texture":"#0","tintindex":0},"north":{"uv":[6.0,9.5,6.75,10.5],"rotation":0,"texture":"#0","tintindex":0},"west":{"uv":[9.0,9.5,9.75,10.5],"rotation":0,"texture":"#0","tintindex":0},"up":{"uv":[2.25,11.0,1.5,10.25],"rotation":0,"texture":"#0","tintindex":0},"down":{"uv":[10.75,10.25,10.0,11.0],"rotation":0,"texture":"#0","tintindex":0}}}],"display":{"head":{"translation":[0.0,-6.4,0.0],"scale":[4.0,4.0,4.0]}}}