{"textures":{"0":"modelengine:entity/chest_aqua"},"elements":[{"from":[3.7142854,8.0,1.4285712],"to":[12.285715,11.428572,8.857143],"rotation":{"angle":0.0,"axis":"y","origin":[6.5714283,8.571428,6.0]},"faces":{"east":{"uv":[7.5,3.5,10.75,5.0],"rotation":0,"texture":"#0","tintindex":0},"south":{"uv":[0.0,7.0,3.75,8.5],"rotation":0,"texture":"#0","tintindex":0},"north":{"uv":[4.0,6.0,7.75,7.5],"rotation":0,"texture":"#0","tintindex":0},"west":{"uv":[4.0,7.75,7.25,9.25],"rotation":0,"texture":"#0","tintindex":0},"up":{"uv":[3.75,3.25,0.0,0.0],"rotation":0,"texture":"#0","tintindex":0},"down":{"uv":[3.75,3.5,0.0,6.75],"rotation":0,"texture":"#0","tintindex":0}}},{"from":[4.5224075,12.0,3.142857],"to":[7.3795505,13.142858,6.0],"rotation":{"angle":-45.0,"axis":"y","origin":[5.950979,12.571428,4.5714283]},"faces":{"east":{"uv":[1.25,10.25,0.0,10.75],"rotation":0,"texture":"#0","tintindex":0},"south":{"uv":[10.0,9.5,11.25,10.0],"rotation":0,"texture":"#0","tintindex":0},"north":{"uv":[8.0,7.0,9.25,7.5],"rotation":0,"texture":"#0","tintindex":0},"west":{"uv":[0.0,10.25,1.25,10.75],"rotation":0,"texture":"#0","tintindex":0},"up":{"uv":[1.25,10.0,0.0,8.75],"rotation":0,"texture":"#0","tintindex":0},"down":{"uv":[2.75,8.75,1.5,10.0],"rotation":0,"texture":"#0","tintindex":0}}},{"from":[10.651846,11.428572,3.2295938],"to":[11.794703,12.571428,4.372451],"rotation":{"angle":22.5,"axis":"y","origin":[11.223274,12.0,3.5153084]},"faces":{"east":{"uv":[9.0,10.75,9.5,11.25],"rotation":0,"texture":"#0","tintindex":0},"south":{"uv":[0.0,11.0,0.5,11.5],"rotation":0,"texture":"#0","tintindex":0},"north":{"uv":[8.25,10.75,8.75,11.25],"rotation":0,"texture":"#0","tintindex":0},"west":{"uv":[11.0,0.0,11.5,0.5],"rotation":0,"texture":"#0","tintindex":0},"up":{"uv":[1.25,11.5,0.75,11.0],"rotation":0,"texture":"#0","tintindex":0},"down":{"uv":[11.5,0.75,11.0,1.25],"rotation":0,"texture":"#0","tintindex":0}}},{"from":[9.046898,11.428572,2.922131],"to":[10.189755,12.571428,4.064988],"rotation":{"angle":45.0,"axis":"y","origin":[11.332612,12.0,3.779274]},"faces":{"east":{"uv":[9.0,10.75,9.5,11.25],"rotation":0,"texture":"#0","tintindex":0},"south":{"uv":[0.0,11.0,0.5,11.5],"rotation":0,"texture":"#0","tintindex":0},"north":{"uv":[8.25,10.75,8.75,11.25],"rotation":0,"texture":"#0","tintindex":0},"west":{"uv":[11.0,0.0,11.5,0.5],"rotation":0,"texture":"#0","tintindex":0},"up":{"uv":[1.25,11.5,0.75,11.0],"rotation":0,"texture":"#0","tintindex":0},"down":{"uv":[11.5,0.75,11.0,1.25],"rotation":0,"texture":"#0","tintindex":0}}},{"from":[8.054077,11.428572,7.4272075],"to":[9.196934,12.571428,8.570065],"rotation":{"angle":0.0,"axis":"y","origin":[8.768363,12.0,7.1414933]},"faces":{"east":{"uv":[0.0,11.0,0.5,11.5],"rotation":0,"texture":"#0","tintindex":0},"south":{"uv":[11.0,0.0,11.5,0.5],"rotation":0,"texture":"#0","tintindex":0},"north":{"uv":[9.0,10.75,9.5,11.25],"rotation":0,"texture":"#0","tintindex":0},"west":{"uv":[8.25,10.75,8.75,11.25],"rotation":0,"texture":"#0","tintindex":0},"up":{"uv":[1.25,11.5,0.75,11.0],"rotation":270,"texture":"#0","tintindex":0},"down":{"uv":[11.5,0.75,11.0,1.25],"rotation":90,"texture":"#0","tintindex":0}}},{"from":[8.000902,11.428572,5.7234983],"to":[9.14376,12.571428,6.866356],"rotation":{"angle":-22.5,"axis":"y","origin":[8.768363,12.0,7.1414933]},"faces":{"east":{"uv":[0.0,11.0,0.5,11.5],"rotation":0,"texture":"#0","tintindex":0},"south":{"uv":[11.0,0.0,11.5,0.5],"rotation":0,"texture":"#0","tintindex":0},"north":{"uv":[9.0,10.75,9.5,11.25],"rotation":0,"texture":"#0","tintindex":0},"west":{"uv":[8.25,10.75,8.75,11.25],"rotation":0,"texture":"#0","tintindex":0},"up":{"uv":[1.25,11.5,0.75,11.0],"rotation":270,"texture":"#0","tintindex":0},"down":{"uv":[11.5,0.75,11.0,1.25],"rotation":90,"texture":"#0","tintindex":0}}},{"from":[5.142857,11.714286,5.428571],"to":[6.285714,12.857143,6.0],"rotation":{"angle":-45.0,"axis":"y","origin":[5.142857,12.0,4.5714283]},"faces":{"east":{"uv":[7.5,5.25,7.75,5.75],"rotation":0,"texture":"#0","tintindex":0},"south":{"uv":[7.5,10.75,8.0,11.25],"rotation":0,"texture":"#0","tintindex":0},"north":{"uv":[3.0,8.75,3.5,9.25],"rotation":0,"texture":"#0","tintindex":0},"west":{"uv":[2.5,10.25,2.75,10.75],"rotation":0,"texture":"#0","tintindex":0},"up":{"uv":[7.5,11.75,7.0,11.5],"rotation":0,"texture":"#0","tintindex":0},"down":{"uv":[8.25,11.5,7.75,11.75],"rotation":0,"texture":"#0","tintindex":0}}},{"from":[4.285714,11.428572,2.5714283],"to":[7.142857,12.0,5.428571],"rotation":{"angle":-45.0,"axis":"y","origin":[5.142857,12.0,4.5714283]},"faces":{"east":{"uv":[7.25,10.75,6.0,11.0],"rotation":0,"texture":"#0","tintindex":0},"south":{"uv":[10.5,8.75,11.75,9.0],"rotation":0,"texture":"#0","tintindex":0},"north":{"uv":[10.5,7.75,11.75,8.0],"rotation":0,"texture":"#0","tintindex":0},"west":{"uv":[6.0,10.75,7.25,11.0],"rotation":0,"texture":"#0","tintindex":0},"up":{"uv":[4.25,10.75,3.0,9.5],"rotation":0,"texture":"#0","tintindex":0},"down":{"uv":[5.75,9.5,4.5,10.75],"rotation":0,"texture":"#0","tintindex":0}}}],"display":{"head":{"translation":[0.0,-6.4,0.0],"scale":[4.0,4.0,4.0]}}}