{"textures":{"0":"modelengine:entity/sawblade_trap_short"},"elements":[{"from":[-5.714287,7.428571,7.142857],"to":[21.714287,8.571428,8.857143],"rotation":{"angle":0.0,"axis":"y","origin":[8.0,8.0,8.285714]},"faces":{"east":{"uv":[0.0,4.0,0.375,4.25],"rotation":0,"texture":"#0","tintindex":0},"south":{"uv":[6.0,3.25,0.0,3.5],"rotation":0,"texture":"#0","tintindex":0},"north":{"uv":[0.0,3.25,6.0,3.5],"rotation":0,"texture":"#0","tintindex":0},"west":{"uv":[0.625,4.0,1.0,4.25],"rotation":0,"texture":"#0","tintindex":0},"up":{"uv":[6.0,0.375,0.0,0.0],"rotation":0,"texture":"#0","tintindex":0},"down":{"uv":[6.0,0.625,0.0,1.0],"rotation":0,"texture":"#0","tintindex":0}}}],"display":{"head":{"translation":[0.0,-6.4,0.0],"scale":[4.0,4.0,4.0]}}}