{"textures":{"0":"modelengine:entity/chest_light"},"elements":[{"from":[4.285714,8.0,4.8571424],"to":[11.714286,11.428572,11.142858],"rotation":{"angle":0.0,"axis":"y","origin":[6.5714283,12.0,8.857143]},"faces":{"east":{"uv":[0.0,10.0,2.75,11.5],"rotation":0,"texture":"#0","tintindex":0},"south":{"uv":[10.5,0.0,13.75,1.5],"rotation":0,"texture":"#0","tintindex":0},"north":{"uv":[10.0,6.75,13.25,8.25],"rotation":0,"texture":"#0","tintindex":0},"west":{"uv":[10.25,10.75,13.0,12.25],"rotation":0,"texture":"#0","tintindex":0},"up":{"uv":[7.25,2.75,4.0,0.0],"rotation":0,"texture":"#0","tintindex":0},"down":{"uv":[7.25,3.0,4.0,5.75],"rotation":0,"texture":"#0","tintindex":0}}}],"display":{"head":{"translation":[0.0,-6.4,0.0],"scale":[4.0,4.0,4.0]}}}