{"textures":{"0":"modelengine:entity/chest_light"},"elements":[{"from":[6.5714283,6.857143,7.142857],"to":[9.428572,9.142858,8.857143],"rotation":{"angle":0.0,"axis":"y","origin":[6.5714283,8.0,12.285715]},"faces":{"east":{"uv":[10.5,12.5,11.25,13.5],"rotation":0,"texture":"#0","tintindex":0},"south":{"uv":[7.5,12.5,8.75,13.5],"rotation":0,"texture":"#0","tintindex":0},"north":{"uv":[11.25,3.5,12.5,4.5],"rotation":0,"texture":"#0","tintindex":0},"west":{"uv":[11.5,12.5,12.25,13.5],"rotation":0,"texture":"#0","tintindex":0},"up":{"uv":[8.75,5.75,7.5,5.0],"rotation":0,"texture":"#0","tintindex":0},"down":{"uv":[10.25,12.5,9.0,13.25],"rotation":0,"texture":"#0","tintindex":0}}},{"from":[3.7142854,6.857143,7.142857],"to":[6.5714283,10.285714,7.142857],"rotation":{"angle":0.0,"axis":"y","origin":[5.142857,8.0,8.0]},"faces":{"east":{"uv":[5.0,12.75,5.0,14.25],"rotation":0,"texture":"#0","tintindex":0},"south":{"uv":[6.25,11.0,5.0,12.5],"rotation":0,"texture":"#0","tintindex":0},"north":{"uv":[5.0,11.0,6.25,12.5],"rotation":0,"texture":"#0","tintindex":0},"west":{"uv":[5.25,12.75,5.25,14.25],"rotation":0,"texture":"#0","tintindex":0},"up":{"uv":[12.5,4.75,11.25,4.75],"rotation":0,"texture":"#0","tintindex":0},"down":{"uv":[14.0,4.75,12.75,4.75],"rotation":0,"texture":"#0","tintindex":0}}},{"from":[9.428572,6.857143,7.142857],"to":[12.285715,10.285714,7.142857],"rotation":{"angle":0.0,"axis":"y","origin":[10.857143,8.0,8.0]},"faces":{"east":{"uv":[5.25,12.75,5.25,14.25],"rotation":0,"texture":"#0","tintindex":0},"south":{"uv":[5.0,11.0,6.25,12.5],"rotation":0,"texture":"#0","tintindex":0},"north":{"uv":[6.25,11.0,5.0,12.5],"rotation":0,"texture":"#0","tintindex":0},"west":{"uv":[5.0,12.75,5.0,14.25],"rotation":0,"texture":"#0","tintindex":0},"up":{"uv":[11.25,4.75,12.5,4.75],"rotation":0,"texture":"#0","tintindex":0},"down":{"uv":[12.75,4.75,14.0,4.75],"rotation":0,"texture":"#0","tintindex":0}}}],"display":{"head":{"translation":[0.0,-6.4,0.0],"scale":[4.0,4.0,4.0]}}}