{"textures":{"0":"modelengine:entity/chest_light"},"elements":[{"from":[3.7142854,8.0,1.4285712],"to":[12.285715,11.428572,8.857143],"rotation":{"angle":0.0,"axis":"y","origin":[6.5714283,8.571428,6.0]},"faces":{"east":{"uv":[6.75,10.75,10.0,12.25],"rotation":0,"texture":"#0","tintindex":0},"south":{"uv":[10.0,5.0,13.75,6.5],"rotation":0,"texture":"#0","tintindex":0},"north":{"uv":[6.75,9.0,10.5,10.5],"rotation":0,"texture":"#0","tintindex":0},"west":{"uv":[10.75,8.5,14.0,10.0],"rotation":0,"texture":"#0","tintindex":0},"up":{"uv":[3.75,3.25,0.0,0.0],"rotation":0,"texture":"#0","tintindex":0},"down":{"uv":[3.75,3.5,0.0,6.75],"rotation":0,"texture":"#0","tintindex":0}}},{"from":[0.85714245,8.0,5.142857],"to":[7.142857,14.285715,5.142857],"rotation":{"angle":0.0,"axis":"y","origin":[6.5714283,8.571428,6.857143]},"faces":{"east":{"uv":[6.0,12.75,6.0,15.5],"rotation":0,"texture":"#0","tintindex":0},"south":{"uv":[9.75,6.0,7.0,8.75],"rotation":0,"texture":"#0","tintindex":0},"north":{"uv":[7.0,6.0,9.75,8.75],"rotation":0,"texture":"#0","tintindex":0},"west":{"uv":[6.25,12.75,6.25,15.5],"rotation":0,"texture":"#0","tintindex":0},"up":{"uv":[15.75,1.75,13.0,1.75],"rotation":0,"texture":"#0","tintindex":0},"down":{"uv":[15.75,2.0,13.0,2.0],"rotation":0,"texture":"#0","tintindex":0}}},{"from":[7.142857,8.014286,1.1428566],"to":[8.857143,12.014286,9.142858],"rotation":{"angle":0.0,"axis":"y","origin":[6.5714283,8.571428,6.0]},"faces":{"east":{"uv":[7.5,3.0,11.0,4.75],"rotation":0,"texture":"#0","tintindex":0},"south":{"uv":[6.5,12.5,7.25,14.25],"rotation":0,"texture":"#0","tintindex":0},"north":{"uv":[3.0,7.0,3.75,8.75],"rotation":0,"texture":"#0","tintindex":0},"west":{"uv":[3.0,9.0,6.5,10.75],"rotation":0,"texture":"#0","tintindex":0},"up":{"uv":[3.75,14.5,3.0,11.0],"rotation":0,"texture":"#0","tintindex":0},"down":{"uv":[4.75,11.0,4.0,14.5],"rotation":0,"texture":"#0","tintindex":0}}},{"from":[8.857143,8.0,5.142857],"to":[15.142858,14.285715,5.142857],"rotation":{"angle":0.0,"axis":"y","origin":[9.428572,8.571428,6.857143]},"faces":{"east":{"uv":[6.25,12.75,6.25,15.5],"rotation":0,"texture":"#0","tintindex":0},"south":{"uv":[7.0,6.0,9.75,8.75],"rotation":0,"texture":"#0","tintindex":0},"north":{"uv":[9.75,6.0,7.0,8.75],"rotation":0,"texture":"#0","tintindex":0},"west":{"uv":[6.0,12.75,6.0,15.5],"rotation":0,"texture":"#0","tintindex":0},"up":{"uv":[13.0,1.75,15.75,1.75],"rotation":0,"texture":"#0","tintindex":0},"down":{"uv":[13.0,2.0,15.75,2.0],"rotation":0,"texture":"#0","tintindex":0}}}],"display":{"head":{"translation":[0.0,-6.4,0.0],"scale":[4.0,4.0,4.0]}}}