{"textures":{"0":"modelengine:entity/barrel_explosive"},"elements":[{"from":[4.285714,8.0,4.285714],"to":[11.714286,16.57143,11.714286],"rotation":{"angle":0.0,"axis":"y","origin":[7.714286,12.0,7.714286]},"faces":{"east":{"uv":[3.75,3.75,5.375,5.625],"rotation":0,"texture":"#0","tintindex":0},"south":{"uv":[3.75,3.75,5.375,5.625],"rotation":0,"texture":"#0","tintindex":0},"north":{"uv":[3.75,3.75,5.375,5.625],"rotation":0,"texture":"#0","tintindex":0},"west":{"uv":[3.75,3.75,5.375,5.625],"rotation":0,"texture":"#0","tintindex":0},"up":{"uv":[3.375,7.25,1.75,5.625],"rotation":0,"texture":"#0","tintindex":0},"down":{"uv":[3.375,7.25,1.75,5.625],"rotation":0,"texture":"#0","tintindex":0}}},{"from":[4.0,13.142858,4.0],"to":[12.0,14.285715,12.0],"rotation":{"angle":0.0,"axis":"y","origin":[8.0,12.0,8.0]},"faces":{"east":{"uv":[7.25,5.375,9.0,5.625],"rotation":0,"texture":"#0","tintindex":0},"south":{"uv":[7.25,5.375,9.0,5.625],"rotation":0,"texture":"#0","tintindex":0},"north":{"uv":[7.25,5.375,9.0,5.625],"rotation":0,"texture":"#0","tintindex":0},"west":{"uv":[7.25,5.375,9.0,5.625],"rotation":0,"texture":"#0","tintindex":0},"up":{"uv":[3.625,1.75,1.875,0.0],"rotation":0,"texture":"#0","tintindex":0},"down":{"uv":[3.625,1.875,1.875,3.625],"rotation":0,"texture":"#0","tintindex":0}}},{"from":[4.0,14.857143,4.0],"to":[12.0,16.57143,12.0],"rotation":{"angle":0.0,"axis":"y","origin":[8.0,12.0,8.0]},"faces":{"east":{"uv":[3.5,6.75,5.25,7.125],"rotation":0,"texture":"#0","tintindex":0},"south":{"uv":[3.5,6.75,5.25,7.125],"rotation":0,"texture":"#0","tintindex":0},"north":{"uv":[3.5,6.75,5.25,7.125],"rotation":0,"texture":"#0","tintindex":0},"west":{"uv":[3.5,6.75,5.25,7.125],"rotation":0,"texture":"#0","tintindex":0},"up":{"uv":[3.625,5.5,1.875,3.75],"rotation":0,"texture":"#0","tintindex":0},"down":{"uv":[5.5,1.875,3.75,3.625],"rotation":0,"texture":"#0","tintindex":0}}},{"from":[4.0,10.285714,4.0],"to":[12.0,11.428572,12.0],"rotation":{"angle":0.0,"axis":"y","origin":[8.0,13.142858,8.0]},"faces":{"east":{"uv":[7.25,5.625,9.0,5.375],"rotation":0,"texture":"#0","tintindex":0},"south":{"uv":[7.25,5.625,9.0,5.375],"rotation":0,"texture":"#0","tintindex":0},"north":{"uv":[7.25,5.625,9.0,5.375],"rotation":0,"texture":"#0","tintindex":0},"west":{"uv":[7.25,5.625,9.0,5.375],"rotation":0,"texture":"#0","tintindex":0},"up":{"uv":[3.625,3.625,1.875,1.875],"rotation":0,"texture":"#0","tintindex":0},"down":{"uv":[3.625,0.0,1.875,1.75],"rotation":0,"texture":"#0","tintindex":0}}},{"from":[4.0,8.0,4.0],"to":[12.0,9.714286,12.0],"rotation":{"angle":0.0,"axis":"y","origin":[8.0,13.142858,8.0]},"faces":{"east":{"uv":[3.5,7.125,5.25,6.75],"rotation":0,"texture":"#0","tintindex":0},"south":{"uv":[3.5,7.125,5.25,6.75],"rotation":0,"texture":"#0","tintindex":0},"north":{"uv":[3.5,7.125,5.25,6.75],"rotation":0,"texture":"#0","tintindex":0},"west":{"uv":[3.5,7.125,5.25,6.75],"rotation":0,"texture":"#0","tintindex":0},"up":{"uv":[5.5,3.625,3.75,1.875],"rotation":0,"texture":"#0","tintindex":0},"down":{"uv":[3.625,3.75,1.875,5.5],"rotation":0,"texture":"#0","tintindex":0}}}],"display":{"head":{"translation":[0.0,-6.4,0.0],"scale":[4.0,4.0,4.0]}}}