{"textures":{"0":"modelengine:entity/deathbloom"},"elements":[{"from":[5.142857,7.992622,8.0],"to":[10.857143,13.135479,8.0],"rotation":{"angle":0.0,"axis":"y","origin":[7.714286,11.135479,6.0]},"faces":{"east":{"uv":[7.0,9.0,7.0,11.25],"rotation":0,"texture":"#0","tintindex":0},"south":{"uv":[2.5,0.0,0.0,2.25],"rotation":0,"texture":"#0","tintindex":0},"north":{"uv":[0.0,0.0,2.5,2.25],"rotation":0,"texture":"#0","tintindex":0},"west":{"uv":[9.0,7.0,9.0,9.25],"rotation":0,"texture":"#0","tintindex":0},"up":{"uv":[11.75,7.0,9.25,7.0],"rotation":0,"texture":"#0","tintindex":0},"down":{"uv":[11.75,7.25,9.25,7.25],"rotation":0,"texture":"#0","tintindex":0}}},{"from":[8.0,7.992622,5.142857],"to":[8.0,13.135479,10.857143],"rotation":{"angle":0.0,"axis":"y","origin":[8.0,10.564051,8.0]},"faces":{"east":{"uv":[0.0,0.0,2.5,2.25],"rotation":0,"texture":"#0","tintindex":0},"south":{"uv":[7.0,9.0,7.0,11.25],"rotation":0,"texture":"#0","tintindex":0},"north":{"uv":[9.0,7.0,9.0,9.25],"rotation":0,"texture":"#0","tintindex":0},"west":{"uv":[2.5,0.0,0.0,2.25],"rotation":0,"texture":"#0","tintindex":0},"up":{"uv":[11.75,7.0,9.25,7.0],"rotation":90,"texture":"#0","tintindex":0},"down":{"uv":[11.75,7.25,9.25,7.25],"rotation":270,"texture":"#0","tintindex":0}}},{"from":[6.369398,8.98247,6.0],"to":[6.369398,14.125326,10.0],"rotation":{"angle":45.0,"axis":"z","origin":[8.0,9.923296,8.0]},"faces":{"east":{"uv":[2.75,0.0,4.5,2.25],"rotation":0,"texture":"#0","tintindex":0},"south":{"uv":[8.0,9.5,8.0,11.75],"rotation":0,"texture":"#0","tintindex":0},"north":{"uv":[7.75,9.5,7.75,11.75],"rotation":0,"texture":"#0","tintindex":0},"west":{"uv":[4.5,0.0,2.75,2.25],"rotation":0,"texture":"#0","tintindex":0},"up":{"uv":[9.5,9.75,9.5,8.0],"rotation":0,"texture":"#0","tintindex":0},"down":{"uv":[8.25,9.5,8.25,11.25],"rotation":0,"texture":"#0","tintindex":0}}},{"from":[9.630602,8.98247,6.0],"to":[9.630602,14.125326,10.0],"rotation":{"angle":-45.0,"axis":"z","origin":[8.0,9.923296,8.0]},"faces":{"east":{"uv":[2.75,0.0,4.5,2.25],"rotation":0,"texture":"#0","tintindex":0},"south":{"uv":[8.0,9.5,8.0,11.75],"rotation":0,"texture":"#0","tintindex":0},"north":{"uv":[7.75,9.5,7.75,11.75],"rotation":0,"texture":"#0","tintindex":0},"west":{"uv":[4.5,0.0,2.75,2.25],"rotation":0,"texture":"#0","tintindex":0},"up":{"uv":[9.5,9.75,9.5,8.0],"rotation":0,"texture":"#0","tintindex":0},"down":{"uv":[8.25,9.5,8.25,11.25],"rotation":0,"texture":"#0","tintindex":0}}},{"from":[6.0,8.98247,6.369398],"to":[10.0,14.125326,6.369398],"rotation":{"angle":-45.0,"axis":"x","origin":[8.0,9.923296,8.0]},"faces":{"east":{"uv":[7.75,9.5,7.75,11.75],"rotation":0,"texture":"#0","tintindex":0},"south":{"uv":[2.75,0.0,4.5,2.25],"rotation":0,"texture":"#0","tintindex":0},"north":{"uv":[4.5,0.0,2.75,2.25],"rotation":0,"texture":"#0","tintindex":0},"west":{"uv":[8.0,9.5,8.0,11.75],"rotation":0,"texture":"#0","tintindex":0},"up":{"uv":[9.5,9.75,9.5,8.0],"rotation":90,"texture":"#0","tintindex":0},"down":{"uv":[8.25,9.5,8.25,11.25],"rotation":270,"texture":"#0","tintindex":0}}},{"from":[6.0,8.98247,9.630602],"to":[10.0,14.125326,9.630602],"rotation":{"angle":45.0,"axis":"x","origin":[8.0,9.923296,8.0]},"faces":{"east":{"uv":[7.75,9.5,7.75,11.75],"rotation":0,"texture":"#0","tintindex":0},"south":{"uv":[2.75,0.0,4.5,2.25],"rotation":0,"texture":"#0","tintindex":0},"north":{"uv":[4.5,0.0,2.75,2.25],"rotation":0,"texture":"#0","tintindex":0},"west":{"uv":[8.0,9.5,8.0,11.75],"rotation":0,"texture":"#0","tintindex":0},"up":{"uv":[9.5,9.75,9.5,8.0],"rotation":90,"texture":"#0","tintindex":0},"down":{"uv":[8.25,9.5,8.25,11.25],"rotation":270,"texture":"#0","tintindex":0}}},{"from":[6.0,13.135479,6.0],"to":[10.0,17.135479,10.0],"rotation":{"angle":0.0,"axis":"y","origin":[8.0,11.135479,8.0]},"faces":{"east":{"uv":[2.0,5.0,3.75,6.75],"rotation":0,"texture":"#0","tintindex":0},"south":{"uv":[1.75,5.0,0.0,6.75],"rotation":0,"texture":"#0","tintindex":0},"north":{"uv":[0.0,5.0,1.75,6.75],"rotation":0,"texture":"#0","tintindex":0},"west":{"uv":[6.0,5.0,7.75,6.75],"rotation":0,"texture":"#0","tintindex":0},"up":{"uv":[8.5,1.75,6.75,0.0],"rotation":0,"texture":"#0","tintindex":0},"down":{"uv":[8.5,0.0,6.75,1.75],"rotation":0,"texture":"#0","tintindex":0}}},{"from":[7.142857,17.135479,7.142857],"to":[8.857143,18.278336,8.857143],"rotation":{"angle":0.0,"axis":"y","origin":[8.0,11.135479,8.0]},"faces":{"east":{"uv":[4.0,9.0,4.75,9.5],"rotation":0,"texture":"#0","tintindex":0},"south":{"uv":[5.0,9.0,5.75,9.5],"rotation":0,"texture":"#0","tintindex":0},"north":{"uv":[3.0,9.0,3.75,9.5],"rotation":0,"texture":"#0","tintindex":0},"west":{"uv":[6.0,9.0,6.75,9.5],"rotation":0,"texture":"#0","tintindex":0},"up":{"uv":[7.75,8.75,7.0,8.0],"rotation":0,"texture":"#0","tintindex":0},"down":{"uv":[8.75,8.0,8.0,8.75],"rotation":0,"texture":"#0","tintindex":0}}},{"from":[7.142857,19.06183,6.965051],"to":[8.857143,20.776115,6.965051],"rotation":{"angle":-45.0,"axis":"x","origin":[8.0,18.884024,8.0]},"faces":{"east":{"uv":[10.0,1.0,10.0,1.75],"rotation":0,"texture":"#0","tintindex":0},"south":{"uv":[9.5,4.0,8.75,4.75],"rotation":0,"texture":"#0","tintindex":0},"north":{"uv":[8.75,4.0,9.5,4.75],"rotation":0,"texture":"#0","tintindex":0},"west":{"uv":[1.25,10.0,1.25,10.75],"rotation":0,"texture":"#0","tintindex":0},"up":{"uv":[2.25,10.0,1.5,10.0],"rotation":0,"texture":"#0","tintindex":0},"down":{"uv":[10.75,2.0,10.0,2.0],"rotation":0,"texture":"#0","tintindex":0}}},{"from":[7.142857,19.06183,9.034948],"to":[8.857143,20.776115,9.034948],"rotation":{"angle":45.0,"axis":"x","origin":[8.0,18.884024,8.0]},"faces":{"east":{"uv":[10.0,1.0,10.0,1.75],"rotation":0,"texture":"#0","tintindex":0},"south":{"uv":[9.5,4.0,8.75,4.75],"rotation":0,"texture":"#0","tintindex":0},"north":{"uv":[8.75,4.0,9.5,4.75],"rotation":0,"texture":"#0","tintindex":0},"west":{"uv":[1.25,10.0,1.25,10.75],"rotation":0,"texture":"#0","tintindex":0},"up":{"uv":[2.25,10.0,1.5,10.0],"rotation":0,"texture":"#0","tintindex":0},"down":{"uv":[10.75,2.0,10.0,2.0],"rotation":0,"texture":"#0","tintindex":0}}},{"from":[6.965051,19.06183,7.142857],"to":[6.965051,20.776115,8.857143],"rotation":{"angle":45.0,"axis":"z","origin":[8.0,18.884024,8.0]},"faces":{"east":{"uv":[8.75,4.0,9.5,4.75],"rotation":0,"texture":"#0","tintindex":0},"south":{"uv":[10.0,1.0,10.0,1.75],"rotation":0,"texture":"#0","tintindex":0},"north":{"uv":[1.25,10.0,1.25,10.75],"rotation":0,"texture":"#0","tintindex":0},"west":{"uv":[9.5,4.0,8.75,4.75],"rotation":0,"texture":"#0","tintindex":0},"up":{"uv":[2.25,10.0,1.5,10.0],"rotation":90,"texture":"#0","tintindex":0},"down":{"uv":[10.75,2.0,10.0,2.0],"rotation":270,"texture":"#0","tintindex":0}}},{"from":[9.034948,19.06183,7.142857],"to":[9.034948,20.776115,8.857143],"rotation":{"angle":-45.0,"axis":"z","origin":[8.0,18.884024,8.0]},"faces":{"east":{"uv":[8.75,4.0,9.5,4.75],"rotation":0,"texture":"#0","tintindex":0},"south":{"uv":[10.0,1.0,10.0,1.75],"rotation":0,"texture":"#0","tintindex":0},"north":{"uv":[1.25,10.0,1.25,10.75],"rotation":0,"texture":"#0","tintindex":0},"west":{"uv":[9.5,4.0,8.75,4.75],"rotation":0,"texture":"#0","tintindex":0},"up":{"uv":[2.25,10.0,1.5,10.0],"rotation":90,"texture":"#0","tintindex":0},"down":{"uv":[10.75,2.0,10.0,2.0],"rotation":270,"texture":"#0","tintindex":0}}},{"from":[7.8486643,17.901222,6.0],"to":[11.277236,17.901222,10.0],"rotation":{"angle":-45.0,"axis":"z","origin":[8.0,14.921458,8.0]},"faces":{"east":{"uv":[9.25,7.5,11.0,7.5],"rotation":0,"texture":"#0","tintindex":0},"south":{"uv":[7.25,9.25,8.75,9.25],"rotation":0,"texture":"#0","tintindex":0},"north":{"uv":[7.25,9.0,8.75,9.0],"rotation":0,"texture":"#0","tintindex":0},"west":{"uv":[9.25,7.75,11.0,7.75],"rotation":0,"texture":"#0","tintindex":0},"up":{"uv":[1.5,8.75,0.0,7.0],"rotation":0,"texture":"#0","tintindex":0},"down":{"uv":[1.5,7.0,0.0,8.75],"rotation":0,"texture":"#0","tintindex":0}}},{"from":[12.007614,11.319926,6.0],"to":[12.007614,13.034212,10.0],"rotation":{"angle":22.5,"axis":"z","origin":[8.0,14.921458,8.0]},"faces":{"east":{"uv":[6.75,4.0,8.5,4.75],"rotation":0,"texture":"#0","tintindex":0},"south":{"uv":[9.25,9.0,9.25,9.75],"rotation":0,"texture":"#0","tintindex":0},"north":{"uv":[9.25,8.0,9.25,8.75],"rotation":0,"texture":"#0","tintindex":0},"west":{"uv":[8.5,4.0,6.75,4.75],"rotation":0,"texture":"#0","tintindex":0},"up":{"uv":[7.25,11.25,7.25,9.5],"rotation":0,"texture":"#0","tintindex":0},"down":{"uv":[7.5,9.5,7.5,11.25],"rotation":0,"texture":"#0","tintindex":0}}},{"from":[4.722764,17.901222,6.0],"to":[8.151336,17.901222,10.0],"rotation":{"angle":45.0,"axis":"z","origin":[8.0,14.921458,8.0]},"faces":{"east":{"uv":[11.0,7.75,9.25,7.75],"rotation":0,"texture":"#0","tintindex":0},"south":{"uv":[8.75,9.25,7.25,9.25],"rotation":0,"texture":"#0","tintindex":0},"north":{"uv":[8.75,9.0,7.25,9.0],"rotation":0,"texture":"#0","tintindex":0},"west":{"uv":[11.0,7.5,9.25,7.5],"rotation":0,"texture":"#0","tintindex":0},"up":{"uv":[0.0,8.75,1.5,7.0],"rotation":0,"texture":"#0","tintindex":0},"down":{"uv":[0.0,7.0,1.5,8.75],"rotation":0,"texture":"#0","tintindex":0}}},{"from":[3.9923859,11.319926,6.0],"to":[3.9923859,13.034212,10.0],"rotation":{"angle":-22.5,"axis":"z","origin":[8.0,14.921458,8.0]},"faces":{"east":{"uv":[6.75,4.0,8.5,4.75],"rotation":0,"texture":"#0","tintindex":0},"south":{"uv":[9.25,9.0,9.25,9.75],"rotation":0,"texture":"#0","tintindex":0},"north":{"uv":[9.25,8.0,9.25,8.75],"rotation":0,"texture":"#0","tintindex":0},"west":{"uv":[8.5,4.0,6.75,4.75],"rotation":0,"texture":"#0","tintindex":0},"up":{"uv":[7.25,11.25,7.25,9.5],"rotation":0,"texture":"#0","tintindex":0},"down":{"uv":[7.5,9.5,7.5,11.25],"rotation":0,"texture":"#0","tintindex":0}}},{"from":[6.0,17.901222,7.8486643],"to":[10.0,17.901222,11.277236],"rotation":{"angle":45.0,"axis":"x","origin":[8.0,14.921458,8.0]},"faces":{"east":{"uv":[7.25,9.0,8.75,9.0],"rotation":0,"texture":"#0","tintindex":0},"south":{"uv":[9.25,7.5,11.0,7.5],"rotation":0,"texture":"#0","tintindex":0},"north":{"uv":[9.25,7.75,11.0,7.75],"rotation":0,"texture":"#0","tintindex":0},"west":{"uv":[7.25,9.25,8.75,9.25],"rotation":0,"texture":"#0","tintindex":0},"up":{"uv":[1.5,8.75,0.0,7.0],"rotation":90,"texture":"#0","tintindex":0},"down":{"uv":[1.5,7.0,0.0,8.75],"rotation":270,"texture":"#0","tintindex":0}}},{"from":[6.0,11.319926,12.007614],"to":[10.0,13.034212,12.007614],"rotation":{"angle":-22.5,"axis":"x","origin":[8.0,14.921458,8.0]},"faces":{"east":{"uv":[9.25,8.0,9.25,8.75],"rotation":0,"texture":"#0","tintindex":0},"south":{"uv":[6.75,4.0,8.5,4.75],"rotation":0,"texture":"#0","tintindex":0},"north":{"uv":[8.5,4.0,6.75,4.75],"rotation":0,"texture":"#0","tintindex":0},"west":{"uv":[9.25,9.0,9.25,9.75],"rotation":0,"texture":"#0","tintindex":0},"up":{"uv":[7.25,11.25,7.25,9.5],"rotation":90,"texture":"#0","tintindex":0},"down":{"uv":[7.5,9.5,7.5,11.25],"rotation":270,"texture":"#0","tintindex":0}}},{"from":[6.0,17.901222,4.722764],"to":[10.0,17.901222,8.151336],"rotation":{"angle":-45.0,"axis":"x","origin":[8.0,14.921458,8.0]},"faces":{"east":{"uv":[8.75,9.0,7.25,9.0],"rotation":0,"texture":"#0","tintindex":0},"south":{"uv":[11.0,7.75,9.25,7.75],"rotation":0,"texture":"#0","tintindex":0},"north":{"uv":[11.0,7.5,9.25,7.5],"rotation":0,"texture":"#0","tintindex":0},"west":{"uv":[8.75,9.25,7.25,9.25],"rotation":0,"texture":"#0","tintindex":0},"up":{"uv":[0.0,8.75,1.5,7.0],"rotation":90,"texture":"#0","tintindex":0},"down":{"uv":[0.0,7.0,1.5,8.75],"rotation":270,"texture":"#0","tintindex":0}}},{"from":[6.0,11.319926,3.9923859],"to":[10.0,13.034212,3.9923859],"rotation":{"angle":22.5,"axis":"x","origin":[8.0,14.921458,8.0]},"faces":{"east":{"uv":[9.25,8.0,9.25,8.75],"rotation":0,"texture":"#0","tintindex":0},"south":{"uv":[6.75,4.0,8.5,4.75],"rotation":0,"texture":"#0","tintindex":0},"north":{"uv":[8.5,4.0,6.75,4.75],"rotation":0,"texture":"#0","tintindex":0},"west":{"uv":[9.25,9.0,9.25,9.75],"rotation":0,"texture":"#0","tintindex":0},"up":{"uv":[7.25,11.25,7.25,9.5],"rotation":90,"texture":"#0","tintindex":0},"down":{"uv":[7.5,9.5,7.5,11.25],"rotation":270,"texture":"#0","tintindex":0}}}],"display":{"head":{"translation":[0.0,-6.4,0.0],"scale":[4.0,4.0,4.0]}}}