{"textures":{"0":"modelengine:entity/cactus"},"elements":[{"from":[6.0455046,8.070361,5.993277],"to":[10.045506,14.927504,9.993278],"rotation":{"angle":0.0,"axis":"y","origin":[8.331219,12.64179,7.707563]},"faces":{"east":{"uv":[4.5,0.0,6.25,3.0],"rotation":0,"texture":"#0","tintindex":0},"south":{"uv":[4.5,0.0,6.25,3.0],"rotation":0,"texture":"#0","tintindex":0},"north":{"uv":[4.5,0.0,6.25,3.0],"rotation":0,"texture":"#0","tintindex":0},"west":{"uv":[4.5,0.0,6.25,3.0],"rotation":0,"texture":"#0","tintindex":0},"up":{"uv":[3.75,8.25,2.0,6.5],"rotation":0,"texture":"#0","tintindex":0},"down":{"uv":[3.75,6.5,2.0,8.25],"rotation":0,"texture":"#0","tintindex":0}}},{"from":[8.045505,8.070361,5.421849],"to":[8.045505,14.927504,9.993278],"rotation":{"angle":0.0,"axis":"y","origin":[8.045505,11.498932,7.707563]},"faces":{"east":{"uv":[0.0,3.25,2.0,6.25],"rotation":0,"texture":"#0","tintindex":0},"south":{"uv":[9.5,10.25,9.5,13.25],"rotation":0,"texture":"#0","tintindex":0},"north":{"uv":[9.25,10.25,9.25,13.25],"rotation":0,"texture":"#0","tintindex":0},"west":{"uv":[2.0,3.25,0.0,6.25],"rotation":0,"texture":"#0","tintindex":0},"up":{"uv":[9.75,12.25,9.75,10.25],"rotation":0,"texture":"#0","tintindex":0},"down":{"uv":[10.0,10.25,10.0,12.25],"rotation":0,"texture":"#0","tintindex":0}}},{"from":[10.0312195,8.070361,5.421849],"to":[10.0312195,14.927504,9.993278],"rotation":{"angle":0.0,"axis":"y","origin":[8.045505,11.498932,7.707563]},"faces":{"east":{"uv":[0.0,0.0,2.0,3.0],"rotation":0,"texture":"#0","tintindex":0},"south":{"uv":[8.5,10.25,8.5,13.25],"rotation":0,"texture":"#0","tintindex":0},"north":{"uv":[8.25,10.25,8.25,13.25],"rotation":0,"texture":"#0","tintindex":0},"west":{"uv":[2.0,0.0,0.0,3.0],"rotation":0,"texture":"#0","tintindex":0},"up":{"uv":[8.75,12.25,8.75,10.25],"rotation":0,"texture":"#0","tintindex":0},"down":{"uv":[9.0,10.25,9.0,12.25],"rotation":0,"texture":"#0","tintindex":0}}},{"from":[6.0597906,8.070361,5.421849],"to":[6.0597906,14.927504,9.993278],"rotation":{"angle":0.0,"axis":"y","origin":[8.045505,11.498932,7.707563]},"faces":{"east":{"uv":[0.0,0.0,2.0,3.0],"rotation":0,"texture":"#0","tintindex":0},"south":{"uv":[8.5,10.25,8.5,13.25],"rotation":0,"texture":"#0","tintindex":0},"north":{"uv":[8.25,10.25,8.25,13.25],"rotation":0,"texture":"#0","tintindex":0},"west":{"uv":[2.0,0.0,0.0,3.0],"rotation":0,"texture":"#0","tintindex":0},"up":{"uv":[8.75,12.25,8.75,10.25],"rotation":0,"texture":"#0","tintindex":0},"down":{"uv":[9.0,10.25,9.0,12.25],"rotation":0,"texture":"#0","tintindex":0}}},{"from":[7.2026477,8.070361,5.993277],"to":[7.2026477,14.927504,10.564706],"rotation":{"angle":0.0,"axis":"y","origin":[8.045505,11.498932,8.278992]},"faces":{"east":{"uv":[2.0,0.0,0.0,3.0],"rotation":0,"texture":"#0","tintindex":0},"south":{"uv":[8.25,10.25,8.25,13.25],"rotation":0,"texture":"#0","tintindex":0},"north":{"uv":[8.5,10.25,8.5,13.25],"rotation":0,"texture":"#0","tintindex":0},"west":{"uv":[0.0,0.0,2.0,3.0],"rotation":0,"texture":"#0","tintindex":0},"up":{"uv":[8.75,10.25,8.75,12.25],"rotation":0,"texture":"#0","tintindex":0},"down":{"uv":[9.0,12.25,9.0,10.25],"rotation":0,"texture":"#0","tintindex":0}}},{"from":[9.188362,8.070361,5.993277],"to":[9.188362,14.927504,10.564706],"rotation":{"angle":0.0,"axis":"y","origin":[8.045505,11.498932,8.278992]},"faces":{"east":{"uv":[2.0,3.25,0.0,6.25],"rotation":0,"texture":"#0","tintindex":0},"south":{"uv":[9.25,10.25,9.25,13.25],"rotation":0,"texture":"#0","tintindex":0},"north":{"uv":[9.5,10.25,9.5,13.25],"rotation":0,"texture":"#0","tintindex":0},"west":{"uv":[0.0,3.25,2.0,6.25],"rotation":0,"texture":"#0","tintindex":0},"up":{"uv":[9.75,10.25,9.75,12.25],"rotation":0,"texture":"#0","tintindex":0},"down":{"uv":[10.0,12.25,10.0,10.25],"rotation":0,"texture":"#0","tintindex":0}}},{"from":[6.0455046,8.070361,7.136134],"to":[10.616934,14.927504,7.136134],"rotation":{"angle":0.0,"axis":"y","origin":[8.045505,11.498932,7.707563]},"faces":{"east":{"uv":[9.25,10.25,9.25,13.25],"rotation":0,"texture":"#0","tintindex":0},"south":{"uv":[0.0,3.25,2.0,6.25],"rotation":0,"texture":"#0","tintindex":0},"north":{"uv":[2.0,3.25,0.0,6.25],"rotation":0,"texture":"#0","tintindex":0},"west":{"uv":[9.5,10.25,9.5,13.25],"rotation":0,"texture":"#0","tintindex":0},"up":{"uv":[9.75,12.25,9.75,10.25],"rotation":90,"texture":"#0","tintindex":0},"down":{"uv":[10.0,10.25,10.0,12.25],"rotation":270,"texture":"#0","tintindex":0}}},{"from":[6.0455046,8.070361,8.836135],"to":[10.616934,14.927504,8.836135],"rotation":{"angle":0.0,"axis":"y","origin":[8.045505,11.498932,7.707563]},"faces":{"east":{"uv":[8.25,10.25,8.25,13.25],"rotation":0,"texture":"#0","tintindex":0},"south":{"uv":[0.0,0.0,2.0,3.0],"rotation":0,"texture":"#0","tintindex":0},"north":{"uv":[2.0,0.0,0.0,3.0],"rotation":0,"texture":"#0","tintindex":0},"west":{"uv":[8.5,10.25,8.5,13.25],"rotation":0,"texture":"#0","tintindex":0},"up":{"uv":[8.75,12.25,8.75,10.25],"rotation":90,"texture":"#0","tintindex":0},"down":{"uv":[9.0,10.25,9.0,12.25],"rotation":270,"texture":"#0","tintindex":0}}},{"from":[5.4740763,8.070361,7.136134],"to":[10.045506,14.927504,7.136134],"rotation":{"angle":0.0,"axis":"y","origin":[8.045505,11.498932,7.707563]},"faces":{"east":{"uv":[9.5,10.25,9.5,13.25],"rotation":0,"texture":"#0","tintindex":0},"south":{"uv":[2.0,3.25,0.0,6.25],"rotation":0,"texture":"#0","tintindex":0},"north":{"uv":[0.0,3.25,2.0,6.25],"rotation":0,"texture":"#0","tintindex":0},"west":{"uv":[9.25,10.25,9.25,13.25],"rotation":0,"texture":"#0","tintindex":0},"up":{"uv":[9.75,10.25,9.75,12.25],"rotation":90,"texture":"#0","tintindex":0},"down":{"uv":[10.0,12.25,10.0,10.25],"rotation":270,"texture":"#0","tintindex":0}}},{"from":[5.4740763,8.070361,8.836135],"to":[10.045506,14.927504,8.836135],"rotation":{"angle":0.0,"axis":"y","origin":[8.045505,11.498932,7.707563]},"faces":{"east":{"uv":[8.5,10.25,8.5,13.25],"rotation":0,"texture":"#0","tintindex":0},"south":{"uv":[2.0,0.0,0.0,3.0],"rotation":0,"texture":"#0","tintindex":0},"north":{"uv":[0.0,0.0,2.0,3.0],"rotation":0,"texture":"#0","tintindex":0},"west":{"uv":[8.25,10.25,8.25,13.25],"rotation":0,"texture":"#0","tintindex":0},"up":{"uv":[8.75,10.25,8.75,12.25],"rotation":90,"texture":"#0","tintindex":0},"down":{"uv":[9.0,12.25,9.0,10.25],"rotation":270,"texture":"#0","tintindex":0}}},{"from":[6.0455046,14.927504,7.993277],"to":[10.045506,17.784647,7.993277],"rotation":{"angle":0.0,"axis":"y","origin":[8.045505,16.356075,7.993277]},"faces":{"east":{"uv":[10.0,7.0,10.0,8.25],"rotation":0,"texture":"#0","tintindex":0},"south":{"uv":[10.25,1.75,8.5,3.0],"rotation":0,"texture":"#0","tintindex":0},"north":{"uv":[8.5,1.75,10.25,3.0],"rotation":0,"texture":"#0","tintindex":0},"west":{"uv":[8.0,10.0,8.0,11.25],"rotation":0,"texture":"#0","tintindex":0},"up":{"uv":[10.0,10.0,8.25,10.0],"rotation":0,"texture":"#0","tintindex":0},"down":{"uv":[11.75,8.5,10.0,8.5],"rotation":0,"texture":"#0","tintindex":0}}},{"from":[8.045505,14.927504,5.993277],"to":[8.045505,17.784647,9.993278],"rotation":{"angle":0.0,"axis":"y","origin":[8.045505,16.356075,7.993277]},"faces":{"east":{"uv":[10.25,1.75,8.5,3.0],"rotation":0,"texture":"#0","tintindex":0},"south":{"uv":[8.0,10.0,8.0,11.25],"rotation":0,"texture":"#0","tintindex":0},"north":{"uv":[10.0,7.0,10.0,8.25],"rotation":0,"texture":"#0","tintindex":0},"west":{"uv":[8.5,1.75,10.25,3.0],"rotation":0,"texture":"#0","tintindex":0},"up":{"uv":[10.0,10.0,8.25,10.0],"rotation":270,"texture":"#0","tintindex":0},"down":{"uv":[11.75,8.5,10.0,8.5],"rotation":90,"texture":"#0","tintindex":0}}},{"from":[3.1883621,11.356075,6.85042],"to":[7.188362,13.64179,9.136134],"rotation":{"angle":-45.0,"axis":"z","origin":[5.1883616,11.784647,7.993277]},"faces":{"east":{"uv":[8.0,8.75,9.0,9.75],"rotation":0,"texture":"#0","tintindex":0},"south":{"uv":[10.25,3.25,8.5,4.25],"rotation":0,"texture":"#0","tintindex":0},"north":{"uv":[8.5,3.25,10.25,4.25],"rotation":0,"texture":"#0","tintindex":0},"west":{"uv":[9.25,8.75,10.25,9.75],"rotation":0,"texture":"#0","tintindex":0},"up":{"uv":[10.25,4.25,8.5,3.25],"rotation":0,"texture":"#0","tintindex":0},"down":{"uv":[10.25,3.25,8.5,4.25],"rotation":0,"texture":"#0","tintindex":0}}},{"from":[2.4740763,11.94179,6.2789917],"to":[6.4740763,11.94179,9.707563],"rotation":{"angle":-45.0,"axis":"z","origin":[5.1883616,11.784647,7.993277]},"faces":{"east":{"uv":[10.25,7.25,11.75,7.25],"rotation":0,"texture":"#0","tintindex":0},"south":{"uv":[10.25,7.5,12.0,7.5],"rotation":0,"texture":"#0","tintindex":0},"north":{"uv":[10.25,7.0,12.0,7.0],"rotation":0,"texture":"#0","tintindex":0},"west":{"uv":[10.25,7.75,11.75,7.75],"rotation":0,"texture":"#0","tintindex":0},"up":{"uv":[8.25,6.75,6.5,5.25],"rotation":0,"texture":"#0","tintindex":0},"down":{"uv":[8.25,5.25,6.5,6.75],"rotation":0,"texture":"#0","tintindex":0}}},{"from":[3.9862804,10.164146,7.993277],"to":[7.4148517,14.164146,7.993277],"rotation":{"angle":45.0,"axis":"z","origin":[3.9862804,11.592718,7.993277]},"faces":{"east":{"uv":[10.25,7.0,12.0,7.0],"rotation":270,"texture":"#0","tintindex":0},"south":{"uv":[8.25,6.75,6.5,5.25],"rotation":90,"texture":"#0","tintindex":0},"north":{"uv":[8.25,6.75,6.5,5.25],"rotation":90,"texture":"#0","tintindex":0},"west":{"uv":[10.25,7.5,12.0,7.5],"rotation":90,"texture":"#0","tintindex":0},"up":{"uv":[10.25,7.75,11.75,7.75],"rotation":180,"texture":"#0","tintindex":0},"down":{"uv":[10.25,7.25,11.75,7.25],"rotation":0,"texture":"#0","tintindex":0}}},{"from":[3.6169329,13.056075,6.2789917],"to":[7.6169333,13.056075,9.707563],"rotation":{"angle":-45.0,"axis":"z","origin":[5.1883616,11.784647,7.993277]},"faces":{"east":{"uv":[10.5,0.25,12.0,0.25],"rotation":0,"texture":"#0","tintindex":0},"south":{"uv":[10.5,0.5,12.25,0.5],"rotation":0,"texture":"#0","tintindex":0},"north":{"uv":[10.5,0.0,12.25,0.0],"rotation":0,"texture":"#0","tintindex":0},"west":{"uv":[10.5,0.75,12.0,0.75],"rotation":0,"texture":"#0","tintindex":0},"up":{"uv":[10.25,1.5,8.5,0.0],"rotation":0,"texture":"#0","tintindex":0},"down":{"uv":[10.25,0.0,8.5,1.5],"rotation":0,"texture":"#0","tintindex":0}}},{"from":[8.028173,10.659121,7.564706],"to":[10.885317,12.373407,9.278992],"rotation":{"angle":45.0,"axis":"z","origin":[10.599602,12.087692,7.707563]},"faces":{"east":{"uv":[6.0,10.0,6.75,10.75],"rotation":0,"texture":"#0","tintindex":0},"south":{"uv":[1.25,9.75,0.0,10.5],"rotation":0,"texture":"#0","tintindex":0},"north":{"uv":[0.0,9.75,1.25,10.5],"rotation":0,"texture":"#0","tintindex":0},"west":{"uv":[7.0,10.0,7.75,10.75],"rotation":0,"texture":"#0","tintindex":0},"up":{"uv":[5.75,10.75,4.5,10.0],"rotation":0,"texture":"#0","tintindex":0},"down":{"uv":[5.75,10.0,4.5,10.75],"rotation":0,"texture":"#0","tintindex":0}}}],"display":{"head":{"translation":[0.0,-6.4,0.0],"scale":[4.0,4.0,4.0]}}}