{
	"textures": {
		"0": "tcc:entity/coral_drowned/brain",
		"particle": "#0"
	},
	"elements": [
		{
			"from": [4, 2, 11],
			"to": [12, 10, 11],
			"rotation": {"angle": 0, "axis": "y", "origin": [8, 4, 6]},
			"faces": {
				"north": {"uv": [2.66667, 8, 5.33334, 12], "texture": "#0"},
				"east": {"uv": [0, 0, 0, 4], "texture": "#0"},
				"south": {"uv": [5.33334, 8, 2.66667, 12], "texture": "#0"},
				"west": {"uv": [0, 0, 0, 4], "texture": "#0"},
				"up": {"uv": [0, 0, 2.66667, 0], "texture": "#0"},
				"down": {"uv": [0, 0, 2.66667, 0], "texture": "#0"}
			}
		},
		{
			"from": [4, 2, 5],
			"to": [12, 10, 5],
			"rotation": {"angle": 0, "axis": "y", "origin": [8, 4, 6]},
			"faces": {
				"north": {"uv": [0, 8, 2.66667, 12], "texture": "#0"},
				"east": {"uv": [0, 0, 0, 4], "texture": "#0"},
				"south": {"uv": [2.66667, 8, 0, 12], "texture": "#0"},
				"west": {"uv": [0, 0, 0, 4], "texture": "#0"},
				"up": {"uv": [0, 0, 2.66667, 0], "texture": "#0"},
				"down": {"uv": [0, 0, 2.66667, 0], "texture": "#0"}
			}
		},
		{
			"from": [6, 0, 2],
			"to": [10, 4, 14],
			"rotation": {"angle": 0, "axis": "y", "origin": [8, 2, 8]},
			"faces": {
				"north": {"uv": [13.33333, 0, 14.66667, 2], "texture": "#0"},
				"east": {"uv": [10.66667, 2, 12, 8], "rotation": 90, "texture": "#0"},
				"south": {"uv": [12, 0, 13.33333, 2], "texture": "#0"},
				"west": {"uv": [13.33333, 2, 14.66667, 8], "rotation": 90, "texture": "#0"},
				"up": {"uv": [12, 2, 13.33333, 8], "texture": "#0"},
				"down": {"uv": [14.66667, 2, 16, 8], "texture": "#0"}
			}
		}
	],
	"display": {
		"thirdperson_righthand": {
			"translation": [0, 4.78, 5.98],
			"scale": [1.13, 1.13, 1.05]
		},
		"thirdperson_lefthand": {
			"translation": [0, 4.78, 5.98],
			"scale": [1.13, 1.13, 1.05]
		}
	}
}
