{"textures":{"0":"modelengine:entity/clover"},"elements":[{"from":[7.8929024,7.975,8.289533],"to":[8.464332,11.975,8.289533],"rotation":{"angle":0.0,"axis":"y","origin":[7.8929024,9.975,8.289533]},"faces":{"east":{"uv":[1.5,7.0,1.5,10.5],"rotation":0,"texture":"#0","tintindex":0},"south":{"uv":[6.5,6.0,6.0,9.5],"rotation":0,"texture":"#0","tintindex":0},"north":{"uv":[6.0,6.0,6.5,9.5],"rotation":0,"texture":"#0","tintindex":0},"west":{"uv":[2.0,7.0,2.0,10.5],"rotation":0,"texture":"#0","tintindex":0},"up":{"uv":[3.5,7.0,2.5,7.0],"rotation":0,"texture":"#0","tintindex":0},"down":{"uv":[5.0,7.0,4.0,7.0],"rotation":0,"texture":"#0","tintindex":0}}},{"from":[6.7500453,12.090858,4.6315575],"to":[9.607188,12.090858,8.060129],"rotation":{"angle":0.0,"axis":"y","origin":[8.189736,12.275556,8.289533]},"faces":{"east":{"uv":[7.5,6.0,10.5,6.0],"rotation":0,"texture":"#0","tintindex":0},"south":{"uv":[7.5,6.5,10.0,6.5],"rotation":0,"texture":"#0","tintindex":0},"north":{"uv":[2.5,7.5,5.0,7.5],"rotation":0,"texture":"#0","tintindex":0},"west":{"uv":[7.5,7.0,10.5,7.0],"rotation":0,"texture":"#0","tintindex":0},"up":{"uv":[2.5,3.0,0.0,0.0],"rotation":0,"texture":"#0","tintindex":0},"down":{"uv":[2.5,0.0,0.0,3.0],"rotation":0,"texture":"#0","tintindex":0}}},{"from":[6.7500453,12.090858,8.518937],"to":[9.607188,12.090858,11.947509],"rotation":{"angle":0.0,"axis":"y","origin":[8.189736,12.275556,8.289533]},"faces":{"east":{"uv":[10.5,6.0,7.5,6.0],"rotation":0,"texture":"#0","tintindex":0},"south":{"uv":[5.0,7.5,2.5,7.5],"rotation":0,"texture":"#0","tintindex":0},"north":{"uv":[10.0,6.5,7.5,6.5],"rotation":0,"texture":"#0","tintindex":0},"west":{"uv":[10.5,7.0,7.5,7.0],"rotation":0,"texture":"#0","tintindex":0},"up":{"uv":[2.5,0.0,0.0,3.0],"rotation":0,"texture":"#0","tintindex":0},"down":{"uv":[2.5,3.0,0.0,0.0],"rotation":0,"texture":"#0","tintindex":0}}},{"from":[8.046077,11.98884,6.8609614],"to":[11.4746475,11.98884,9.718104],"rotation":{"angle":0.0,"axis":"y","origin":[8.180466,12.275556,8.684236]},"faces":{"east":{"uv":[2.5,7.5,5.0,7.5],"rotation":0,"texture":"#0","tintindex":0},"south":{"uv":[7.5,6.0,10.5,6.0],"rotation":0,"texture":"#0","tintindex":0},"north":{"uv":[7.5,7.0,10.5,7.0],"rotation":0,"texture":"#0","tintindex":0},"west":{"uv":[7.5,6.5,10.0,6.5],"rotation":0,"texture":"#0","tintindex":0},"up":{"uv":[0.0,0.0,2.5,3.0],"rotation":270,"texture":"#0","tintindex":0},"down":{"uv":[0.0,3.0,2.5,0.0],"rotation":90,"texture":"#0","tintindex":0}}},{"from":[4.882586,12.016926,6.8609614],"to":[8.311157,12.016926,9.718104],"rotation":{"angle":0.0,"axis":"y","origin":[8.180466,12.275556,8.56838]},"faces":{"east":{"uv":[10.0,6.5,7.5,6.5],"rotation":0,"texture":"#0","tintindex":0},"south":{"uv":[10.5,6.0,7.5,6.0],"rotation":0,"texture":"#0","tintindex":0},"north":{"uv":[10.5,7.0,7.5,7.0],"rotation":0,"texture":"#0","tintindex":0},"west":{"uv":[5.0,7.5,2.5,7.5],"rotation":0,"texture":"#0","tintindex":0},"up":{"uv":[0.0,3.0,2.5,0.0],"rotation":270,"texture":"#0","tintindex":0},"down":{"uv":[0.0,0.0,2.5,3.0],"rotation":90,"texture":"#0","tintindex":0}}}],"display":{"head":{"translation":[0.0,-6.4,0.0],"scale":[4.0,4.0,4.0]}}}