{"textures":{"0":"modelengine:entity/chest_forest"},"elements":[{"from":[4.285714,8.0,4.8571424],"to":[11.714286,11.428572,11.142858],"rotation":{"angle":0.0,"axis":"y","origin":[6.5714283,12.0,8.857143]},"faces":{"east":{"uv":[5.25,4.75,6.625,5.5],"rotation":0,"texture":"#0","tintindex":0},"south":{"uv":[2.0,3.875,3.625,4.625],"rotation":0,"texture":"#0","tintindex":0},"north":{"uv":[3.75,1.75,5.375,2.5],"rotation":0,"texture":"#0","tintindex":0},"west":{"uv":[5.5,1.75,6.875,2.5],"rotation":0,"texture":"#0","tintindex":0},"up":{"uv":[3.625,1.375,2.0,0.0],"rotation":0,"texture":"#0","tintindex":0},"down":{"uv":[3.625,1.5,2.0,2.875],"rotation":0,"texture":"#0","tintindex":0}}}],"display":{"head":{"translation":[0.0,-6.4,0.0],"scale":[4.0,4.0,4.0]}}}