{"textures":{"0":"modelengine:entity/chest_forest"},"elements":[{"from":[7.142857,6.857143,7.142857],"to":[8.857143,9.142858,8.857143],"rotation":{"angle":0.0,"axis":"y","origin":[6.5714283,8.0,12.285715]},"faces":{"east":{"uv":[0.5,6.125,0.875,6.625],"rotation":0,"texture":"#0","tintindex":0},"south":{"uv":[1.0,6.125,1.375,6.625],"rotation":0,"texture":"#0","tintindex":0},"north":{"uv":[0.0,6.125,0.375,6.625],"rotation":0,"texture":"#0","tintindex":0},"west":{"uv":[5.875,6.125,6.25,6.625],"rotation":0,"texture":"#0","tintindex":0},"up":{"uv":[5.5,6.75,5.125,6.375],"rotation":0,"texture":"#0","tintindex":0},"down":{"uv":[6.75,6.125,6.375,6.5],"rotation":0,"texture":"#0","tintindex":0}}}],"display":{"head":{"translation":[0.0,-6.4,0.0],"scale":[4.0,4.0,4.0]}}}