{"textures":{"0":"modelengine:entity/chest_forest"},"elements":[{"from":[3.7142854,8.0,1.4285712],"to":[12.285715,11.428572,8.857143],"rotation":{"angle":0.0,"axis":"y","origin":[6.5714283,8.571428,6.0]},"faces":{"east":{"uv":[3.75,3.875,5.375,4.625],"rotation":0,"texture":"#0","tintindex":0},"south":{"uv":[0.0,3.5,1.875,4.25],"rotation":0,"texture":"#0","tintindex":0},"north":{"uv":[2.0,3.0,3.875,3.75],"rotation":0,"texture":"#0","tintindex":0},"west":{"uv":[4.0,2.625,5.625,3.375],"rotation":0,"texture":"#0","tintindex":0},"up":{"uv":[1.875,1.625,0.0,0.0],"rotation":0,"texture":"#0","tintindex":0},"down":{"uv":[1.875,1.75,0.0,3.375],"rotation":0,"texture":"#0","tintindex":0}}},{"from":[3.7142854,4.5714283,1.4285712],"to":[12.285715,8.0,1.4285712],"rotation":{"angle":0.0,"axis":"y","origin":[6.5714283,8.571428,6.0]},"faces":{"east":{"uv":[3.125,6.5,3.125,7.25],"rotation":0,"texture":"#0","tintindex":0},"south":{"uv":[5.625,0.0,3.75,0.75],"rotation":0,"texture":"#0","tintindex":0},"north":{"uv":[3.75,0.0,5.625,0.75],"rotation":0,"texture":"#0","tintindex":0},"west":{"uv":[3.25,6.5,3.25,7.25],"rotation":0,"texture":"#0","tintindex":0},"up":{"uv":[7.375,4.5,5.5,4.5],"rotation":0,"texture":"#0","tintindex":0},"down":{"uv":[7.375,4.625,5.5,4.625],"rotation":0,"texture":"#0","tintindex":0}}},{"from":[3.7142854,4.5714283,1.4285712],"to":[3.7142854,8.0,8.857143],"rotation":{"angle":0.0,"axis":"y","origin":[9.428572,8.571428,6.0]},"faces":{"east":{"uv":[1.625,5.25,0.0,6.0],"rotation":0,"texture":"#0","tintindex":0},"south":{"uv":[4.0,6.5,4.0,7.25],"rotation":0,"texture":"#0","tintindex":0},"north":{"uv":[3.875,6.5,3.875,7.25],"rotation":0,"texture":"#0","tintindex":0},"west":{"uv":[0.0,5.25,1.625,6.0],"rotation":0,"texture":"#0","tintindex":0},"up":{"uv":[4.125,8.125,4.125,6.5],"rotation":0,"texture":"#0","tintindex":0},"down":{"uv":[4.25,6.5,4.25,8.125],"rotation":0,"texture":"#0","tintindex":0}}},{"from":[12.285715,4.5714283,1.4285712],"to":[12.285715,8.0,8.857143],"rotation":{"angle":0.0,"axis":"y","origin":[6.5714283,8.571428,6.0]},"faces":{"east":{"uv":[1.625,5.25,0.0,6.0],"rotation":0,"texture":"#0","tintindex":0},"south":{"uv":[4.0,6.5,4.0,7.25],"rotation":0,"texture":"#0","tintindex":0},"north":{"uv":[3.875,6.5,3.875,7.25],"rotation":0,"texture":"#0","tintindex":0},"west":{"uv":[0.0,5.25,1.625,6.0],"rotation":0,"texture":"#0","tintindex":0},"up":{"uv":[4.125,8.125,4.125,6.5],"rotation":0,"texture":"#0","tintindex":0},"down":{"uv":[4.25,6.5,4.25,8.125],"rotation":0,"texture":"#0","tintindex":0}}},{"from":[3.7142854,11.428572,4.285714],"to":[8.285714,14.857143,4.285714],"rotation":{"angle":-45.0,"axis":"y","origin":[6.0,13.142858,4.285714]},"faces":{"east":{"uv":[5.625,6.375,5.625,7.125],"rotation":0,"texture":"#0","tintindex":0},"south":{"uv":[6.5,3.5,5.5,4.25],"rotation":0,"texture":"#0","tintindex":0},"north":{"uv":[5.5,3.5,6.5,4.25],"rotation":0,"texture":"#0","tintindex":0},"west":{"uv":[5.75,6.375,5.75,7.125],"rotation":0,"texture":"#0","tintindex":0},"up":{"uv":[5.0,3.5,4.0,3.5],"rotation":0,"texture":"#0","tintindex":0},"down":{"uv":[5.0,3.625,4.0,3.625],"rotation":0,"texture":"#0","tintindex":0}}},{"from":[6.0,11.428572,1.9999995],"to":[6.0,14.857143,6.5714283],"rotation":{"angle":-45.0,"axis":"y","origin":[6.0,13.142858,4.285714]},"faces":{"east":{"uv":[6.5,3.5,5.5,4.25],"rotation":0,"texture":"#0","tintindex":0},"south":{"uv":[5.75,6.375,5.75,7.125],"rotation":0,"texture":"#0","tintindex":0},"north":{"uv":[5.625,6.375,5.625,7.125],"rotation":0,"texture":"#0","tintindex":0},"west":{"uv":[5.5,3.5,6.5,4.25],"rotation":0,"texture":"#0","tintindex":0},"up":{"uv":[5.0,3.5,4.0,3.5],"rotation":270,"texture":"#0","tintindex":0},"down":{"uv":[5.0,3.625,4.0,3.625],"rotation":90,"texture":"#0","tintindex":0}}},{"from":[10.15642,10.508577,5.0323215],"to":[11.870706,12.222863,6.7466073],"rotation":{"angle":-22.5,"axis":"z","origin":[11.013562,11.36572,5.8894644]},"faces":{"east":{"uv":[6.5,0.5,6.875,0.875],"rotation":0,"texture":"#0","tintindex":0},"south":{"uv":[6.5,1.0,6.875,1.375],"rotation":0,"texture":"#0","tintindex":0},"north":{"uv":[6.5,0.0,6.875,0.375],"rotation":0,"texture":"#0","tintindex":0},"west":{"uv":[1.5,6.5,1.875,6.875],"rotation":0,"texture":"#0","tintindex":0},"up":{"uv":[2.375,6.875,2.0,6.5],"rotation":0,"texture":"#0","tintindex":0},"down":{"uv":[2.875,6.5,2.5,6.875],"rotation":0,"texture":"#0","tintindex":0}}},{"from":[10.0,12.594969,4.4608927],"to":[12.857143,14.309256,7.318036],"rotation":{"angle":-22.5,"axis":"z","origin":[10.285714,12.594969,5.8894644]},"faces":{"east":{"uv":[5.75,1.25,6.375,1.625],"rotation":0,"texture":"#0","tintindex":0},"south":{"uv":[5.75,2.625,6.375,3.0],"rotation":0,"texture":"#0","tintindex":0},"north":{"uv":[5.75,0.75,6.375,1.125],"rotation":0,"texture":"#0","tintindex":0},"west":{"uv":[5.875,5.625,6.5,6.0],"rotation":0,"texture":"#0","tintindex":0},"up":{"uv":[5.75,6.25,5.125,5.625],"rotation":0,"texture":"#0","tintindex":0},"down":{"uv":[6.375,0.0,5.75,0.625],"rotation":0,"texture":"#0","tintindex":0}}}],"display":{"head":{"translation":[0.0,-6.4,0.0],"scale":[4.0,4.0,4.0]}}}