{"textures":{"0":"modelengine:entity/runestone_heal"},"elements":[{"from":[-5.9968443,1.964654,6.5150857],"to":[-1.0471296,5.924425,9.484915],"rotation":{"angle":-22.5,"axis":"z","origin":[6.988409,4.3820853,7.5050287]},"faces":{"east":{"uv":[0.5,6.75,0.875,7.25],"rotation":0,"texture":"#0","tintindex":0},"south":{"uv":[7.0,5.75,6.375,6.25],"rotation":0,"texture":"#0","tintindex":0},"north":{"uv":[6.375,5.75,7.0,6.25],"rotation":0,"texture":"#0","tintindex":0},"west":{"uv":[1.0,6.75,1.375,7.25],"rotation":0,"texture":"#0","tintindex":0},"up":{"uv":[3.625,6.875,3.0,6.5],"rotation":0,"texture":"#0","tintindex":0},"down":{"uv":[4.375,6.5,3.75,6.875],"rotation":0,"texture":"#0","tintindex":0}}}],"display":{"head":{"translation":[0.0,-6.4,0.0],"scale":[4.0,4.0,4.0]}}}