{"textures":{"0":"modelengine:entity/runestone_heal"},"elements":[{"from":[-3.3843431,8.0,-3.3843431],"to":[19.384342,8.0,19.384342],"rotation":{"angle":-45.0,"axis":"y","origin":[8.0,8.0,8.0]},"faces":{"east":{"uv":[6.75,1.75,9.625,1.75],"rotation":0,"texture":"#0","tintindex":0},"south":{"uv":[6.75,1.875,9.625,1.875],"rotation":0,"texture":"#0","tintindex":0},"north":{"uv":[6.75,1.625,9.625,1.625],"rotation":0,"texture":"#0","tintindex":0},"west":{"uv":[6.75,2.0,9.625,2.0],"rotation":0,"texture":"#0","tintindex":0},"up":{"uv":[2.875,2.875,0.0,0.0],"rotation":0,"texture":"#0","tintindex":0},"down":{"uv":[2.875,0.0,0.0,2.875],"rotation":0,"texture":"#0","tintindex":0}}}],"display":{"head":{"translation":[0.0,-6.4,0.0],"scale":[4.0,4.0,4.0]}}}