{"textures":{"0":"modelengine:entity/runestone_heal"},"elements":[{"from":[14.555609,9.776893,6.5150857],"to":[17.525436,13.736664,9.484915],"rotation":{"angle":-22.5,"axis":"z","origin":[7.031705,7.6941013,8.494971]},"faces":{"east":{"uv":[5.0,6.5,5.375,7.0],"rotation":0,"texture":"#0","tintindex":0},"south":{"uv":[5.5,6.5,5.875,7.0],"rotation":0,"texture":"#0","tintindex":0},"north":{"uv":[4.5,6.5,4.875,7.0],"rotation":0,"texture":"#0","tintindex":0},"west":{"uv":[0.0,6.75,0.375,7.25],"rotation":0,"texture":"#0","tintindex":0},"up":{"uv":[6.125,5.375,5.75,5.0],"rotation":0,"texture":"#0","tintindex":0},"down":{"uv":[7.125,1.0,6.75,1.375],"rotation":0,"texture":"#0","tintindex":0}}}],"display":{"head":{"translation":[0.0,-6.4,0.0],"scale":[4.0,4.0,4.0]}}}