{
  "sources": [
    {
      "type": "paletted_permutations",
      "textures": [
        "tcc:trims/entity/humanoid/barren",
        "tcc:trims/entity/humanoid_leggings/barren",
        "tcc:trims/entity/humanoid/aurora",
        "tcc:trims/entity/humanoid_leggings/aurora",
        "tcc:trims/entity/humanoid/crystalline",
        "tcc:trims/entity/humanoid_leggings/crystalline",
        "tcc:trims/entity/humanoid/remnant",
        "tcc:trims/entity/humanoid_leggings/remnant",
        "tcc:trims/entity/humanoid/interloper",
        "tcc:trims/entity/humanoid_leggings/interloper"
      ],
      "palette_key": "trims/color_palettes/trim_palette",
      "permutations": {
        "quartz": "trims/color_palettes/quartz",
        "iron": "trims/color_palettes/iron",
        "gold": "trims/color_palettes/gold",
        "diamond": "trims/color_palettes/diamond",
        "netherite": "trims/color_palettes/netherite",
        "redstone": "trims/color_palettes/redstone",
        "copper": "trims/color_palettes/copper",
        "emerald": "trims/color_palettes/emerald",
        "lapis": "trims/color_palettes/lapis",
        "amethyst": "trims/color_palettes/amethyst",
        "iron_darker": "trims/color_palettes/iron_darker",
        "gold_darker": "trims/color_palettes/gold_darker",
        "diamond_darker": "trims/color_palettes/diamond_darker",
        "netherite_darker": "trims/color_palettes/netherite_darker",
        "resin": "trims/color_palettes/resin"
      }
    }
  ]
}