{"textures":{"0":"modelengine:entity/fx_crow"},"elements":[{"from":[7.142857,7.722067,5.863476],"to":[8.857143,9.436353,8.14919],"rotation":{"angle":0.0,"axis":"y","origin":[8.285714,6.722067,11.006333]},"faces":{"east":{"uv":[5.5,4.25,6.5,5.0],"rotation":0,"texture":"#0","tintindex":0},"south":{"uv":[6.25,2.0,7.0,2.75],"rotation":0,"texture":"#0","tintindex":0},"north":{"uv":[6.25,1.0,7.0,1.75],"rotation":0,"texture":"#0","tintindex":0},"west":{"uv":[4.5,5.5,5.5,6.25],"rotation":0,"texture":"#0","tintindex":0},"up":{"uv":[2.0,6.75,1.25,5.75],"rotation":0,"texture":"#0","tintindex":0},"down":{"uv":[6.5,5.25,5.75,6.25],"rotation":0,"texture":"#0","tintindex":0}}},{"from":[7.714286,7.864924,4.2920475],"to":[8.285714,9.007781,6.5777617],"rotation":{"angle":-22.5,"axis":"x","origin":[8.285714,8.579209,5.5777617]},"faces":{"east":{"uv":[4.5,6.5,5.5,7.0],"rotation":0,"texture":"#0","tintindex":0},"south":{"uv":[6.25,7.25,6.5,7.75],"rotation":0,"texture":"#0","tintindex":0},"north":{"uv":[5.75,7.25,6.0,7.75],"rotation":0,"texture":"#0","tintindex":0},"west":{"uv":[5.75,6.5,6.75,7.0],"rotation":0,"texture":"#0","tintindex":0},"up":{"uv":[1.75,8.0,1.5,7.0],"rotation":0,"texture":"#0","tintindex":0},"down":{"uv":[7.25,3.0,7.0,4.0],"rotation":0,"texture":"#0","tintindex":0}}},{"from":[7.7214284,7.007781,4.7206187],"to":[8.278571,7.57921,6.4349046],"rotation":{"angle":-45.0,"axis":"x","origin":[8.0,7.864924,5.5777617]},"faces":{"east":{"uv":[3.5,2.75,4.25,3.0],"rotation":0,"texture":"#0","tintindex":0},"south":{"uv":[3.5,7.5,3.75,7.75],"rotation":0,"texture":"#0","tintindex":0},"north":{"uv":[7.25,5.25,7.5,5.5],"rotation":0,"texture":"#0","tintindex":0},"west":{"uv":[4.25,7.25,5.0,7.5],"rotation":0,"texture":"#0","tintindex":0},"up":{"uv":[7.5,5.0,7.25,4.25],"rotation":0,"texture":"#0","tintindex":0},"down":{"uv":[5.5,7.25,5.25,8.0],"rotation":0,"texture":"#0","tintindex":0}}},{"from":[7.714286,7.293495,4.2920475],"to":[8.285714,7.864924,4.2920475],"rotation":{"angle":-22.5,"axis":"x","origin":[8.285714,8.579209,5.5777617]},"faces":{"east":{"uv":[4.5,2.75,4.5,3.0],"rotation":0,"texture":"#0","tintindex":0},"south":{"uv":[7.5,5.75,7.75,6.0],"rotation":0,"texture":"#0","tintindex":0},"north":{"uv":[7.5,3.5,7.75,3.75],"rotation":0,"texture":"#0","tintindex":0},"west":{"uv":[4.25,6.75,4.25,7.0],"rotation":0,"texture":"#0","tintindex":0},"up":{"uv":[8.0,2.5,7.75,2.5],"rotation":0,"texture":"#0","tintindex":0},"down":{"uv":[8.0,5.5,7.75,5.5],"rotation":0,"texture":"#0","tintindex":0}}}],"display":{"head":{"translation":[0.0,-6.4,0.0],"scale":[4.0,4.0,4.0]}}}