{"textures":{"0":"modelengine:entity/fx_crow"},"elements":[{"from":[7.714286,6.857143,8.0],"to":[8.285714,8.0,8.0],"rotation":{"angle":0.0,"axis":"y","origin":[8.857143,10.0,7.142857]},"faces":{"east":{"uv":[2.25,5.75,2.25,6.25],"rotation":0,"texture":"#0","tintindex":0},"south":{"uv":[2.25,7.5,2.0,8.0],"rotation":0,"texture":"#0","tintindex":0},"north":{"uv":[2.0,7.5,2.25,8.0],"rotation":0,"texture":"#0","tintindex":0},"west":{"uv":[1.0,6.0,1.0,6.5],"rotation":0,"texture":"#0","tintindex":0},"up":{"uv":[5.0,4.25,4.75,4.25],"rotation":0,"texture":"#0","tintindex":0},"down":{"uv":[5.75,1.0,5.5,1.0],"rotation":0,"texture":"#0","tintindex":0}}},{"from":[7.142857,6.857143,6.857143],"to":[8.857143,6.857143,8.0],"rotation":{"angle":0.0,"axis":"y","origin":[8.857143,10.0,7.142857]},"faces":{"east":{"uv":[6.25,3.0,6.75,3.0],"rotation":0,"texture":"#0","tintindex":0},"south":{"uv":[7.5,7.25,8.25,7.25],"rotation":0,"texture":"#0","tintindex":0},"north":{"uv":[7.5,7.0,8.25,7.0],"rotation":0,"texture":"#0","tintindex":0},"west":{"uv":[7.5,7.5,8.0,7.5],"rotation":0,"texture":"#0","tintindex":0},"up":{"uv":[3.25,1.75,2.5,1.25],"rotation":0,"texture":"#0","tintindex":0},"down":{"uv":[3.25,1.25,2.5,1.75],"rotation":0,"texture":"#0","tintindex":0}}}],"display":{"head":{"translation":[0.0,-6.4,0.0],"scale":[4.0,4.0,4.0]}}}