{"textures":{"0":"modelengine:entity/fx_crow"},"elements":[{"from":[7.8642855,6.5714283,7.714286],"to":[8.435715,8.285714,10.571428],"rotation":{"angle":0.0,"axis":"y","origin":[6.7214284,8.0,9.142858]},"faces":{"east":{"uv":[5.25,4.5,4.0,5.25],"rotation":0,"texture":"#0","tintindex":0},"south":{"uv":[7.25,6.75,7.0,7.5],"rotation":0,"texture":"#0","tintindex":0},"north":{"uv":[7.25,5.75,7.0,6.5],"rotation":0,"texture":"#0","tintindex":0},"west":{"uv":[4.0,4.5,5.25,5.25],"rotation":0,"texture":"#0","tintindex":0},"up":{"uv":[6.75,5.5,7.0,4.25],"rotation":0,"texture":"#0","tintindex":0},"down":{"uv":[0.0,7.0,0.25,8.25],"rotation":0,"texture":"#0","tintindex":0}}},{"from":[8.421429,6.0,8.857143],"to":[8.421429,8.285714,12.285715],"rotation":{"angle":0.0,"axis":"y","origin":[6.7214284,8.0,9.142858]},"faces":{"east":{"uv":[3.25,2.0,1.75,3.0],"rotation":0,"texture":"#0","tintindex":0},"south":{"uv":[7.75,1.25,7.75,2.25],"rotation":0,"texture":"#0","tintindex":0},"north":{"uv":[4.0,7.5,4.0,8.5],"rotation":0,"texture":"#0","tintindex":0},"west":{"uv":[1.75,2.0,3.25,3.0],"rotation":0,"texture":"#0","tintindex":0},"up":{"uv":[4.25,9.25,4.25,7.75],"rotation":0,"texture":"#0","tintindex":0},"down":{"uv":[4.5,7.75,4.5,9.25],"rotation":0,"texture":"#0","tintindex":0}}}],"display":{"head":{"translation":[0.0,-6.4,0.0],"scale":[4.0,4.0,4.0]}}}