{"textures":{"0":"modelengine:entity/fx_crow"},"elements":[{"from":[7.15,8.653659,5.128541],"to":[8.85,10.367945,7.414255],"rotation":{"angle":45.0,"axis":"x","origin":[7.707143,10.082231,5.9856834]},"faces":{"east":{"uv":[4.75,3.25,5.75,4.0],"rotation":0,"texture":"#0","tintindex":0},"south":{"uv":[6.0,3.25,6.75,4.0],"rotation":0,"texture":"#0","tintindex":0},"north":{"uv":[0.0,6.0,0.75,6.75],"rotation":0,"texture":"#0","tintindex":0},"west":{"uv":[5.5,0.0,6.5,0.75],"rotation":0,"texture":"#0","tintindex":0},"up":{"uv":[3.25,6.5,2.5,5.5],"rotation":0,"texture":"#0","tintindex":0},"down":{"uv":[4.25,5.5,3.5,6.5],"rotation":0,"texture":"#0","tintindex":0}}},{"from":[6.857143,7.644878,5.6129746],"to":[9.142858,9.930593,8.470118],"rotation":{"angle":0.0,"axis":"y","origin":[8.0,8.787735,7.3272605]},"faces":{"east":{"uv":[1.75,3.25,3.0,4.25],"rotation":0,"texture":"#0","tintindex":0},"south":{"uv":[1.25,4.5,2.25,5.5],"rotation":0,"texture":"#0","tintindex":0},"north":{"uv":[4.25,0.0,5.25,1.0],"rotation":0,"texture":"#0","tintindex":0},"west":{"uv":[3.25,3.25,4.5,4.25],"rotation":0,"texture":"#0","tintindex":0},"up":{"uv":[4.5,2.5,3.5,1.25],"rotation":0,"texture":"#0","tintindex":0},"down":{"uv":[1.0,4.5,0.0,5.75],"rotation":0,"texture":"#0","tintindex":0}}},{"from":[6.857143,8.902524,8.492837],"to":[9.142858,8.902524,12.492837],"rotation":{"angle":22.5,"axis":"x","origin":[8.0,9.473952,11.064265]},"faces":{"east":{"uv":[7.5,6.25,9.25,6.25],"rotation":0,"texture":"#0","tintindex":0},"south":{"uv":[7.5,6.5,8.5,6.5],"rotation":0,"texture":"#0","tintindex":0},"north":{"uv":[7.5,4.0,8.5,4.0],"rotation":0,"texture":"#0","tintindex":0},"west":{"uv":[7.5,6.75,9.25,6.75],"rotation":0,"texture":"#0","tintindex":0},"up":{"uv":[1.0,1.75,0.0,0.0],"rotation":0,"texture":"#0","tintindex":0},"down":{"uv":[1.0,0.0,0.0,1.75],"rotation":0,"texture":"#0","tintindex":0}}}],"display":{"head":{"translation":[0.0,-6.4,0.0],"scale":[4.0,4.0,4.0]}}}