{
  "sources": [
    {
      "type": "single",
      "resource": "minecraft:archmage_texture/arcane_thunder_1"
    },
    {
      "type": "single",
      "resource": "minecraft:archmage_texture/arcane_thunder_2"
    },
    {
      "type": "single",
      "resource": "minecraft:archmage_texture/arcane_thunder_3"
    },
    {
      "type": "single",
      "resource": "minecraft:archmage_texture/arcane_thunder_4"
    },
    {
      "type": "single",
      "resource": "minecraft:archmage_texture/arcane_thunder_5"
    },
    {
      "type": "single",
      "resource": "minecraft:archmage_texture/arcane_thunder_6"
    },
    {
      "type": "single",
      "resource": "minecraft:archmage_texture/arcane_thunder_7"
    },
    {
      "type": "single",
      "resource": "minecraft:archmage_texture/arcane_thunder_8"
    },
    {
      "type": "single",
      "resource": "minecraft:archmage_texture/arcane_thunder_9"
    },
    {
      "type": "single",
      "resource": "minecraft:archmage_texture/arcane_impact_1"
    },
    {
      "type": "single",
      "resource": "minecraft:archmage_texture/arcane_impact_2"
    },
    {
      "type": "single",
      "resource": "minecraft:archmage_texture/arcane_impact_3"
    },
    {
      "type": "single",
      "resource": "minecraft:archmage_texture/arcane_impact_4"
    },
    {
      "type": "single",
      "resource": "minecraft:archmage_texture/arcane_impact_5"
    },
    {
      "type": "single",
      "resource": "minecraft:archmage_texture/arcane_impact_6"
    },
    {
      "type": "single",
      "resource": "minecraft:archmage_texture/arcane_impact_7"
    },
    {
      "type": "single",
      "resource": "minecraft:archmage_texture/arcane_slash_1"
    },
    {
      "type": "single",
      "resource": "minecraft:archmage_texture/arcane_slash_2"
    },
    {
      "type": "single",
      "resource": "minecraft:archmage_texture/arcane_slash_3"
    },
    {
      "type": "single",
      "resource": "minecraft:archmage_texture/arcane_slash_4"
    },
    {
      "type": "single",
      "resource": "minecraft:archmage_texture/arcane_slash_5"
    },
    {
      "type": "single",
      "resource": "minecraft:archmage_texture/arcane_slash_6"
    },
    {
      "type": "single",
      "resource": "minecraft:archmage_texture/arcane_slash_7"
    },
    {
      "type": "single",
      "resource": "minecraft:archmage_texture/archmage_staff"
    },
    {
      "type": "single",
      "resource": "minecraft:archmage_texture/archmage_staff_shiny"
    },
    {
      "type": "single",
      "resource": "minecraft:archmage_texture/blizzard_icicle"
    },
    {
      "type": "single",
      "resource": "minecraft:archmage_texture/blizzard_impact_1"
    },
    {
      "type": "single",
      "resource": "minecraft:archmage_texture/blizzard_impact_2"
    },
    {
      "type": "single",
      "resource": "minecraft:archmage_texture/blizzard_impact_3"
    },
    {
      "type": "single",
      "resource": "minecraft:archmage_texture/blizzard_impact_4"
    },
    {
      "type": "single",
      "resource": "minecraft:archmage_texture/blizzard_impact_5"
    },
    {
      "type": "single",
      "resource": "minecraft:archmage_texture/blizzard_impact_6"
    },
    {
      "type": "single",
      "resource": "minecraft:archmage_texture/blizzard_impact_7"
    },
    {
      "type": "single",
      "resource": "minecraft:archmage_texture/icon_arcane_devastation"
    },
    {
      "type": "single",
      "resource": "minecraft:archmage_texture/icon_arcane_shield"
    },
    {
      "type": "single",
      "resource": "minecraft:archmage_texture/icon_arcane_slash"
    },
    {
      "type": "single",
      "resource": "minecraft:archmage_texture/icon_blizzard"
    },
    {
      "type": "single",
      "resource": "minecraft:archmage_texture/icon_chains_of_void"
    },
    {
      "type": "single",
      "resource": "minecraft:archmage_texture/icon_cloak_of_hastur"
    },
    {
      "type": "single",
      "resource": "minecraft:archmage_texture/icon_meteor_storm"
    },
    {
      "type": "single",
      "resource": "minecraft:archmage_texture/meteor_storm_explosion_1"
    },
    {
      "type": "single",
      "resource": "minecraft:archmage_texture/meteor_storm_explosion_2"
    },
    {
      "type": "single",
      "resource": "minecraft:archmage_texture/meteor_storm_explosion_3"
    },
    {
      "type": "single",
      "resource": "minecraft:archmage_texture/meteor_storm_explosion_4"
    },
    {
      "type": "single",
      "resource": "minecraft:archmage_texture/meteor_storm_explosion_5"
    },
    {
      "type": "single",
      "resource": "minecraft:archmage_texture/meteor_storm_explosion_6"
    },
    {
      "type": "single",
      "resource": "minecraft:archmage_texture/void_rupture_1"
    },
    {
      "type": "single",
      "resource": "minecraft:archmage_texture/void_rupture_2"
    },
    {
      "type": "single",
      "resource": "minecraft:archmage_texture/void_rupture_3"
    },
    {
      "type": "single",
      "resource": "minecraft:archmage_texture/void_rupture_4"
    },
    {
      "type": "single",
      "resource": "minecraft:archmage_texture/void_rupture_5"
    },
    {
      "type": "single",
      "resource": "minecraft:archmage_texture/void_rupture_6"
    }
  ]
}