{
	"credit": "Made by samus2002",
	"texture_size": [32, 32],
	"textures": {
		"0": "rpg_essentials_1:rpg_essentials_1_texture/bar_gold",
		"particle": "rpg_essentials_1:rpg_essentials_1_texture/bar_gold"
	},
	"elements": [
		{
			"from": [5.5, 6.5, 3],
			"to": [10.5, 9.5, 13],
			"rotation": {"angle": 0, "axis": "y", "origin": [8, 8, 8]},
			"faces": {
				"north": {"uv": [6, 0, 8.5, 1.5], "texture": "#0"},
				"east": {"uv": [5.5, 7, 10.5, 5.5], "texture": "#0"},
				"south": {"uv": [6, 1.5, 8.5, 0], "texture": "#0"},
				"west": {"uv": [5.5, 5.5, 10.5, 7], "texture": "#0"},
				"up": {"uv": [2.5, 5, 0, 0], "texture": "#0"},
				"down": {"uv": [0, 5, 2.5, 0], "texture": "#0"}
			}
		}
	],
	"gui_light": "front",
	"display": {
		"thirdperson_righthand": {
			"rotation": [90, 0, -90],
			"translation": [0, 1.75, 1.25],
			"scale": [0.9, 0.9, 0.9]
		},
		"thirdperson_lefthand": {
			"rotation": [90, 0, -90],
			"translation": [0, 1.75, 1.25],
			"scale": [0.9, 0.9, 0.9]
		},
		"firstperson_righthand": {
			"rotation": [86, 0, 1],
			"translation": [1.75, 2.25, 0.25],
			"scale": [0.9, 0.9, 0.9]
		},
		"firstperson_lefthand": {
			"rotation": [86, 0, 1],
			"translation": [1.75, 2.25, 0.25],
			"scale": [0.9, 0.9, 0.9]
		},
		"ground": {
			"scale": [0.9, 0.9, 0.9]
		},
		"gui": {
			"rotation": [30, 135, 0],
			"translation": [0, -0.25, 0.25],
			"scale": [1.2, 1.2, 1.2]
		},
		"fixed": {
			"rotation": [-90, 180, 0],
			"translation": [0, -0.25, 0.25],
			"scale": [1.2, 1.2, 1.2]
		}
	}
}