{"textures":{"0":"modelengine:entity/barrel_poison"},"elements":[{"from":[4.285714,8.014286,4.285714],"to":[11.714286,16.585714,11.714286],"rotation":{"angle":0.0,"axis":"y","origin":[7.714286,12.014286,7.714286]},"faces":{"east":{"uv":[3.75,3.75,5.375,5.625],"rotation":0,"texture":"#0","tintindex":0},"south":{"uv":[3.75,3.75,5.375,5.625],"rotation":0,"texture":"#0","tintindex":0},"north":{"uv":[3.75,3.75,5.375,5.625],"rotation":0,"texture":"#0","tintindex":0},"west":{"uv":[3.75,3.75,5.375,5.625],"rotation":0,"texture":"#0","tintindex":0},"up":{"uv":[3.375,7.25,1.75,5.625],"rotation":0,"texture":"#0","tintindex":0},"down":{"uv":[3.375,7.25,1.75,5.625],"rotation":0,"texture":"#0","tintindex":0}}},{"from":[4.0,14.585714,4.0],"to":[12.0,15.728571,12.0],"rotation":{"angle":0.0,"axis":"y","origin":[8.0,12.014286,8.0]},"faces":{"east":{"uv":[3.5,6.875,5.25,7.125],"rotation":0,"texture":"#0","tintindex":0},"south":{"uv":[3.5,6.875,5.25,7.125],"rotation":0,"texture":"#0","tintindex":0},"north":{"uv":[3.5,6.875,5.25,7.125],"rotation":0,"texture":"#0","tintindex":0},"west":{"uv":[3.5,6.875,5.25,7.125],"rotation":0,"texture":"#0","tintindex":0},"up":{"uv":[3.625,1.75,1.875,0.0],"rotation":0,"texture":"#0","tintindex":0},"down":{"uv":[3.625,1.875,1.875,3.625],"rotation":0,"texture":"#0","tintindex":0}}},{"from":[4.0,8.8714285,4.0],"to":[12.0,10.014286,12.0],"rotation":{"angle":0.0,"axis":"y","origin":[8.0,12.014286,8.0]},"faces":{"east":{"uv":[3.5,6.875,5.25,7.125],"rotation":0,"texture":"#0","tintindex":0},"south":{"uv":[3.5,6.875,5.25,7.125],"rotation":0,"texture":"#0","tintindex":0},"north":{"uv":[3.5,6.875,5.25,7.125],"rotation":0,"texture":"#0","tintindex":0},"west":{"uv":[3.5,6.875,5.25,7.125],"rotation":0,"texture":"#0","tintindex":0},"up":{"uv":[3.625,1.75,1.875,0.0],"rotation":0,"texture":"#0","tintindex":0},"down":{"uv":[3.625,1.875,1.875,3.625],"rotation":0,"texture":"#0","tintindex":0}}}],"display":{"head":{"translation":[0.0,-6.4,0.0],"scale":[4.0,4.0,4.0]}}}