{"textures":{"0":"modelengine:entity/chest_wooden"},"elements":[{"from":[3.7142854,8.0,1.4285712],"to":[12.285715,11.428572,8.857143],"rotation":{"angle":0.0,"axis":"y","origin":[6.5714283,8.571428,6.0]},"faces":{"east":{"uv":[7.5,3.5,10.75,5.0],"rotation":0,"texture":"#0","tintindex":0},"south":{"uv":[0.0,7.0,3.75,8.5],"rotation":0,"texture":"#0","tintindex":0},"north":{"uv":[4.0,6.0,7.75,7.5],"rotation":0,"texture":"#0","tintindex":0},"west":{"uv":[4.0,7.75,7.25,9.25],"rotation":0,"texture":"#0","tintindex":0},"up":{"uv":[3.75,3.25,0.0,0.0],"rotation":0,"texture":"#0","tintindex":0},"down":{"uv":[3.75,3.5,0.0,6.75],"rotation":0,"texture":"#0","tintindex":0}}}],"display":{"head":{"translation":[0.0,-6.4,0.0],"scale":[4.0,4.0,4.0]}}}