{"textures":{"0":"modelengine:entity/spike_ball","1":"modelengine:entity/spike_ball_chains"},"elements":[{"from":[4.285714,-14.285715,4.4415584],"to":[11.714286,-6.8571434,11.870131],"rotation":{"angle":0.0,"axis":"y","origin":[8.0,-15.142857,8.155844]},"faces":{"east":{"uv":[5.0,2.5,6.625,4.125],"rotation":0,"texture":"#0","tintindex":0},"south":{"uv":[6.0,4.25,7.625,5.875],"rotation":0,"texture":"#0","tintindex":0},"north":{"uv":[6.0,4.25,7.625,5.875],"rotation":0,"texture":"#0","tintindex":0},"west":{"uv":[6.0,4.25,7.625,5.875],"rotation":0,"texture":"#0","tintindex":0},"up":{"uv":[6.0,4.25,7.625,5.875],"rotation":0,"texture":"#0","tintindex":0},"down":{"uv":[6.0,4.25,7.625,5.875],"rotation":0,"texture":"#0","tintindex":0}}},{"from":[5.428571,-16.0,2.7272725],"to":[5.428571,-5.1428576,13.584415],"rotation":{"angle":0.0,"axis":"y","origin":[8.285714,-15.142857,8.155844]},"faces":{"east":{"uv":[4.875,2.5,2.5,4.875],"rotation":0,"texture":"#0","tintindex":0},"south":{"uv":[0.25,7.5,0.25,9.875],"rotation":0,"texture":"#0","tintindex":0},"north":{"uv":[0.125,7.5,0.125,9.875],"rotation":0,"texture":"#0","tintindex":0},"west":{"uv":[2.5,2.5,4.875,4.875],"rotation":0,"texture":"#0","tintindex":0},"up":{"uv":[0.375,9.875,0.375,7.5],"rotation":0,"texture":"#0","tintindex":0},"down":{"uv":[0.5,7.5,0.5,9.875],"rotation":0,"texture":"#0","tintindex":0}}},{"from":[10.571428,-16.0,2.7272725],"to":[10.571428,-5.1428576,13.584415],"rotation":{"angle":0.0,"axis":"y","origin":[7.714286,-15.142857,8.155844]},"faces":{"east":{"uv":[4.875,2.5,2.5,4.875],"rotation":0,"texture":"#0","tintindex":0},"south":{"uv":[0.25,7.5,0.25,9.875],"rotation":0,"texture":"#0","tintindex":0},"north":{"uv":[0.125,7.5,0.125,9.875],"rotation":0,"texture":"#0","tintindex":0},"west":{"uv":[2.5,2.5,4.875,4.875],"rotation":0,"texture":"#0","tintindex":0},"up":{"uv":[0.375,9.875,0.375,7.5],"rotation":0,"texture":"#0","tintindex":0},"down":{"uv":[0.5,7.5,0.5,9.875],"rotation":0,"texture":"#0","tintindex":0}}},{"from":[2.5714283,-16.0,5.2987013],"to":[13.428572,-5.1428576,5.2987013],"rotation":{"angle":0.0,"axis":"y","origin":[8.0,-10.571428,7.87013]},"faces":{"east":{"uv":[0.125,7.5,0.125,9.875],"rotation":0,"texture":"#0","tintindex":0},"south":{"uv":[4.875,2.5,2.5,4.875],"rotation":0,"texture":"#0","tintindex":0},"north":{"uv":[2.5,2.5,4.875,4.875],"rotation":0,"texture":"#0","tintindex":0},"west":{"uv":[0.25,7.5,0.25,9.875],"rotation":0,"texture":"#0","tintindex":0},"up":{"uv":[0.375,9.875,0.375,7.5],"rotation":90,"texture":"#0","tintindex":0},"down":{"uv":[0.5,7.5,0.5,9.875],"rotation":270,"texture":"#0","tintindex":0}}},{"from":[2.5714283,-16.0,7.87013],"to":[13.428572,-5.1428576,7.87013],"rotation":{"angle":0.0,"axis":"y","origin":[8.0,-10.571428,7.87013]},"faces":{"east":{"uv":[5.75,6.75,5.75,9.125],"rotation":0,"texture":"#0","tintindex":0},"south":{"uv":[0.0,0.0,2.375,2.375],"rotation":0,"texture":"#0","tintindex":0},"north":{"uv":[2.375,0.0,0.0,2.375],"rotation":0,"texture":"#0","tintindex":0},"west":{"uv":[5.875,6.75,5.875,9.125],"rotation":0,"texture":"#0","tintindex":0},"up":{"uv":[0.0,9.875,0.0,7.5],"rotation":90,"texture":"#0","tintindex":0},"down":{"uv":[7.5,0.0,7.5,2.375],"rotation":270,"texture":"#0","tintindex":0}}},{"from":[8.0,-16.0,2.7272725],"to":[8.0,-5.1428576,13.584415],"rotation":{"angle":0.0,"axis":"y","origin":[8.0,-10.571428,7.87013]},"faces":{"east":{"uv":[0.0,0.0,2.375,2.375],"rotation":0,"texture":"#0","tintindex":0},"south":{"uv":[5.875,6.75,5.875,9.125],"rotation":0,"texture":"#0","tintindex":0},"north":{"uv":[5.75,6.75,5.75,9.125],"rotation":0,"texture":"#0","tintindex":0},"west":{"uv":[2.375,0.0,0.0,2.375],"rotation":0,"texture":"#0","tintindex":0},"up":{"uv":[0.0,9.875,0.0,7.5],"rotation":0,"texture":"#0","tintindex":0},"down":{"uv":[7.5,0.0,7.5,2.375],"rotation":0,"texture":"#0","tintindex":0}}},{"from":[2.5714283,-16.0,10.441559],"to":[13.428572,-5.1428576,10.441559],"rotation":{"angle":0.0,"axis":"y","origin":[8.0,-10.571428,7.87013]},"faces":{"east":{"uv":[0.125,7.5,0.125,9.875],"rotation":0,"texture":"#0","tintindex":0},"south":{"uv":[4.875,2.5,2.5,4.875],"rotation":0,"texture":"#0","tintindex":0},"north":{"uv":[2.5,2.5,4.875,4.875],"rotation":0,"texture":"#0","tintindex":0},"west":{"uv":[0.25,7.5,0.25,9.875],"rotation":0,"texture":"#0","tintindex":0},"up":{"uv":[0.375,9.875,0.375,7.5],"rotation":90,"texture":"#0","tintindex":0},"down":{"uv":[0.5,7.5,0.5,9.875],"rotation":270,"texture":"#0","tintindex":0}}},{"from":[2.5714283,-16.0,5.2987013],"to":[13.428572,-5.1428576,5.2987013],"rotation":{"angle":0.0,"axis":"y","origin":[8.0,-10.571428,7.87013]},"faces":{"east":{"uv":[0.5,7.5,0.5,9.875],"rotation":180,"texture":"#0","tintindex":0},"south":{"uv":[4.875,2.5,2.5,4.875],"rotation":270,"texture":"#0","tintindex":0},"north":{"uv":[2.5,2.5,4.875,4.875],"rotation":90,"texture":"#0","tintindex":0},"west":{"uv":[0.375,9.875,0.375,7.5],"rotation":0,"texture":"#0","tintindex":0},"up":{"uv":[0.125,7.5,0.125,9.875],"rotation":270,"texture":"#0","tintindex":0},"down":{"uv":[0.25,7.5,0.25,9.875],"rotation":270,"texture":"#0","tintindex":0}}},{"from":[2.5714283,-16.0,7.87013],"to":[13.428572,-5.1428576,7.87013],"rotation":{"angle":0.0,"axis":"y","origin":[8.0,-10.571428,7.87013]},"faces":{"east":{"uv":[7.5,0.0,7.5,2.375],"rotation":180,"texture":"#0","tintindex":0},"south":{"uv":[0.0,0.0,2.375,2.375],"rotation":270,"texture":"#0","tintindex":0},"north":{"uv":[2.375,0.0,0.0,2.375],"rotation":90,"texture":"#0","tintindex":0},"west":{"uv":[0.0,9.875,0.0,7.5],"rotation":0,"texture":"#0","tintindex":0},"up":{"uv":[5.75,6.75,5.75,9.125],"rotation":270,"texture":"#0","tintindex":0},"down":{"uv":[5.875,6.75,5.875,9.125],"rotation":270,"texture":"#0","tintindex":0}}},{"from":[2.5714283,-16.0,10.441559],"to":[13.428572,-5.1428576,10.441559],"rotation":{"angle":0.0,"axis":"y","origin":[8.0,-10.571428,7.87013]},"faces":{"east":{"uv":[0.5,7.5,0.5,9.875],"rotation":180,"texture":"#0","tintindex":0},"south":{"uv":[4.875,2.5,2.5,4.875],"rotation":270,"texture":"#0","tintindex":0},"north":{"uv":[2.5,2.5,4.875,4.875],"rotation":90,"texture":"#0","tintindex":0},"west":{"uv":[0.375,9.875,0.375,7.5],"rotation":0,"texture":"#0","tintindex":0},"up":{"uv":[0.125,7.5,0.125,9.875],"rotation":270,"texture":"#0","tintindex":0},"down":{"uv":[0.25,7.5,0.25,9.875],"rotation":270,"texture":"#0","tintindex":0}}},{"from":[7.142857,6.285714,8.155844],"to":[8.857143,8.571428,8.155844],"rotation":{"angle":45.0,"axis":"y","origin":[8.0,7.428571,8.155844]},"faces":{"east":{"uv":[0.0,5.0,0.0,9.0],"rotation":0,"texture":"#1","tintindex":0},"south":{"uv":[3.0,0.0,0.0,4.0],"rotation":0,"texture":"#1","tintindex":0},"north":{"uv":[0.0,0.0,3.0,4.0],"rotation":0,"texture":"#1","tintindex":0},"west":{"uv":[1.0,5.0,1.0,9.0],"rotation":0,"texture":"#1","tintindex":0},"up":{"uv":[5.0,5.0,2.0,5.0],"rotation":0,"texture":"#1","tintindex":0},"down":{"uv":[5.0,6.0,2.0,6.0],"rotation":0,"texture":"#1","tintindex":0}}},{"from":[7.142857,4.8571424,8.155844],"to":[8.857143,7.1428566,8.155844],"rotation":{"angle":-45.0,"axis":"y","origin":[8.0,7.428571,8.155844]},"faces":{"east":{"uv":[0.0,5.0,0.0,9.0],"rotation":0,"texture":"#1","tintindex":0},"south":{"uv":[3.0,0.0,0.0,4.0],"rotation":0,"texture":"#1","tintindex":0},"north":{"uv":[0.0,0.0,3.0,4.0],"rotation":0,"texture":"#1","tintindex":0},"west":{"uv":[1.0,5.0,1.0,9.0],"rotation":0,"texture":"#1","tintindex":0},"up":{"uv":[5.0,5.0,2.0,5.0],"rotation":0,"texture":"#1","tintindex":0},"down":{"uv":[5.0,6.0,2.0,6.0],"rotation":0,"texture":"#1","tintindex":0}}},{"from":[7.142857,1.9999995,8.155844],"to":[8.857143,4.285714,8.155844],"rotation":{"angle":-45.0,"axis":"y","origin":[8.0,4.5714283,8.155844]},"faces":{"east":{"uv":[0.0,5.0,0.0,9.0],"rotation":0,"texture":"#1","tintindex":0},"south":{"uv":[3.0,0.0,0.0,4.0],"rotation":0,"texture":"#1","tintindex":0},"north":{"uv":[0.0,0.0,3.0,4.0],"rotation":0,"texture":"#1","tintindex":0},"west":{"uv":[1.0,5.0,1.0,9.0],"rotation":0,"texture":"#1","tintindex":0},"up":{"uv":[5.0,5.0,2.0,5.0],"rotation":0,"texture":"#1","tintindex":0},"down":{"uv":[5.0,6.0,2.0,6.0],"rotation":0,"texture":"#1","tintindex":0}}},{"from":[7.142857,3.4285707,8.155844],"to":[8.857143,5.7142854,8.155844],"rotation":{"angle":45.0,"axis":"y","origin":[8.0,4.5714283,8.155844]},"faces":{"east":{"uv":[0.0,5.0,0.0,9.0],"rotation":0,"texture":"#1","tintindex":0},"south":{"uv":[3.0,0.0,0.0,4.0],"rotation":0,"texture":"#1","tintindex":0},"north":{"uv":[0.0,0.0,3.0,4.0],"rotation":0,"texture":"#1","tintindex":0},"west":{"uv":[1.0,5.0,1.0,9.0],"rotation":0,"texture":"#1","tintindex":0},"up":{"uv":[5.0,5.0,2.0,5.0],"rotation":0,"texture":"#1","tintindex":0},"down":{"uv":[5.0,6.0,2.0,6.0],"rotation":0,"texture":"#1","tintindex":0}}},{"from":[7.142857,-0.8571434,8.155844],"to":[8.857143,1.4285707,8.155844],"rotation":{"angle":-45.0,"axis":"y","origin":[8.0,1.7142854,8.155844]},"faces":{"east":{"uv":[0.0,5.0,0.0,9.0],"rotation":0,"texture":"#1","tintindex":0},"south":{"uv":[3.0,0.0,0.0,4.0],"rotation":0,"texture":"#1","tintindex":0},"north":{"uv":[0.0,0.0,3.0,4.0],"rotation":0,"texture":"#1","tintindex":0},"west":{"uv":[1.0,5.0,1.0,9.0],"rotation":0,"texture":"#1","tintindex":0},"up":{"uv":[5.0,5.0,2.0,5.0],"rotation":0,"texture":"#1","tintindex":0},"down":{"uv":[5.0,6.0,2.0,6.0],"rotation":0,"texture":"#1","tintindex":0}}},{"from":[7.142857,0.5714278,8.155844],"to":[8.857143,2.8571424,8.155844],"rotation":{"angle":45.0,"axis":"y","origin":[8.0,1.7142854,8.155844]},"faces":{"east":{"uv":[0.0,5.0,0.0,9.0],"rotation":0,"texture":"#1","tintindex":0},"south":{"uv":[3.0,0.0,0.0,4.0],"rotation":0,"texture":"#1","tintindex":0},"north":{"uv":[0.0,0.0,3.0,4.0],"rotation":0,"texture":"#1","tintindex":0},"west":{"uv":[1.0,5.0,1.0,9.0],"rotation":0,"texture":"#1","tintindex":0},"up":{"uv":[5.0,5.0,2.0,5.0],"rotation":0,"texture":"#1","tintindex":0},"down":{"uv":[5.0,6.0,2.0,6.0],"rotation":0,"texture":"#1","tintindex":0}}},{"from":[7.142857,-3.7142868,8.155844],"to":[8.857143,-1.4285717,8.155844],"rotation":{"angle":-45.0,"axis":"y","origin":[8.0,-1.1428576,8.155844]},"faces":{"east":{"uv":[0.0,5.0,0.0,9.0],"rotation":0,"texture":"#1","tintindex":0},"south":{"uv":[3.0,0.0,0.0,4.0],"rotation":0,"texture":"#1","tintindex":0},"north":{"uv":[0.0,0.0,3.0,4.0],"rotation":0,"texture":"#1","tintindex":0},"west":{"uv":[1.0,5.0,1.0,9.0],"rotation":0,"texture":"#1","tintindex":0},"up":{"uv":[5.0,5.0,2.0,5.0],"rotation":0,"texture":"#1","tintindex":0},"down":{"uv":[5.0,6.0,2.0,6.0],"rotation":0,"texture":"#1","tintindex":0}}},{"from":[7.142857,-2.285715,8.155844],"to":[8.857143,-9.536743E-7,8.155844],"rotation":{"angle":45.0,"axis":"y","origin":[8.0,-1.1428576,8.155844]},"faces":{"east":{"uv":[0.0,5.0,0.0,9.0],"rotation":0,"texture":"#1","tintindex":0},"south":{"uv":[3.0,0.0,0.0,4.0],"rotation":0,"texture":"#1","tintindex":0},"north":{"uv":[0.0,0.0,3.0,4.0],"rotation":0,"texture":"#1","tintindex":0},"west":{"uv":[1.0,5.0,1.0,9.0],"rotation":0,"texture":"#1","tintindex":0},"up":{"uv":[5.0,5.0,2.0,5.0],"rotation":0,"texture":"#1","tintindex":0},"down":{"uv":[5.0,6.0,2.0,6.0],"rotation":0,"texture":"#1","tintindex":0}}},{"from":[7.142857,-6.5714293,8.155844],"to":[8.857143,-4.285715,8.155844],"rotation":{"angle":-45.0,"axis":"y","origin":[8.0,-4.000001,8.155844]},"faces":{"east":{"uv":[0.0,5.0,0.0,9.0],"rotation":0,"texture":"#1","tintindex":0},"south":{"uv":[3.0,0.0,0.0,4.0],"rotation":0,"texture":"#1","tintindex":0},"north":{"uv":[0.0,0.0,3.0,4.0],"rotation":0,"texture":"#1","tintindex":0},"west":{"uv":[1.0,5.0,1.0,9.0],"rotation":0,"texture":"#1","tintindex":0},"up":{"uv":[5.0,5.0,2.0,5.0],"rotation":0,"texture":"#1","tintindex":0},"down":{"uv":[5.0,6.0,2.0,6.0],"rotation":0,"texture":"#1","tintindex":0}}},{"from":[7.142857,-5.1428576,8.155844],"to":[8.857143,-2.8571434,8.155844],"rotation":{"angle":45.0,"axis":"y","origin":[8.0,-4.000001,8.155844]},"faces":{"east":{"uv":[0.0,5.0,0.0,9.0],"rotation":0,"texture":"#1","tintindex":0},"south":{"uv":[3.0,0.0,0.0,4.0],"rotation":0,"texture":"#1","tintindex":0},"north":{"uv":[0.0,0.0,3.0,4.0],"rotation":0,"texture":"#1","tintindex":0},"west":{"uv":[1.0,5.0,1.0,9.0],"rotation":0,"texture":"#1","tintindex":0},"up":{"uv":[5.0,5.0,2.0,5.0],"rotation":0,"texture":"#1","tintindex":0},"down":{"uv":[5.0,6.0,2.0,6.0],"rotation":0,"texture":"#1","tintindex":0}}},{"from":[7.142857,-8.000002,8.155844],"to":[8.857143,-5.714287,8.155844],"rotation":{"angle":45.0,"axis":"y","origin":[8.0,-4.000001,8.155844]},"faces":{"east":{"uv":[0.0,5.0,0.0,9.0],"rotation":0,"texture":"#1","tintindex":0},"south":{"uv":[3.0,0.0,0.0,4.0],"rotation":0,"texture":"#1","tintindex":0},"north":{"uv":[0.0,0.0,3.0,4.0],"rotation":0,"texture":"#1","tintindex":0},"west":{"uv":[1.0,5.0,1.0,9.0],"rotation":0,"texture":"#1","tintindex":0},"up":{"uv":[5.0,5.0,2.0,5.0],"rotation":0,"texture":"#1","tintindex":0},"down":{"uv":[5.0,6.0,2.0,6.0],"rotation":0,"texture":"#1","tintindex":0}}}],"display":{"head":{"translation":[0.0,-7.127272,0.0],"scale":[4.0,4.0,4.0]}}}