{
  "credit": "Made by samus2002",
  "textures": {
    "0": "archmage_texture/arcane_slash_6",
    "particle": "archmage_texture/arcane_slash_6"
  },
  "elements": [
    {
      "from": [
        -9.5,
        8,
        -9.5
      ],
      "to": [
        25.5,
        8,
        25.5
      ],
      "rotation": {
        "angle": 0,
        "axis": "y",
        "origin": [
          8,
          8,
          8
        ]
      },
      "faces": {
        "north": {
          "uv": [
            0,
            0,
            16,
            0
          ],
          "texture": "#0"
        },
        "east": {
          "uv": [
            0,
            0,
            16,
            0
          ],
          "texture": "#0"
        },
        "south": {
          "uv": [
            0,
            0,
            16,
            0
          ],
          "texture": "#0"
        },
        "west": {
          "uv": [
            0,
            0,
            16,
            0
          ],
          "texture": "#0"
        },
        "up": {
          "uv": [
            1.75,
            1.75,
            14.25,
            14.25
          ],
          "texture": "#0"
        },
        "down": {
          "uv": [
            1.75,
            14.25,
            14.25,
            1.75
          ],
          "texture": "#0"
        }
      }
    }
  ],
  "display": {
    "thirdperson_righthand": {
      "rotation": [
        90,
        0,
        0
      ],
      "translation": [
        -6.75,
        -36.25,
        5.5
      ],
      "scale": [
        3,
        3,
        3
      ]
    },
    "head": {
      "translation": [
        0,
        -15.75,
        39.5
      ],
      "scale": [
        4,
        4,
        4
      ]
    }
  }
}