{
  "credit": "Made by samus2002",
  "textures": {
    "0": "archmage_texture/meteor_storm_explosion_1",
    "particle": "archmage_texture/meteor_storm_explosion_1"
  },
  "elements": [
    {
      "from": [
        8,
        -14.5,
        -14.5
      ],
      "to": [
        8,
        30.5,
        30.5
      ],
      "rotation": {
        "angle": 0,
        "axis": "z",
        "origin": [
          8,
          8,
          8
        ]
      },
      "faces": {
        "north": {
          "uv": [
            0,
            0,
            0,
            16
          ],
          "rotation": 180,
          "texture": "#0"
        },
        "east": {
          "uv": [
            1.25,
            0.75,
            15.5,
            15
          ],
          "rotation": 180,
          "texture": "#0"
        },
        "south": {
          "uv": [
            0,
            0,
            0,
            16
          ],
          "rotation": 180,
          "texture": "#0"
        },
        "west": {
          "uv": [
            15.5,
            0.75,
            1.25,
            15
          ],
          "rotation": 180,
          "texture": "#0"
        },
        "up": {
          "uv": [
            0,
            0,
            16,
            0
          ],
          "rotation": 270,
          "texture": "#0"
        },
        "down": {
          "uv": [
            0,
            0,
            16,
            0
          ],
          "rotation": 90,
          "texture": "#0"
        }
      }
    },
    {
      "from": [
        -14.5,
        -14.5,
        8
      ],
      "to": [
        30.5,
        30.5,
        8
      ],
      "rotation": {
        "angle": 0,
        "axis": "z",
        "origin": [
          8,
          8,
          8
        ]
      },
      "faces": {
        "north": {
          "uv": [
            1.25,
            0.75,
            15.5,
            15
          ],
          "rotation": 90,
          "texture": "#0"
        },
        "east": {
          "uv": [
            0,
            0,
            16,
            0
          ],
          "rotation": 270,
          "texture": "#0"
        },
        "south": {
          "uv": [
            15.5,
            0.75,
            1.25,
            15
          ],
          "rotation": 270,
          "texture": "#0"
        },
        "west": {
          "uv": [
            0,
            0,
            16,
            0
          ],
          "rotation": 270,
          "texture": "#0"
        },
        "up": {
          "uv": [
            0,
            0,
            0,
            16
          ],
          "rotation": 270,
          "texture": "#0"
        },
        "down": {
          "uv": [
            0,
            0,
            0,
            16
          ],
          "rotation": 270,
          "texture": "#0"
        }
      }
    }
  ],
  "display": {
    "thirdperson_righthand": {
      "rotation": [
        90,
        40,
        0
      ],
      "translation": [
        -6.5,
        0,
        4.75
      ],
      "scale": [
        3,
        3,
        3
      ]
    },
    "thirdperson_lefthand": {
      "rotation": [
        90,
        40,
        0
      ],
      "translation": [
        -6.5,
        -2.5,
        -3.5
      ],
      "scale": [
        4,
        4,
        4
      ]
    }
  }
}