{"textures":{"0":"modelengine:entity/chest_golden"},"elements":[{"from":[7.142857,6.857143,7.142857],"to":[8.857143,9.142858,8.857143],"rotation":{"angle":0.0,"axis":"y","origin":[6.5714283,8.0,12.285715]},"faces":{"east":{"uv":[1.0,8.75,1.75,9.75],"rotation":0,"texture":"#0","tintindex":0},"south":{"uv":[2.0,8.75,2.75,9.75],"rotation":0,"texture":"#0","tintindex":0},"north":{"uv":[0.0,8.75,0.75,9.75],"rotation":0,"texture":"#0","tintindex":0},"west":{"uv":[3.0,8.75,3.75,9.75],"rotation":0,"texture":"#0","tintindex":0},"up":{"uv":[4.75,10.25,4.0,9.5],"rotation":0,"texture":"#0","tintindex":0},"down":{"uv":[5.75,9.5,5.0,10.25],"rotation":0,"texture":"#0","tintindex":0}}}],"display":{"head":{"translation":[0.0,-6.4,0.0],"scale":[4.0,4.0,4.0]}}}