{
  "model": {
    "type": "minecraft:condition",
    "property": "minecraft:custom_model_data",
    "on_false": {
      "type": "minecraft:condition",
      "property": "minecraft:custom_model_data",
      "index": 1,
      "on_false": {
        "type": "minecraft:model",
        "model": "tcc:entity/sprouter/head/adult/normal"
      },
      "on_true": {
        "type": "minecraft:model",
        "model": "tcc:entity/sprouter/head/baby/normal"
      }
    },
    "on_true": {
      "type": "minecraft:condition",
      "property": "minecraft:custom_model_data",
      "index": 1,
      "on_false": {
        "type": "minecraft:model",
        "model": "tcc:entity/sprouter/head/adult/hurt"
      },
      "on_true": {
        "type": "minecraft:model",
        "model": "tcc:entity/sprouter/head/baby/hurt"
      }
    }
  }
}