{"textures":{"0":"modelengine:entity/fx_pumpkin"},"elements":[{"from":[4.8571424,5.428571,4.8571424],"to":[11.142858,10.571428,11.142858],"rotation":{"angle":0.0,"axis":"y","origin":[8.0,8.0,8.0]},"faces":{"east":{"uv":[3.0,2.5,5.75,4.75],"rotation":0,"texture":"#0","tintindex":0},"south":{"uv":[3.0,5.0,5.75,7.25],"rotation":0,"texture":"#0","tintindex":0},"north":{"uv":[3.0,5.0,5.75,7.25],"rotation":0,"texture":"#0","tintindex":0},"west":{"uv":[0.0,6.0,2.75,8.25],"rotation":0,"texture":"#0","tintindex":0},"up":{"uv":[2.75,2.75,0.0,0.0],"rotation":0,"texture":"#0","tintindex":0},"down":{"uv":[2.75,2.75,0.0,0.0],"rotation":0,"texture":"#0","tintindex":0}}}],"display":{"head":{"translation":[0.0,-6.4,0.0],"scale":[4.0,4.0,4.0]}}}