{
  "credit": "Made by samus2002",
  "texture_size": [
    64,
    64
  ],
  "textures": {
    "1": "rpg_essentials_2_texture/cactus"
  },
  "elements": [
    {
      "from": [
        8,
        17.75,
        4.5125
      ],
      "to": [
        8,
        22.75,
        11.5125
      ],
      "rotation": {
        "angle": 0,
        "axis": "y",
        "origin": [
          8,
          12.25,
          8.0125
        ]
      },
      "faces": {
        "north": {
          "uv": [
            10,
            7,
            10,
            8.25
          ],
          "texture": "#1"
        },
        "east": {
          "uv": [
            10.25,
            1.75,
            8.5,
            3
          ],
          "texture": "#1"
        },
        "south": {
          "uv": [
            8,
            10,
            8,
            11.25
          ],
          "texture": "#1"
        },
        "west": {
          "uv": [
            8.5,
            1.75,
            10.25,
            3
          ],
          "texture": "#1"
        },
        "up": {
          "uv": [
            10,
            10,
            8.25,
            10
          ],
          "rotation": 270,
          "texture": "#1"
        },
        "down": {
          "uv": [
            11.75,
            8.5,
            10,
            8.5
          ],
          "rotation": 90,
          "texture": "#1"
        }
      }
    },
    {
      "from": [
        4.5,
        17.75,
        8.0125
      ],
      "to": [
        11.5,
        22.75,
        8.0125
      ],
      "rotation": {
        "angle": 0,
        "axis": "y",
        "origin": [
          8,
          12.25,
          8.0125
        ]
      },
      "faces": {
        "north": {
          "uv": [
            8.5,
            1.75,
            10.25,
            3
          ],
          "texture": "#1"
        },
        "east": {
          "uv": [
            10,
            7,
            10,
            8.25
          ],
          "texture": "#1"
        },
        "south": {
          "uv": [
            10.25,
            1.75,
            8.5,
            3
          ],
          "texture": "#1"
        },
        "west": {
          "uv": [
            8,
            10,
            8,
            11.25
          ],
          "texture": "#1"
        },
        "up": {
          "uv": [
            10,
            10,
            8.25,
            10
          ],
          "texture": "#1"
        },
        "down": {
          "uv": [
            11.75,
            8.5,
            10,
            8.5
          ],
          "texture": "#1"
        }
      }
    },
    {
      "from": [
        3.5,
        5.75,
        9.4875
      ],
      "to": [
        11.5,
        17.75,
        9.4875
      ],
      "rotation": {
        "angle": 0,
        "axis": "y",
        "origin": [
          8,
          3.75,
          7.5125
        ]
      },
      "faces": {
        "north": {
          "uv": [
            0,
            0,
            2,
            3
          ],
          "texture": "#1"
        },
        "east": {
          "uv": [
            8.5,
            10.25,
            8.5,
            13.25
          ],
          "texture": "#1"
        },
        "south": {
          "uv": [
            2,
            0,
            0,
            3
          ],
          "texture": "#1"
        },
        "west": {
          "uv": [
            8.25,
            10.25,
            8.25,
            13.25
          ],
          "texture": "#1"
        },
        "up": {
          "uv": [
            8.75,
            10.25,
            8.75,
            12.25
          ],
          "rotation": 90,
          "texture": "#1"
        },
        "down": {
          "uv": [
            9,
            12.25,
            9,
            10.25
          ],
          "rotation": 270,
          "texture": "#1"
        }
      }
    },
    {
      "from": [
        3.5,
        5.75,
        6.5125
      ],
      "to": [
        11.5,
        17.75,
        6.5125
      ],
      "rotation": {
        "angle": 0,
        "axis": "y",
        "origin": [
          8,
          3.75,
          7.5125
        ]
      },
      "faces": {
        "north": {
          "uv": [
            0,
            3.25,
            2,
            6.25
          ],
          "texture": "#1"
        },
        "east": {
          "uv": [
            9.5,
            10.25,
            9.5,
            13.25
          ],
          "texture": "#1"
        },
        "south": {
          "uv": [
            2,
            3.25,
            0,
            6.25
          ],
          "texture": "#1"
        },
        "west": {
          "uv": [
            9.25,
            10.25,
            9.25,
            13.25
          ],
          "texture": "#1"
        },
        "up": {
          "uv": [
            9.75,
            10.25,
            9.75,
            12.25
          ],
          "rotation": 90,
          "texture": "#1"
        },
        "down": {
          "uv": [
            10,
            12.25,
            10,
            10.25
          ],
          "rotation": 270,
          "texture": "#1"
        }
      }
    },
    {
      "from": [
        4.5,
        5.75,
        9.4875
      ],
      "to": [
        12.5,
        17.75,
        9.4875
      ],
      "rotation": {
        "angle": 0,
        "axis": "y",
        "origin": [
          8,
          3.75,
          7.5125
        ]
      },
      "faces": {
        "north": {
          "uv": [
            2,
            0,
            0,
            3
          ],
          "texture": "#1"
        },
        "east": {
          "uv": [
            8.25,
            10.25,
            8.25,
            13.25
          ],
          "texture": "#1"
        },
        "south": {
          "uv": [
            0,
            0,
            2,
            3
          ],
          "texture": "#1"
        },
        "west": {
          "uv": [
            8.5,
            10.25,
            8.5,
            13.25
          ],
          "texture": "#1"
        },
        "up": {
          "uv": [
            8.75,
            12.25,
            8.75,
            10.25
          ],
          "rotation": 90,
          "texture": "#1"
        },
        "down": {
          "uv": [
            9,
            10.25,
            9,
            12.25
          ],
          "rotation": 270,
          "texture": "#1"
        }
      }
    },
    {
      "from": [
        4.5,
        5.75,
        6.5125
      ],
      "to": [
        12.5,
        17.75,
        6.5125
      ],
      "rotation": {
        "angle": 0,
        "axis": "y",
        "origin": [
          8,
          3.75,
          7.5125
        ]
      },
      "faces": {
        "north": {
          "uv": [
            2,
            3.25,
            0,
            6.25
          ],
          "texture": "#1"
        },
        "east": {
          "uv": [
            9.25,
            10.25,
            9.25,
            13.25
          ],
          "texture": "#1"
        },
        "south": {
          "uv": [
            0,
            3.25,
            2,
            6.25
          ],
          "texture": "#1"
        },
        "west": {
          "uv": [
            9.5,
            10.25,
            9.5,
            13.25
          ],
          "texture": "#1"
        },
        "up": {
          "uv": [
            9.75,
            12.25,
            9.75,
            10.25
          ],
          "rotation": 90,
          "texture": "#1"
        },
        "down": {
          "uv": [
            10,
            10.25,
            10,
            12.25
          ],
          "rotation": 270,
          "texture": "#1"
        }
      }
    },
    {
      "from": [
        10,
        5.75,
        4.5125
      ],
      "to": [
        10,
        17.75,
        12.5125
      ],
      "rotation": {
        "angle": 0,
        "axis": "y",
        "origin": [
          8,
          3.75,
          8.5125
        ]
      },
      "faces": {
        "north": {
          "uv": [
            9.5,
            10.25,
            9.5,
            13.25
          ],
          "texture": "#1"
        },
        "east": {
          "uv": [
            2,
            3.25,
            0,
            6.25
          ],
          "texture": "#1"
        },
        "south": {
          "uv": [
            9.25,
            10.25,
            9.25,
            13.25
          ],
          "texture": "#1"
        },
        "west": {
          "uv": [
            0,
            3.25,
            2,
            6.25
          ],
          "texture": "#1"
        },
        "up": {
          "uv": [
            9.75,
            10.25,
            9.75,
            12.25
          ],
          "texture": "#1"
        },
        "down": {
          "uv": [
            10,
            12.25,
            10,
            10.25
          ],
          "texture": "#1"
        }
      }
    },
    {
      "from": [
        6.525,
        5.75,
        4.5125
      ],
      "to": [
        6.525,
        17.75,
        12.5125
      ],
      "rotation": {
        "angle": 0,
        "axis": "y",
        "origin": [
          8,
          3.75,
          8.5125
        ]
      },
      "faces": {
        "north": {
          "uv": [
            8.5,
            10.25,
            8.5,
            13.25
          ],
          "texture": "#1"
        },
        "east": {
          "uv": [
            2,
            0,
            0,
            3
          ],
          "texture": "#1"
        },
        "south": {
          "uv": [
            8.25,
            10.25,
            8.25,
            13.25
          ],
          "texture": "#1"
        },
        "west": {
          "uv": [
            0,
            0,
            2,
            3
          ],
          "texture": "#1"
        },
        "up": {
          "uv": [
            8.75,
            10.25,
            8.75,
            12.25
          ],
          "texture": "#1"
        },
        "down": {
          "uv": [
            9,
            12.25,
            9,
            10.25
          ],
          "texture": "#1"
        }
      }
    },
    {
      "from": [
        4.525,
        5.75,
        3.5125
      ],
      "to": [
        4.525,
        17.75,
        11.5125
      ],
      "rotation": {
        "angle": 0,
        "axis": "y",
        "origin": [
          8,
          3.75,
          7.5125
        ]
      },
      "faces": {
        "north": {
          "uv": [
            8.25,
            10.25,
            8.25,
            13.25
          ],
          "texture": "#1"
        },
        "east": {
          "uv": [
            0,
            0,
            2,
            3
          ],
          "texture": "#1"
        },
        "south": {
          "uv": [
            8.5,
            10.25,
            8.5,
            13.25
          ],
          "texture": "#1"
        },
        "west": {
          "uv": [
            2,
            0,
            0,
            3
          ],
          "texture": "#1"
        },
        "up": {
          "uv": [
            8.75,
            12.25,
            8.75,
            10.25
          ],
          "texture": "#1"
        },
        "down": {
          "uv": [
            9,
            10.25,
            9,
            12.25
          ],
          "texture": "#1"
        }
      }
    },
    {
      "from": [
        11.475,
        5.75,
        3.5125
      ],
      "to": [
        11.475,
        17.75,
        11.5125
      ],
      "rotation": {
        "angle": 0,
        "axis": "y",
        "origin": [
          8,
          3.75,
          7.5125
        ]
      },
      "faces": {
        "north": {
          "uv": [
            8.25,
            10.25,
            8.25,
            13.25
          ],
          "texture": "#1"
        },
        "east": {
          "uv": [
            0,
            0,
            2,
            3
          ],
          "texture": "#1"
        },
        "south": {
          "uv": [
            8.5,
            10.25,
            8.5,
            13.25
          ],
          "texture": "#1"
        },
        "west": {
          "uv": [
            2,
            0,
            0,
            3
          ],
          "texture": "#1"
        },
        "up": {
          "uv": [
            8.75,
            12.25,
            8.75,
            10.25
          ],
          "texture": "#1"
        },
        "down": {
          "uv": [
            9,
            10.25,
            9,
            12.25
          ],
          "texture": "#1"
        }
      }
    },
    {
      "from": [
        8,
        5.75,
        3.5125
      ],
      "to": [
        8,
        17.75,
        11.5125
      ],
      "rotation": {
        "angle": 0,
        "axis": "y",
        "origin": [
          8,
          3.75,
          7.5125
        ]
      },
      "faces": {
        "north": {
          "uv": [
            9.25,
            10.25,
            9.25,
            13.25
          ],
          "texture": "#1"
        },
        "east": {
          "uv": [
            0,
            3.25,
            2,
            6.25
          ],
          "texture": "#1"
        },
        "south": {
          "uv": [
            9.5,
            10.25,
            9.5,
            13.25
          ],
          "texture": "#1"
        },
        "west": {
          "uv": [
            2,
            3.25,
            0,
            6.25
          ],
          "texture": "#1"
        },
        "up": {
          "uv": [
            9.75,
            12.25,
            9.75,
            10.25
          ],
          "texture": "#1"
        },
        "down": {
          "uv": [
            10,
            10.25,
            10,
            12.25
          ],
          "texture": "#1"
        }
      }
    },
    {
      "from": [
        4.5,
        5.75,
        4.5125
      ],
      "to": [
        11.5,
        17.75,
        11.5125
      ],
      "rotation": {
        "angle": 0,
        "axis": "y",
        "origin": [
          8.5,
          5.75,
          7.5125
        ]
      },
      "faces": {
        "north": {
          "uv": [
            4.5,
            0,
            6.25,
            3
          ],
          "texture": "#1"
        },
        "east": {
          "uv": [
            4.5,
            0,
            6.25,
            3
          ],
          "texture": "#1"
        },
        "south": {
          "uv": [
            4.5,
            0,
            6.25,
            3
          ],
          "texture": "#1"
        },
        "west": {
          "uv": [
            4.5,
            0,
            6.25,
            3
          ],
          "texture": "#1"
        },
        "up": {
          "uv": [
            3.75,
            8.25,
            2,
            6.5
          ],
          "texture": "#1"
        },
        "down": {
          "uv": [
            3.75,
            6.5,
            2,
            8.25
          ],
          "texture": "#1"
        }
      }
    }
  ],
  "gui_light": "front",
  "display": {
    "thirdperson_righthand": {
      "translation": [
        0,
        -1.5,
        2.25
      ],
      "scale": [
        0.5,
        0.5,
        0.5
      ]
    },
    "thirdperson_lefthand": {
      "translation": [
        0,
        -1.5,
        2.25
      ],
      "scale": [
        0.5,
        0.5,
        0.5
      ]
    },
    "firstperson_righthand": {
      "rotation": [
        0,
        8,
        0
      ],
      "translation": [
        0.5,
        0.75,
        1.25
      ],
      "scale": [
        0.5,
        0.5,
        0.5
      ]
    },
    "firstperson_lefthand": {
      "rotation": [
        0,
        8,
        0
      ],
      "translation": [
        0.5,
        0.75,
        1.25
      ],
      "scale": [
        0.5,
        0.5,
        0.5
      ]
    },
    "ground": {
      "translation": [
        0,
        -1,
        0
      ],
      "scale": [
        0.5,
        0.5,
        0.5
      ]
    },
    "gui": {
      "rotation": [
        26,
        46,
        0
      ],
      "translation": [
        0,
        -3,
        0
      ],
      "scale": [
        0.8,
        0.8,
        0.8
      ]
    },
    "fixed": {
      "translation": [
        0,
        -3.75,
        0.5
      ],
      "scale": [
        0.8,
        0.9,
        0.9
      ]
    }
  }
}