{
  "credit": "Made by samus2002",
  "texture_size": [
    64,
    64
  ],
  "textures": {
    "1": "rpg_essentials_2_texture/deathbloom",
    "particle": "rpg_essentials_2_texture/deathbloom"
  },
  "elements": [
    {
      "from": [
        4.5,
        3.10347,
        0.98668
      ],
      "to": [
        11.5,
        6.10347,
        0.98668
      ],
      "rotation": {
        "angle": 22.5,
        "axis": "x",
        "origin": [
          8,
          9.40615,
          8
        ]
      },
      "faces": {
        "north": {
          "uv": [
            8.5,
            4,
            6.75,
            4.75
          ],
          "texture": "#1"
        },
        "east": {
          "uv": [
            9.25,
            8,
            9.25,
            8.75
          ],
          "texture": "#1"
        },
        "south": {
          "uv": [
            6.75,
            4,
            8.5,
            4.75
          ],
          "texture": "#1"
        },
        "west": {
          "uv": [
            9.25,
            9,
            9.25,
            9.75
          ],
          "texture": "#1"
        },
        "up": {
          "uv": [
            7.25,
            11.25,
            7.25,
            9.5
          ],
          "rotation": 90,
          "texture": "#1"
        },
        "down": {
          "uv": [
            7.5,
            9.5,
            7.5,
            11.25
          ],
          "rotation": 270,
          "texture": "#1"
        }
      }
    },
    {
      "from": [
        4.5,
        14.62073,
        2.26484
      ],
      "to": [
        11.5,
        14.62073,
        8.26484
      ],
      "rotation": {
        "angle": -45,
        "axis": "x",
        "origin": [
          8,
          9.40615,
          8
        ]
      },
      "faces": {
        "north": {
          "uv": [
            11,
            7.5,
            9.25,
            7.5
          ],
          "texture": "#1"
        },
        "east": {
          "uv": [
            8.75,
            9,
            7.25,
            9
          ],
          "texture": "#1"
        },
        "south": {
          "uv": [
            11,
            7.75,
            9.25,
            7.75
          ],
          "texture": "#1"
        },
        "west": {
          "uv": [
            8.75,
            9.25,
            7.25,
            9.25
          ],
          "texture": "#1"
        },
        "up": {
          "uv": [
            0,
            8.75,
            1.5,
            7
          ],
          "rotation": 90,
          "texture": "#1"
        },
        "down": {
          "uv": [
            0,
            7,
            1.5,
            8.75
          ],
          "rotation": 270,
          "texture": "#1"
        }
      }
    },
    {
      "from": [
        4.5,
        3.10347,
        15.01332
      ],
      "to": [
        11.5,
        6.10347,
        15.01332
      ],
      "rotation": {
        "angle": -22.5,
        "axis": "x",
        "origin": [
          8,
          9.40615,
          8
        ]
      },
      "faces": {
        "north": {
          "uv": [
            8.5,
            4,
            6.75,
            4.75
          ],
          "texture": "#1"
        },
        "east": {
          "uv": [
            9.25,
            8,
            9.25,
            8.75
          ],
          "texture": "#1"
        },
        "south": {
          "uv": [
            6.75,
            4,
            8.5,
            4.75
          ],
          "texture": "#1"
        },
        "west": {
          "uv": [
            9.25,
            9,
            9.25,
            9.75
          ],
          "texture": "#1"
        },
        "up": {
          "uv": [
            7.25,
            11.25,
            7.25,
            9.5
          ],
          "rotation": 90,
          "texture": "#1"
        },
        "down": {
          "uv": [
            7.5,
            9.5,
            7.5,
            11.25
          ],
          "rotation": 270,
          "texture": "#1"
        }
      }
    },
    {
      "from": [
        4.5,
        14.62073,
        7.73516
      ],
      "to": [
        11.5,
        14.62073,
        13.73516
      ],
      "rotation": {
        "angle": 45,
        "axis": "x",
        "origin": [
          8,
          9.40615,
          8
        ]
      },
      "faces": {
        "north": {
          "uv": [
            9.25,
            7.75,
            11,
            7.75
          ],
          "texture": "#1"
        },
        "east": {
          "uv": [
            7.25,
            9,
            8.75,
            9
          ],
          "texture": "#1"
        },
        "south": {
          "uv": [
            9.25,
            7.5,
            11,
            7.5
          ],
          "texture": "#1"
        },
        "west": {
          "uv": [
            7.25,
            9.25,
            8.75,
            9.25
          ],
          "texture": "#1"
        },
        "up": {
          "uv": [
            1.5,
            8.75,
            0,
            7
          ],
          "rotation": 90,
          "texture": "#1"
        },
        "down": {
          "uv": [
            1.5,
            7,
            0,
            8.75
          ],
          "rotation": 270,
          "texture": "#1"
        }
      }
    },
    {
      "from": [
        0.98668,
        3.10347,
        4.5
      ],
      "to": [
        0.98668,
        6.10347,
        11.5
      ],
      "rotation": {
        "angle": -22.5,
        "axis": "z",
        "origin": [
          8,
          9.40615,
          8
        ]
      },
      "faces": {
        "north": {
          "uv": [
            9.25,
            8,
            9.25,
            8.75
          ],
          "texture": "#1"
        },
        "east": {
          "uv": [
            6.75,
            4,
            8.5,
            4.75
          ],
          "texture": "#1"
        },
        "south": {
          "uv": [
            9.25,
            9,
            9.25,
            9.75
          ],
          "texture": "#1"
        },
        "west": {
          "uv": [
            8.5,
            4,
            6.75,
            4.75
          ],
          "texture": "#1"
        },
        "up": {
          "uv": [
            7.25,
            11.25,
            7.25,
            9.5
          ],
          "texture": "#1"
        },
        "down": {
          "uv": [
            7.5,
            9.5,
            7.5,
            11.25
          ],
          "texture": "#1"
        }
      }
    },
    {
      "from": [
        2.26484,
        14.62073,
        4.5
      ],
      "to": [
        8.26484,
        14.62073,
        11.5
      ],
      "rotation": {
        "angle": 45,
        "axis": "z",
        "origin": [
          8,
          9.40615,
          8
        ]
      },
      "faces": {
        "north": {
          "uv": [
            8.75,
            9,
            7.25,
            9
          ],
          "texture": "#1"
        },
        "east": {
          "uv": [
            11,
            7.75,
            9.25,
            7.75
          ],
          "texture": "#1"
        },
        "south": {
          "uv": [
            8.75,
            9.25,
            7.25,
            9.25
          ],
          "texture": "#1"
        },
        "west": {
          "uv": [
            11,
            7.5,
            9.25,
            7.5
          ],
          "texture": "#1"
        },
        "up": {
          "uv": [
            0,
            8.75,
            1.5,
            7
          ],
          "texture": "#1"
        },
        "down": {
          "uv": [
            0,
            7,
            1.5,
            8.75
          ],
          "texture": "#1"
        }
      }
    },
    {
      "from": [
        15.01332,
        3.10347,
        4.5
      ],
      "to": [
        15.01332,
        6.10347,
        11.5
      ],
      "rotation": {
        "angle": 22.5,
        "axis": "z",
        "origin": [
          8,
          9.40615,
          8
        ]
      },
      "faces": {
        "north": {
          "uv": [
            9.25,
            8,
            9.25,
            8.75
          ],
          "texture": "#1"
        },
        "east": {
          "uv": [
            6.75,
            4,
            8.5,
            4.75
          ],
          "texture": "#1"
        },
        "south": {
          "uv": [
            9.25,
            9,
            9.25,
            9.75
          ],
          "texture": "#1"
        },
        "west": {
          "uv": [
            8.5,
            4,
            6.75,
            4.75
          ],
          "texture": "#1"
        },
        "up": {
          "uv": [
            7.25,
            11.25,
            7.25,
            9.5
          ],
          "texture": "#1"
        },
        "down": {
          "uv": [
            7.5,
            9.5,
            7.5,
            11.25
          ],
          "texture": "#1"
        }
      }
    },
    {
      "from": [
        7.73516,
        14.62073,
        4.5
      ],
      "to": [
        13.73516,
        14.62073,
        11.5
      ],
      "rotation": {
        "angle": -45,
        "axis": "z",
        "origin": [
          8,
          9.40615,
          8
        ]
      },
      "faces": {
        "north": {
          "uv": [
            7.25,
            9,
            8.75,
            9
          ],
          "texture": "#1"
        },
        "east": {
          "uv": [
            9.25,
            7.5,
            11,
            7.5
          ],
          "texture": "#1"
        },
        "south": {
          "uv": [
            7.25,
            9.25,
            8.75,
            9.25
          ],
          "texture": "#1"
        },
        "west": {
          "uv": [
            9.25,
            7.75,
            11,
            7.75
          ],
          "texture": "#1"
        },
        "up": {
          "uv": [
            1.5,
            8.75,
            0,
            7
          ],
          "texture": "#1"
        },
        "down": {
          "uv": [
            1.5,
            7,
            0,
            8.75
          ],
          "texture": "#1"
        }
      }
    },
    {
      "from": [
        9.81116,
        16.6518,
        6.5
      ],
      "to": [
        9.81116,
        19.6518,
        9.5
      ],
      "rotation": {
        "angle": -45,
        "axis": "z",
        "origin": [
          8,
          16.34064,
          8
        ]
      },
      "faces": {
        "north": {
          "uv": [
            1.25,
            10,
            1.25,
            10.75
          ],
          "texture": "#1"
        },
        "east": {
          "uv": [
            8.75,
            4,
            9.5,
            4.75
          ],
          "texture": "#1"
        },
        "south": {
          "uv": [
            10,
            1,
            10,
            1.75
          ],
          "texture": "#1"
        },
        "west": {
          "uv": [
            9.5,
            4,
            8.75,
            4.75
          ],
          "texture": "#1"
        },
        "up": {
          "uv": [
            2.25,
            10,
            1.5,
            10
          ],
          "rotation": 90,
          "texture": "#1"
        },
        "down": {
          "uv": [
            10.75,
            2,
            10,
            2
          ],
          "rotation": 270,
          "texture": "#1"
        }
      }
    },
    {
      "from": [
        6.18884,
        16.6518,
        6.5
      ],
      "to": [
        6.18884,
        19.6518,
        9.5
      ],
      "rotation": {
        "angle": 45,
        "axis": "z",
        "origin": [
          8,
          16.34064,
          8
        ]
      },
      "faces": {
        "north": {
          "uv": [
            1.25,
            10,
            1.25,
            10.75
          ],
          "texture": "#1"
        },
        "east": {
          "uv": [
            8.75,
            4,
            9.5,
            4.75
          ],
          "texture": "#1"
        },
        "south": {
          "uv": [
            10,
            1,
            10,
            1.75
          ],
          "texture": "#1"
        },
        "west": {
          "uv": [
            9.5,
            4,
            8.75,
            4.75
          ],
          "texture": "#1"
        },
        "up": {
          "uv": [
            2.25,
            10,
            1.5,
            10
          ],
          "rotation": 90,
          "texture": "#1"
        },
        "down": {
          "uv": [
            10.75,
            2,
            10,
            2
          ],
          "rotation": 270,
          "texture": "#1"
        }
      }
    },
    {
      "from": [
        6.5,
        16.6518,
        9.81116
      ],
      "to": [
        9.5,
        19.6518,
        9.81116
      ],
      "rotation": {
        "angle": 45,
        "axis": "x",
        "origin": [
          8,
          16.34064,
          8
        ]
      },
      "faces": {
        "north": {
          "uv": [
            8.75,
            4,
            9.5,
            4.75
          ],
          "texture": "#1"
        },
        "east": {
          "uv": [
            10,
            1,
            10,
            1.75
          ],
          "texture": "#1"
        },
        "south": {
          "uv": [
            9.5,
            4,
            8.75,
            4.75
          ],
          "texture": "#1"
        },
        "west": {
          "uv": [
            1.25,
            10,
            1.25,
            10.75
          ],
          "texture": "#1"
        },
        "up": {
          "uv": [
            2.25,
            10,
            1.5,
            10
          ],
          "texture": "#1"
        },
        "down": {
          "uv": [
            10.75,
            2,
            10,
            2
          ],
          "texture": "#1"
        }
      }
    },
    {
      "from": [
        6.5,
        16.6518,
        6.18884
      ],
      "to": [
        9.5,
        19.6518,
        6.18884
      ],
      "rotation": {
        "angle": -45,
        "axis": "x",
        "origin": [
          8,
          16.34064,
          8
        ]
      },
      "faces": {
        "north": {
          "uv": [
            8.75,
            4,
            9.5,
            4.75
          ],
          "texture": "#1"
        },
        "east": {
          "uv": [
            10,
            1,
            10,
            1.75
          ],
          "texture": "#1"
        },
        "south": {
          "uv": [
            9.5,
            4,
            8.75,
            4.75
          ],
          "texture": "#1"
        },
        "west": {
          "uv": [
            1.25,
            10,
            1.25,
            10.75
          ],
          "texture": "#1"
        },
        "up": {
          "uv": [
            2.25,
            10,
            1.5,
            10
          ],
          "texture": "#1"
        },
        "down": {
          "uv": [
            10.75,
            2,
            10,
            2
          ],
          "texture": "#1"
        }
      }
    },
    {
      "from": [
        6.5,
        13.28068,
        6.5
      ],
      "to": [
        9.5,
        15.28068,
        9.5
      ],
      "rotation": {
        "angle": 0,
        "axis": "y",
        "origin": [
          8,
          2.78068,
          8
        ]
      },
      "faces": {
        "north": {
          "uv": [
            3,
            9,
            3.75,
            9.5
          ],
          "texture": "#1"
        },
        "east": {
          "uv": [
            4,
            9,
            4.75,
            9.5
          ],
          "texture": "#1"
        },
        "south": {
          "uv": [
            5,
            9,
            5.75,
            9.5
          ],
          "texture": "#1"
        },
        "west": {
          "uv": [
            6,
            9,
            6.75,
            9.5
          ],
          "texture": "#1"
        },
        "up": {
          "uv": [
            7.75,
            8.75,
            7,
            8
          ],
          "texture": "#1"
        },
        "down": {
          "uv": [
            8.75,
            8,
            8,
            8.75
          ],
          "texture": "#1"
        }
      }
    },
    {
      "from": [
        4.5,
        6.28068,
        4.5
      ],
      "to": [
        11.5,
        13.28068,
        11.5
      ],
      "rotation": {
        "angle": 0,
        "axis": "y",
        "origin": [
          8,
          2.78068,
          8
        ]
      },
      "faces": {
        "north": {
          "uv": [
            0,
            5,
            1.75,
            6.75
          ],
          "texture": "#1"
        },
        "east": {
          "uv": [
            2,
            5,
            3.75,
            6.75
          ],
          "texture": "#1"
        },
        "south": {
          "uv": [
            1.75,
            5,
            0,
            6.75
          ],
          "texture": "#1"
        },
        "west": {
          "uv": [
            6,
            5,
            7.75,
            6.75
          ],
          "texture": "#1"
        },
        "up": {
          "uv": [
            8.5,
            1.75,
            6.75,
            0
          ],
          "texture": "#1"
        },
        "down": {
          "uv": [
            8.5,
            0,
            6.75,
            1.75
          ],
          "texture": "#1"
        }
      }
    }
  ],
  "gui_light": "front",
  "display": {
    "thirdperson_righthand": {
      "translation": [
        0,
        -1,
        0.75
      ],
      "scale": [
        0.5,
        0.5,
        0.5
      ]
    },
    "thirdperson_lefthand": {
      "translation": [
        0,
        -1,
        0.75
      ],
      "scale": [
        0.5,
        0.5,
        0.5
      ]
    },
    "firstperson_righthand": {
      "translation": [
        1.25,
        1,
        0.75
      ],
      "scale": [
        0.6,
        0.6,
        0.6
      ]
    },
    "firstperson_lefthand": {
      "translation": [
        1.25,
        1,
        0.75
      ],
      "scale": [
        0.6,
        0.6,
        0.6
      ]
    },
    "ground": {
      "translation": [
        0,
        -0.75,
        0
      ],
      "scale": [
        0.5,
        0.5,
        0.5
      ]
    },
    "gui": {
      "rotation": [
        24,
        45,
        0
      ],
      "translation": [
        0,
        -2,
        0
      ],
      "scale": [
        0.8,
        0.8,
        0.8
      ]
    },
    "fixed": {
      "translation": [
        0,
        -3.5,
        0
      ]
    }
  }
}