{
  "credit": "Made by samus2002",
  "texture_size": [
    32,
    32
  ],
  "textures": {
    "0": "rpg_essentials_2_texture/clover",
    "particle": "rpg_essentials_2_texture/clover"
  },
  "elements": [
    {
      "from": [
        1.30598,
        9.79837,
        5.5
      ],
      "to": [
        7.30598,
        9.79837,
        10.5
      ],
      "rotation": {
        "angle": 0,
        "axis": "y",
        "origin": [
          7.07727,
          10.25097,
          8.48798
        ]
      },
      "faces": {
        "north": {
          "uv": [
            10.5,
            7,
            7.5,
            7
          ],
          "texture": "#0"
        },
        "east": {
          "uv": [
            10,
            6.5,
            7.5,
            6.5
          ],
          "texture": "#0"
        },
        "south": {
          "uv": [
            10.5,
            6,
            7.5,
            6
          ],
          "texture": "#0"
        },
        "west": {
          "uv": [
            5,
            7.5,
            2.5,
            7.5
          ],
          "texture": "#0"
        },
        "up": {
          "uv": [
            0,
            3,
            2.5,
            0
          ],
          "rotation": 270,
          "texture": "#0"
        },
        "down": {
          "uv": [
            0,
            0,
            2.5,
            3
          ],
          "rotation": 90,
          "texture": "#0"
        }
      }
    },
    {
      "from": [
        6.84208,
        9.74922,
        5.5
      ],
      "to": [
        12.84208,
        9.74922,
        10.5
      ],
      "rotation": {
        "angle": 0,
        "axis": "y",
        "origin": [
          7.07727,
          10.25097,
          8.69073
        ]
      },
      "faces": {
        "north": {
          "uv": [
            7.5,
            7,
            10.5,
            7
          ],
          "texture": "#0"
        },
        "east": {
          "uv": [
            2.5,
            7.5,
            5,
            7.5
          ],
          "texture": "#0"
        },
        "south": {
          "uv": [
            7.5,
            6,
            10.5,
            6
          ],
          "texture": "#0"
        },
        "west": {
          "uv": [
            7.5,
            6.5,
            10,
            6.5
          ],
          "texture": "#0"
        },
        "up": {
          "uv": [
            0,
            0,
            2.5,
            3
          ],
          "rotation": 270,
          "texture": "#0"
        },
        "down": {
          "uv": [
            0,
            3,
            2.5,
            0
          ],
          "rotation": 90,
          "texture": "#0"
        }
      }
    },
    {
      "from": [
        4.57403,
        9.92775,
        8.40146
      ],
      "to": [
        9.57403,
        9.92775,
        14.40146
      ],
      "rotation": {
        "angle": 0,
        "axis": "y",
        "origin": [
          7.09349,
          10.25097,
          8
        ]
      },
      "faces": {
        "north": {
          "uv": [
            10,
            6.5,
            7.5,
            6.5
          ],
          "texture": "#0"
        },
        "east": {
          "uv": [
            10.5,
            6,
            7.5,
            6
          ],
          "texture": "#0"
        },
        "south": {
          "uv": [
            5,
            7.5,
            2.5,
            7.5
          ],
          "texture": "#0"
        },
        "west": {
          "uv": [
            10.5,
            7,
            7.5,
            7
          ],
          "texture": "#0"
        },
        "up": {
          "uv": [
            2.5,
            0,
            0,
            3
          ],
          "texture": "#0"
        },
        "down": {
          "uv": [
            2.5,
            3,
            0,
            0
          ],
          "texture": "#0"
        }
      }
    },
    {
      "from": [
        4.57403,
        9.92775,
        1.59854
      ],
      "to": [
        9.57403,
        9.92775,
        7.59854
      ],
      "rotation": {
        "angle": 0,
        "axis": "y",
        "origin": [
          7.09349,
          10.25097,
          8
        ]
      },
      "faces": {
        "north": {
          "uv": [
            2.5,
            7.5,
            5,
            7.5
          ],
          "texture": "#0"
        },
        "east": {
          "uv": [
            7.5,
            6,
            10.5,
            6
          ],
          "texture": "#0"
        },
        "south": {
          "uv": [
            7.5,
            6.5,
            10,
            6.5
          ],
          "texture": "#0"
        },
        "west": {
          "uv": [
            7.5,
            7,
            10.5,
            7
          ],
          "texture": "#0"
        },
        "up": {
          "uv": [
            2.5,
            3,
            0,
            0
          ],
          "texture": "#0"
        },
        "down": {
          "uv": [
            2.5,
            0,
            0,
            3
          ],
          "texture": "#0"
        }
      }
    },
    {
      "from": [
        6.57403,
        2.725,
        8
      ],
      "to": [
        7.57403,
        9.725,
        8
      ],
      "rotation": {
        "angle": 0,
        "axis": "y",
        "origin": [
          6.57403,
          6.225,
          8
        ]
      },
      "faces": {
        "north": {
          "uv": [
            6,
            6,
            6.5,
            9.5
          ],
          "texture": "#0"
        },
        "east": {
          "uv": [
            1.5,
            7,
            1.5,
            10.5
          ],
          "texture": "#0"
        },
        "south": {
          "uv": [
            6.5,
            6,
            6,
            9.5
          ],
          "texture": "#0"
        },
        "west": {
          "uv": [
            2,
            7,
            2,
            10.5
          ],
          "texture": "#0"
        },
        "up": {
          "uv": [
            3.5,
            7,
            2.5,
            7
          ],
          "texture": "#0"
        },
        "down": {
          "uv": [
            5,
            7,
            4,
            7
          ],
          "texture": "#0"
        }
      }
    }
  ],
  "gui_light": "front",
  "display": {
    "thirdperson_righthand": {
      "translation": [
        0.5,
        -0.5,
        1.5
      ],
      "scale": [
        0.7,
        0.7,
        0.7
      ]
    },
    "thirdperson_lefthand": {
      "translation": [
        -0.5,
        -0.5,
        1.5
      ],
      "scale": [
        0.7,
        0.7,
        0.7
      ]
    },
    "firstperson_righthand": {
      "rotation": [
        8,
        0,
        0
      ],
      "translation": [
        0.5,
        1.75,
        1.5
      ],
      "scale": [
        0.7,
        0.7,
        0.7
      ]
    },
    "firstperson_lefthand": {
      "rotation": [
        8,
        0,
        0
      ],
      "translation": [
        0.5,
        1.75,
        1.5
      ],
      "scale": [
        0.7,
        0.7,
        0.7
      ]
    },
    "ground": {
      "scale": [
        0.7,
        0.7,
        0.7
      ]
    },
    "gui": {
      "rotation": [
        37,
        -45,
        0
      ],
      "translation": [
        0.75,
        -1,
        0
      ]
    },
    "fixed": {
      "rotation": [
        -21,
        -36,
        0
      ],
      "translation": [
        0.75,
        1,
        -2.5
      ]
    }
  }
}