{
  "credit": "Made by samus2002",
  "texture_size": [
    64,
    64
  ],
  "textures": {
    "0": "rpg_essentials_2_texture/magical_herb",
    "particle": "rpg_essentials_2_texture/magical_herb"
  },
  "elements": [
    {
      "from": [
        8,
        13,
        4
      ],
      "to": [
        8,
        19,
        12
      ],
      "rotation": {
        "angle": 0,
        "axis": "y",
        "origin": [
          8,
          13,
          8
        ]
      },
      "faces": {
        "north": {
          "uv": [
            7.25,
            1.75,
            7.25,
            3.25
          ],
          "texture": "#0"
        },
        "east": {
          "uv": [
            0,
            4.5,
            2,
            6
          ],
          "texture": "#0"
        },
        "south": {
          "uv": [
            7,
            5.5,
            7,
            7
          ],
          "texture": "#0"
        },
        "west": {
          "uv": [
            2,
            4.5,
            0,
            6
          ],
          "texture": "#0"
        },
        "up": {
          "uv": [
            9.25,
            3.5,
            7.25,
            3.5
          ],
          "rotation": 90,
          "texture": "#0"
        },
        "down": {
          "uv": [
            9.25,
            5.5,
            7.25,
            5.5
          ],
          "rotation": 270,
          "texture": "#0"
        }
      }
    },
    {
      "from": [
        4,
        13,
        8
      ],
      "to": [
        12,
        19,
        8
      ],
      "rotation": {
        "angle": 0,
        "axis": "y",
        "origin": [
          8,
          13,
          8
        ]
      },
      "faces": {
        "north": {
          "uv": [
            0,
            4.5,
            2,
            6
          ],
          "texture": "#0"
        },
        "east": {
          "uv": [
            7,
            5.5,
            7,
            7
          ],
          "texture": "#0"
        },
        "south": {
          "uv": [
            2,
            4.5,
            0,
            6
          ],
          "texture": "#0"
        },
        "west": {
          "uv": [
            7.25,
            1.75,
            7.25,
            3.25
          ],
          "texture": "#0"
        },
        "up": {
          "uv": [
            9.25,
            3.5,
            7.25,
            3.5
          ],
          "texture": "#0"
        },
        "down": {
          "uv": [
            9.25,
            5.5,
            7.25,
            5.5
          ],
          "texture": "#0"
        }
      }
    },
    {
      "from": [
        5,
        6,
        5
      ],
      "to": [
        11,
        13,
        11
      ],
      "rotation": {
        "angle": 0,
        "axis": "y",
        "origin": [
          10,
          6,
          11
        ]
      },
      "faces": {
        "north": {
          "uv": [
            5.5,
            1.75,
            7,
            3.5
          ],
          "texture": "#0"
        },
        "east": {
          "uv": [
            5.5,
            1.75,
            7,
            3.5
          ],
          "texture": "#0"
        },
        "south": {
          "uv": [
            5.5,
            1.75,
            7,
            3.5
          ],
          "texture": "#0"
        },
        "west": {
          "uv": [
            5.5,
            1.75,
            7,
            3.5
          ],
          "texture": "#0"
        },
        "up": {
          "uv": [
            6.75,
            7.75,
            5.25,
            6.25
          ],
          "texture": "#0"
        },
        "down": {
          "uv": [
            6.75,
            7.75,
            5.25,
            6.25
          ],
          "texture": "#0"
        }
      }
    }
  ],
  "gui_light": "front",
  "display": {
    "thirdperson_righthand": {
      "translation": [
        0,
        -1,
        0.75
      ],
      "scale": [
        0.6,
        0.6,
        0.6
      ]
    },
    "thirdperson_lefthand": {
      "translation": [
        0,
        -1,
        0.75
      ],
      "scale": [
        0.6,
        0.6,
        0.6
      ]
    },
    "firstperson_righthand": {
      "translation": [
        1.25,
        1,
        0.75
      ],
      "scale": [
        0.6,
        0.6,
        0.6
      ]
    },
    "firstperson_lefthand": {
      "translation": [
        1.25,
        1,
        0.75
      ],
      "scale": [
        0.6,
        0.6,
        0.6
      ]
    },
    "ground": {
      "scale": [
        0.6,
        0.6,
        0.6
      ]
    },
    "gui": {
      "rotation": [
        18,
        45,
        0
      ],
      "translation": [
        0,
        -3.25,
        0
      ],
      "scale": [
        1.1,
        1.1,
        1.1
      ]
    },
    "fixed": {
      "translation": [
        0,
        -3.5,
        0
      ],
      "scale": [
        1.2,
        1.2,
        1.2
      ]
    }
  }
}