{
  "credit": "Made by samus2002",
  "texture_size": [
    64,
    64
  ],
  "textures": {
    "0": "rpg_essentials_2_texture/mushroom_glowing",
    "particle": "rpg_essentials_2_texture/mushroom_glowing"
  },
  "elements": [
    {
      "from": [
        5.5,
        6,
        5.5
      ],
      "to": [
        10.5,
        12,
        10.5
      ],
      "rotation": {
        "angle": 0,
        "axis": "y",
        "origin": [
          7.5,
          10.5,
          10.5
        ]
      },
      "faces": {
        "north": {
          "uv": [
            3.5,
            5,
            4.75,
            6.5
          ],
          "texture": "#0"
        },
        "east": {
          "uv": [
            5,
            5,
            6.25,
            6.5
          ],
          "texture": "#0"
        },
        "south": {
          "uv": [
            3.5,
            5,
            4.75,
            6.5
          ],
          "texture": "#0"
        },
        "west": {
          "uv": [
            3.5,
            6.75,
            4.75,
            8.25
          ],
          "texture": "#0"
        },
        "up": {
          "uv": [
            6.25,
            8,
            5,
            6.75
          ],
          "texture": "#0"
        },
        "down": {
          "uv": [
            7.75,
            6.75,
            6.5,
            8
          ],
          "texture": "#0"
        }
      }
    },
    {
      "from": [
        1.5,
        12,
        1.5
      ],
      "to": [
        14.5,
        16,
        14.5
      ],
      "rotation": {
        "angle": 0,
        "axis": "y",
        "origin": [
          7.5,
          10.5,
          9.5
        ]
      },
      "faces": {
        "north": {
          "uv": [
            3.5,
            0,
            6.75,
            1
          ],
          "texture": "#0"
        },
        "east": {
          "uv": [
            3.5,
            1.25,
            6.75,
            2.25
          ],
          "texture": "#0"
        },
        "south": {
          "uv": [
            3.5,
            0,
            6.75,
            1
          ],
          "texture": "#0"
        },
        "west": {
          "uv": [
            3.5,
            1.25,
            6.75,
            2.25
          ],
          "texture": "#0"
        },
        "up": {
          "uv": [
            3.25,
            3.25,
            0,
            0
          ],
          "texture": "#0"
        },
        "down": {
          "uv": [
            3.25,
            3.5,
            0,
            6.75
          ],
          "texture": "#0"
        }
      }
    }
  ],
  "gui_light": "front",
  "display": {
    "thirdperson_righthand": {
      "translation": [
        0,
        -1.5,
        2.25
      ],
      "scale": [
        0.5,
        0.5,
        0.5
      ]
    },
    "thirdperson_lefthand": {
      "translation": [
        0,
        -1.5,
        2.25
      ],
      "scale": [
        0.5,
        0.5,
        0.5
      ]
    },
    "firstperson_righthand": {
      "rotation": [
        0,
        8,
        0
      ],
      "translation": [
        0.5,
        0.75,
        1.25
      ],
      "scale": [
        0.5,
        0.5,
        0.5
      ]
    },
    "firstperson_lefthand": {
      "rotation": [
        0,
        8,
        0
      ],
      "translation": [
        0.5,
        0.75,
        1.25
      ],
      "scale": [
        0.5,
        0.5,
        0.5
      ]
    },
    "ground": {
      "translation": [
        0,
        -1,
        0
      ],
      "scale": [
        0.5,
        0.5,
        0.5
      ]
    },
    "gui": {
      "rotation": [
        26,
        46,
        0
      ],
      "translation": [
        0,
        -3,
        0
      ],
      "scale": [
        0.7,
        0.7,
        0.7
      ]
    },
    "fixed": {
      "translation": [
        0,
        -3.25,
        0.5
      ],
      "scale": [
        0.8,
        0.9,
        0.9
      ]
    }
  }
}