{
  "credit": "Made by samus2002",
  "texture_size": [
    64,
    64
  ],
  "textures": {
    "2": "rpg_essentials_2_texture/potion_large",
    "particle": "rpg_essentials_2_texture/potion_large"
  },
  "elements": [
    {
      "from": [
        4.5,
        2.5,
        4.5
      ],
      "to": [
        11.5,
        7.5,
        11.5
      ],
      "rotation": {
        "angle": 0,
        "axis": "y",
        "origin": [
          7,
          7,
          7
        ]
      },
      "faces": {
        "north": {
          "uv": [
            1.75,
            6.25,
            0,
            7.5
          ],
          "texture": "#2"
        },
        "east": {
          "uv": [
            0,
            6.25,
            1.75,
            7.5
          ],
          "texture": "#2"
        },
        "south": {
          "uv": [
            1.75,
            6.25,
            0,
            7.5
          ],
          "texture": "#2"
        },
        "west": {
          "uv": [
            0,
            6.25,
            1.75,
            7.5
          ],
          "texture": "#2"
        },
        "up": {
          "uv": [
            4,
            1.75,
            2.25,
            0
          ],
          "texture": "#2"
        },
        "down": {
          "uv": [
            4,
            2,
            2.25,
            3.75
          ],
          "texture": "#2"
        }
      }
    },
    {
      "from": [
        4,
        2,
        4
      ],
      "to": [
        12,
        8,
        12
      ],
      "rotation": {
        "angle": 0,
        "axis": "y",
        "origin": [
          7,
          7,
          7
        ]
      },
      "faces": {
        "north": {
          "uv": [
            2.25,
            4,
            4.25,
            5.5
          ],
          "texture": "#2"
        },
        "east": {
          "uv": [
            4.25,
            0,
            6.25,
            1.5
          ],
          "texture": "#2"
        },
        "south": {
          "uv": [
            4.25,
            1.75,
            6.25,
            3.25
          ],
          "texture": "#2"
        },
        "west": {
          "uv": [
            0,
            4.5,
            2,
            6
          ],
          "texture": "#2"
        },
        "up": {
          "uv": [
            2,
            2,
            0,
            0
          ],
          "texture": "#2"
        },
        "down": {
          "uv": [
            2,
            2.25,
            0,
            4.25
          ],
          "texture": "#2"
        }
      }
    },
    {
      "from": [
        6,
        8,
        6
      ],
      "to": [
        10,
        12,
        10
      ],
      "rotation": {
        "angle": 0,
        "axis": "y",
        "origin": [
          7,
          7,
          7
        ]
      },
      "faces": {
        "north": {
          "uv": [
            6.5,
            0,
            7.5,
            1
          ],
          "texture": "#2"
        },
        "east": {
          "uv": [
            6.5,
            1.25,
            7.5,
            2.25
          ],
          "texture": "#2"
        },
        "south": {
          "uv": [
            6.5,
            2.5,
            7.5,
            3.5
          ],
          "texture": "#2"
        },
        "west": {
          "uv": [
            6.5,
            3.75,
            7.5,
            4.75
          ],
          "texture": "#2"
        },
        "up": {
          "uv": [
            5.25,
            7.5,
            4.25,
            6.5
          ],
          "texture": "#2"
        },
        "down": {
          "uv": [
            7.5,
            5,
            6.5,
            6
          ],
          "texture": "#2"
        }
      }
    },
    {
      "from": [
        6,
        12,
        6
      ],
      "to": [
        10,
        14,
        10
      ],
      "rotation": {
        "angle": 0,
        "axis": "y",
        "origin": [
          7,
          7,
          7
        ]
      },
      "faces": {
        "north": {
          "uv": [
            7.75,
            1,
            8.75,
            1.5
          ],
          "texture": "#2"
        },
        "east": {
          "uv": [
            7.75,
            1.75,
            8.75,
            2.25
          ],
          "texture": "#2"
        },
        "south": {
          "uv": [
            7.75,
            2.5,
            8.75,
            3
          ],
          "texture": "#2"
        },
        "west": {
          "uv": [
            7.75,
            3.25,
            8.75,
            3.75
          ],
          "texture": "#2"
        },
        "up": {
          "uv": [
            6.5,
            7.5,
            5.5,
            6.5
          ],
          "texture": "#2"
        },
        "down": {
          "uv": [
            7.75,
            6.25,
            6.75,
            7.25
          ],
          "texture": "#2"
        }
      }
    },
    {
      "from": [
        6.5,
        7,
        6.5
      ],
      "to": [
        9.5,
        11,
        9.5
      ],
      "rotation": {
        "angle": 0,
        "axis": "y",
        "origin": [
          7,
          7,
          7
        ]
      },
      "faces": {
        "north": {
          "uv": [
            2,
            7.25,
            2.75,
            8.25
          ],
          "texture": "#2"
        },
        "east": {
          "uv": [
            3,
            7.25,
            3.75,
            8.25
          ],
          "texture": "#2"
        },
        "south": {
          "uv": [
            6.75,
            7.5,
            7.5,
            8.5
          ],
          "texture": "#2"
        },
        "west": {
          "uv": [
            0,
            7.75,
            0.75,
            8.75
          ],
          "texture": "#2"
        },
        "up": {
          "uv": [
            8.5,
            0.75,
            7.75,
            0
          ],
          "texture": "#2"
        },
        "down": {
          "uv": [
            1.75,
            7.75,
            1,
            8.5
          ],
          "texture": "#2"
        }
      }
    }
  ],
  "gui_light": "front",
  "display": {
    "thirdperson_righthand": {
      "translation": [
        0,
        -3,
        2
      ],
      "scale": [
        0.6,
        0.6,
        0.6
      ]
    },
    "thirdperson_lefthand": {
      "translation": [
        0,
        -3,
        2
      ],
      "scale": [
        0.6,
        0.6,
        0.6
      ]
    },
    "firstperson_righthand": {
      "translation": [
        -0.25,
        3.25,
        1
      ],
      "scale": [
        0.7,
        0.7,
        0.7
      ]
    },
    "firstperson_lefthand": {
      "translation": [
        -0.25,
        3.25,
        1
      ],
      "scale": [
        0.7,
        0.7,
        0.7
      ]
    },
    "ground": {
      "translation": [
        0,
        1.5,
        0
      ],
      "scale": [
        0.6,
        0.6,
        0.6
      ]
    },
    "gui": {
      "rotation": [
        18,
        46,
        0
      ],
      "translation": [
        0.25,
        0.25,
        2
      ]
    },
    "fixed": {
      "translation": [
        0.25,
        0,
        1.25
      ],
      "scale": [
        1.3,
        1.3,
        1.3
      ]
    }
  }
}