{
  "credit": "Made by samus2002",
  "texture_size": [
    32,
    32
  ],
  "textures": {
    "1": "rpg_essentials_2_texture/potion_small"
  },
  "elements": [
    {
      "from": [
        5.5,
        2.5,
        5.5
      ],
      "to": [
        10.5,
        8.5,
        10.5
      ],
      "rotation": {
        "angle": 0,
        "axis": "y",
        "origin": [
          7,
          7,
          7
        ]
      },
      "faces": {
        "north": {
          "uv": [
            7,
            7,
            9.5,
            10
          ],
          "texture": "#1"
        },
        "east": {
          "uv": [
            0,
            8,
            2.5,
            11
          ],
          "texture": "#1"
        },
        "south": {
          "uv": [
            7,
            7,
            9.5,
            10
          ],
          "texture": "#1"
        },
        "west": {
          "uv": [
            0,
            8,
            2.5,
            11
          ],
          "texture": "#1"
        },
        "up": {
          "uv": [
            13,
            2.5,
            10.5,
            0
          ],
          "texture": "#1"
        },
        "down": {
          "uv": [
            13,
            3,
            10.5,
            5.5
          ],
          "texture": "#1"
        }
      }
    },
    {
      "from": [
        5,
        2,
        5
      ],
      "to": [
        11,
        9,
        11
      ],
      "rotation": {
        "angle": 0,
        "axis": "y",
        "origin": [
          7,
          7,
          7
        ]
      },
      "faces": {
        "north": {
          "uv": [
            0,
            0,
            3,
            3.5
          ],
          "texture": "#1"
        },
        "east": {
          "uv": [
            3.5,
            0,
            6.5,
            3.5
          ],
          "texture": "#1"
        },
        "south": {
          "uv": [
            0,
            4,
            3,
            7.5
          ],
          "texture": "#1"
        },
        "west": {
          "uv": [
            3.5,
            4,
            6.5,
            7.5
          ],
          "texture": "#1"
        },
        "up": {
          "uv": [
            10,
            3,
            7,
            0
          ],
          "texture": "#1"
        },
        "down": {
          "uv": [
            10,
            3.5,
            7,
            6.5
          ],
          "texture": "#1"
        }
      }
    },
    {
      "from": [
        6,
        8,
        6
      ],
      "to": [
        10,
        11,
        10
      ],
      "rotation": {
        "angle": 0,
        "axis": "y",
        "origin": [
          7,
          7,
          7
        ]
      },
      "faces": {
        "north": {
          "uv": [
            2.5,
            11.5,
            4.5,
            13
          ],
          "texture": "#1"
        },
        "east": {
          "uv": [
            5,
            13,
            7,
            14.5
          ],
          "texture": "#1"
        },
        "south": {
          "uv": [
            13,
            6,
            15,
            7.5
          ],
          "texture": "#1"
        },
        "west": {
          "uv": [
            7.5,
            13,
            9.5,
            14.5
          ],
          "texture": "#1"
        },
        "up": {
          "uv": [
            8,
            12.5,
            6,
            10.5
          ],
          "texture": "#1"
        },
        "down": {
          "uv": [
            10.5,
            10.5,
            8.5,
            12.5
          ],
          "texture": "#1"
        }
      }
    },
    {
      "from": [
        6,
        11,
        6
      ],
      "to": [
        10,
        13,
        10
      ],
      "rotation": {
        "angle": 0,
        "axis": "y",
        "origin": [
          7,
          7,
          7
        ]
      },
      "faces": {
        "north": {
          "uv": [
            13.5,
            4,
            15.5,
            5
          ],
          "texture": "#1"
        },
        "east": {
          "uv": [
            13.5,
            10,
            15.5,
            11
          ],
          "texture": "#1"
        },
        "south": {
          "uv": [
            13.5,
            11.5,
            15.5,
            12.5
          ],
          "texture": "#1"
        },
        "west": {
          "uv": [
            0,
            14,
            2,
            15
          ],
          "texture": "#1"
        },
        "up": {
          "uv": [
            13,
            12.5,
            11,
            10.5
          ],
          "texture": "#1"
        },
        "down": {
          "uv": [
            2,
            11.5,
            0,
            13.5
          ],
          "texture": "#1"
        }
      }
    },
    {
      "from": [
        6.5,
        8,
        6.5
      ],
      "to": [
        9.5,
        11,
        9.5
      ],
      "rotation": {
        "angle": 0,
        "axis": "y",
        "origin": [
          7,
          7,
          7
        ]
      },
      "faces": {
        "north": {
          "uv": [
            13,
            8,
            14.5,
            9.5
          ],
          "texture": "#1"
        },
        "east": {
          "uv": [
            14.5,
            8,
            13,
            9.5
          ],
          "texture": "#1"
        },
        "south": {
          "uv": [
            13,
            8,
            14.5,
            9.5
          ],
          "texture": "#1"
        },
        "west": {
          "uv": [
            14.5,
            8,
            13,
            9.5
          ],
          "texture": "#1"
        },
        "up": {
          "uv": [
            15,
            3.5,
            13.5,
            2
          ],
          "texture": "#1"
        },
        "down": {
          "uv": [
            4,
            13.5,
            2.5,
            15
          ],
          "texture": "#1"
        }
      }
    }
  ],
  "gui_light": "front",
  "display": {
    "thirdperson_righthand": {
      "translation": [
        0,
        -2,
        2.25
      ],
      "scale": [
        0.6,
        0.6,
        0.6
      ]
    },
    "thirdperson_lefthand": {
      "translation": [
        0,
        -2,
        2.25
      ],
      "scale": [
        0.6,
        0.6,
        0.6
      ]
    },
    "firstperson_righthand": {
      "translation": [
        -0.25,
        3.25,
        1.5
      ],
      "scale": [
        0.7,
        0.7,
        0.7
      ]
    },
    "firstperson_lefthand": {
      "translation": [
        -0.25,
        3.25,
        1.5
      ],
      "scale": [
        0.7,
        0.7,
        0.7
      ]
    },
    "ground": {
      "translation": [
        0,
        1,
        0
      ],
      "scale": [
        0.6,
        0.6,
        0.6
      ]
    },
    "gui": {
      "rotation": [
        18,
        46,
        0
      ],
      "translation": [
        0.25,
        0,
        2
      ]
    },
    "fixed": {
      "translation": [
        0.25,
        0,
        1.25
      ],
      "scale": [
        1.3,
        1.3,
        1.3
      ]
    }
  }
}