{
  "credit": "Made by samus2002",
  "texture_size": [
    32,
    32
  ],
  "textures": {
    "0": "rpg_essentials_2_texture/potion_minor",
    "particle": "rpg_essentials_2_texture/potion_minor"
  },
  "elements": [
    {
      "from": [
        6.5,
        11,
        6.5
      ],
      "to": [
        9.5,
        13,
        9.5
      ],
      "rotation": {
        "angle": 0,
        "axis": "y",
        "origin": [
          8,
          6.5,
          8
        ]
      },
      "faces": {
        "north": {
          "uv": [
            8.5,
            4,
            10,
            5
          ],
          "texture": "#0"
        },
        "east": {
          "uv": [
            8.5,
            5.5,
            10,
            6.5
          ],
          "texture": "#0"
        },
        "south": {
          "uv": [
            6.5,
            8.5,
            8,
            9.5
          ],
          "texture": "#0"
        },
        "west": {
          "uv": [
            8.5,
            7,
            10,
            8
          ],
          "texture": "#0"
        },
        "up": {
          "uv": [
            9,
            1.5,
            7.5,
            0
          ],
          "texture": "#0"
        },
        "down": {
          "uv": [
            9,
            2,
            7.5,
            3.5
          ],
          "texture": "#0"
        }
      }
    },
    {
      "from": [
        6.5,
        2,
        6.5
      ],
      "to": [
        9.5,
        11,
        9.5
      ],
      "rotation": {
        "angle": 0,
        "axis": "y",
        "origin": [
          8,
          6.5,
          8
        ]
      },
      "faces": {
        "north": {
          "uv": [
            0,
            0,
            1.5,
            4.5
          ],
          "texture": "#0"
        },
        "east": {
          "uv": [
            2,
            0,
            3.5,
            4.5
          ],
          "texture": "#0"
        },
        "south": {
          "uv": [
            4,
            0,
            5.5,
            4.5
          ],
          "texture": "#0"
        },
        "west": {
          "uv": [
            0,
            5,
            1.5,
            9.5
          ],
          "texture": "#0"
        },
        "up": {
          "uv": [
            8,
            6,
            6.5,
            4.5
          ],
          "texture": "#0"
        },
        "down": {
          "uv": [
            8,
            6.5,
            6.5,
            8
          ],
          "texture": "#0"
        }
      }
    },
    {
      "from": [
        7,
        2.5,
        7
      ],
      "to": [
        9,
        10.5,
        9
      ],
      "rotation": {
        "angle": 0,
        "axis": "y",
        "origin": [
          7.5,
          6.5,
          7.5
        ]
      },
      "faces": {
        "north": {
          "uv": [
            2,
            5,
            3,
            9
          ],
          "texture": "#0"
        },
        "east": {
          "uv": [
            3.5,
            5,
            4.5,
            9
          ],
          "texture": "#0"
        },
        "south": {
          "uv": [
            5,
            5,
            6,
            9
          ],
          "texture": "#0"
        },
        "west": {
          "uv": [
            6,
            0,
            7,
            4
          ],
          "texture": "#0"
        },
        "up": {
          "uv": [
            9.5,
            9.5,
            8.5,
            8.5
          ],
          "texture": "#0"
        },
        "down": {
          "uv": [
            10.5,
            0,
            9.5,
            1
          ],
          "texture": "#0"
        }
      }
    }
  ],
  "gui_light": "front",
  "display": {
    "thirdperson_righthand": {
      "translation": [
        0,
        -2,
        1.5
      ],
      "scale": [
        0.6,
        0.6,
        0.6
      ]
    },
    "thirdperson_lefthand": {
      "translation": [
        0,
        -2,
        1.5
      ],
      "scale": [
        0.6,
        0.6,
        0.6
      ]
    },
    "firstperson_righthand": {
      "translation": [
        0.25,
        3.25,
        2
      ],
      "scale": [
        0.7,
        0.7,
        0.7
      ]
    },
    "firstperson_lefthand": {
      "translation": [
        0.25,
        3.25,
        2
      ],
      "scale": [
        0.7,
        0.7,
        0.7
      ]
    },
    "ground": {
      "translation": [
        0,
        1.25,
        0
      ],
      "scale": [
        0.6,
        0.6,
        0.6
      ]
    },
    "gui": {
      "rotation": [
        18,
        46,
        0
      ],
      "translation": [
        0.25,
        0.5,
        2
      ]
    },
    "fixed": {
      "translation": [
        0.25,
        0.5,
        1.25
      ],
      "scale": [
        1.3,
        1.3,
        1.3
      ]
    }
  }
}