{
  "credit": "Made by samus2002",
  "texture_size": [
    64,
    64
  ],
  "textures": {
    "1": "rpg_essentials_2_texture/wild_berry"
  },
  "elements": [
    {
      "from": [
        6,
        5.5,
        6
      ],
      "to": [
        10,
        9.5,
        10
      ],
      "rotation": {
        "angle": 0,
        "axis": "y",
        "origin": [
          11.25,
          7.25,
          6
        ]
      },
      "faces": {
        "north": {
          "uv": [
            2.5,
            5,
            3.5,
            6
          ],
          "texture": "#1"
        },
        "east": {
          "uv": [
            3.75,
            5,
            4.75,
            6
          ],
          "texture": "#1"
        },
        "south": {
          "uv": [
            5,
            3.75,
            6,
            4.75
          ],
          "texture": "#1"
        },
        "west": {
          "uv": [
            5,
            5,
            6,
            6
          ],
          "texture": "#1"
        },
        "up": {
          "uv": [
            6.5,
            1,
            5.5,
            0
          ],
          "texture": "#1"
        },
        "down": {
          "uv": [
            6.5,
            1.25,
            5.5,
            2.25
          ],
          "texture": "#1"
        }
      }
    },
    {
      "from": [
        4,
        1.5,
        8
      ],
      "to": [
        14,
        15.5,
        8
      ],
      "rotation": {
        "angle": 0,
        "axis": "y",
        "origin": [
          9,
          8.5,
          8
        ]
      },
      "faces": {
        "north": {
          "uv": [
            0,
            0,
            2.5,
            3.5
          ],
          "texture": "#1"
        },
        "east": {
          "uv": [
            5,
            6.25,
            5,
            9.75
          ],
          "texture": "#1"
        },
        "south": {
          "uv": [
            2.5,
            0,
            0,
            3.5
          ],
          "texture": "#1"
        },
        "west": {
          "uv": [
            6.25,
            5,
            6.25,
            8.5
          ],
          "texture": "#1"
        },
        "up": {
          "uv": [
            9,
            5,
            6.5,
            5
          ],
          "texture": "#1"
        },
        "down": {
          "uv": [
            9,
            5.25,
            6.5,
            5.25
          ],
          "texture": "#1"
        }
      }
    },
    {
      "from": [
        8,
        1.5,
        4
      ],
      "to": [
        8,
        15.5,
        14
      ],
      "rotation": {
        "angle": 0,
        "axis": "y",
        "origin": [
          9,
          8.5,
          8
        ]
      },
      "faces": {
        "north": {
          "uv": [
            6.25,
            5,
            6.25,
            8.5
          ],
          "texture": "#1"
        },
        "east": {
          "uv": [
            0,
            0,
            2.5,
            3.5
          ],
          "texture": "#1"
        },
        "south": {
          "uv": [
            5,
            6.25,
            5,
            9.75
          ],
          "texture": "#1"
        },
        "west": {
          "uv": [
            2.5,
            0,
            0,
            3.5
          ],
          "texture": "#1"
        },
        "up": {
          "uv": [
            9,
            5,
            6.5,
            5
          ],
          "rotation": 90,
          "texture": "#1"
        },
        "down": {
          "uv": [
            9,
            5.25,
            6.5,
            5.25
          ],
          "rotation": 270,
          "texture": "#1"
        }
      }
    }
  ],
  "gui_light": "front",
  "display": {
    "thirdperson_righthand": {
      "rotation": [
        0,
        180,
        0
      ],
      "translation": [
        0,
        0,
        1
      ],
      "scale": [
        0.9,
        0.9,
        0.9
      ]
    },
    "thirdperson_lefthand": {
      "rotation": [
        0,
        180,
        0
      ],
      "translation": [
        0,
        0,
        1
      ],
      "scale": [
        0.9,
        0.9,
        0.9
      ]
    },
    "firstperson_righthand": {
      "rotation": [
        0,
        75,
        0
      ],
      "translation": [
        2,
        2,
        -0.25
      ],
      "scale": [
        0.9,
        0.9,
        0.9
      ]
    },
    "firstperson_lefthand": {
      "rotation": [
        0,
        145,
        0
      ],
      "translation": [
        2,
        2,
        -0.25
      ],
      "scale": [
        0.9,
        0.9,
        0.9
      ]
    },
    "ground": {
      "scale": [
        0.9,
        0.9,
        0.9
      ]
    },
    "gui": {
      "rotation": [
        33,
        128,
        0
      ],
      "translation": [
        0.25,
        -0.25,
        -0.25
      ],
      "scale": [
        1.5,
        1.5,
        1.5
      ]
    },
    "fixed": {
      "translation": [
        0,
        -1.75,
        0
      ],
      "scale": [
        1.7,
        1.7,
        1.7
      ]
    }
  }
}