{"textures":{"0":"modelengine:entity/log"},"elements":[{"from":[6.7342587,8.154863,4.0920935],"to":[10.16283,11.012007,9.806379],"rotation":{"angle":0.0,"axis":"y","origin":[8.734259,9.583435,6.949237]},"faces":{"east":{"uv":[0.0,2.75,2.5,4.0],"rotation":0,"texture":"#0","tintindex":0},"south":{"uv":[5.5,1.5,7.0,2.75],"rotation":0,"texture":"#0","tintindex":0},"north":{"uv":[5.5,0.0,7.0,1.25],"rotation":0,"texture":"#0","tintindex":0},"west":{"uv":[2.75,2.75,5.25,4.0],"rotation":0,"texture":"#0","tintindex":0},"up":{"uv":[1.5,2.5,0.0,0.0],"rotation":0,"texture":"#0","tintindex":0},"down":{"uv":[3.25,0.0,1.75,2.5],"rotation":0,"texture":"#0","tintindex":0}}},{"from":[6.4485445,7.869149,4.6635222],"to":[10.4485445,11.297721,7.520665],"rotation":{"angle":0.0,"axis":"y","origin":[8.734259,9.583435,6.949237]},"faces":{"east":{"uv":[5.0,5.75,6.25,7.25],"rotation":0,"texture":"#0","tintindex":0},"south":{"uv":[0.0,4.25,1.75,5.75],"rotation":0,"texture":"#0","tintindex":0},"north":{"uv":[3.5,0.0,5.25,1.5],"rotation":0,"texture":"#0","tintindex":0},"west":{"uv":[0.0,6.0,1.25,7.5],"rotation":0,"texture":"#0","tintindex":0},"up":{"uv":[3.75,5.5,2.0,4.25],"rotation":0,"texture":"#0","tintindex":0},"down":{"uv":[5.75,4.25,4.0,5.5],"rotation":0,"texture":"#0","tintindex":0}}},{"from":[9.019973,10.440578,5.234951],"to":[11.305687,12.154863,6.949237],"rotation":{"angle":45.0,"axis":"z","origin":[10.734259,10.726293,6.949237]},"faces":{"east":{"uv":[6.75,8.5,7.5,9.25],"rotation":0,"texture":"#0","tintindex":0},"south":{"uv":[8.25,4.5,9.25,5.25],"rotation":0,"texture":"#0","tintindex":0},"north":{"uv":[8.0,7.25,9.0,8.0],"rotation":0,"texture":"#0","tintindex":0},"west":{"uv":[8.75,1.25,9.5,2.0],"rotation":0,"texture":"#0","tintindex":0},"up":{"uv":[9.25,6.25,8.25,5.5],"rotation":0,"texture":"#0","tintindex":0},"down":{"uv":[9.0,8.25,8.0,9.0],"rotation":0,"texture":"#0","tintindex":0}}},{"from":[9.591402,12.154863,6.092094],"to":[11.877116,13.86915,6.092094],"rotation":{"angle":45.0,"axis":"z","origin":[10.734259,10.726293,6.949237]},"faces":{"east":{"uv":[5.25,1.75,5.25,2.5],"rotation":0,"texture":"#0","tintindex":0},"south":{"uv":[6.25,7.5,5.25,8.25],"rotation":0,"texture":"#0","tintindex":0},"north":{"uv":[5.25,7.5,6.25,8.25],"rotation":0,"texture":"#0","tintindex":0},"west":{"uv":[5.5,3.0,5.5,3.75],"rotation":0,"texture":"#0","tintindex":0},"up":{"uv":[10.0,1.0,9.0,1.0],"rotation":0,"texture":"#0","tintindex":0},"down":{"uv":[10.25,3.0,9.25,3.0],"rotation":0,"texture":"#0","tintindex":0}}},{"from":[5.5423803,10.558925,6.949237],"to":[8.399524,11.701782,8.092093],"rotation":{"angle":-45.0,"axis":"z","origin":[6.970952,11.130353,7.520665]},"faces":{"east":{"uv":[4.5,9.0,5.0,9.5],"rotation":0,"texture":"#0","tintindex":0},"south":{"uv":[1.5,8.5,2.75,9.0],"rotation":0,"texture":"#0","tintindex":0},"north":{"uv":[8.25,6.5,9.5,7.0],"rotation":0,"texture":"#0","tintindex":0},"west":{"uv":[1.5,9.25,2.0,9.75],"rotation":0,"texture":"#0","tintindex":0},"up":{"uv":[6.5,9.0,5.25,8.5],"rotation":0,"texture":"#0","tintindex":0},"down":{"uv":[1.25,8.75,0.0,9.25],"rotation":0,"texture":"#0","tintindex":0}}},{"from":[5.5423803,8.844639,7.520665],"to":[8.399524,10.558925,7.520665],"rotation":{"angle":-45.0,"axis":"z","origin":[6.970952,11.130353,7.520665]},"faces":{"east":{"uv":[5.75,3.0,5.75,3.75],"rotation":0,"texture":"#0","tintindex":0},"south":{"uv":[1.25,7.75,0.0,8.5],"rotation":0,"texture":"#0","tintindex":0},"north":{"uv":[0.0,7.75,1.25,8.5],"rotation":0,"texture":"#0","tintindex":0},"west":{"uv":[1.5,6.0,1.5,6.75],"rotation":0,"texture":"#0","tintindex":0},"up":{"uv":[10.5,3.25,9.25,3.25],"rotation":0,"texture":"#0","tintindex":0},"down":{"uv":[6.5,9.25,5.25,9.25],"rotation":0,"texture":"#0","tintindex":0}}},{"from":[7.305687,8.169149,8.663523],"to":[10.16283,10.454864,12.092094],"rotation":{"angle":-22.5,"axis":"y","origin":[8.4485445,9.597721,6.949237]},"faces":{"east":{"uv":[6.5,6.0,8.0,7.0],"rotation":0,"texture":"#0","tintindex":0},"south":{"uv":[6.5,7.25,7.75,8.25],"rotation":0,"texture":"#0","tintindex":0},"north":{"uv":[7.25,1.25,8.5,2.25],"rotation":0,"texture":"#0","tintindex":0},"west":{"uv":[7.25,0.0,8.75,1.0],"rotation":0,"texture":"#0","tintindex":0},"up":{"uv":[3.25,7.25,2.0,5.75],"rotation":0,"texture":"#0","tintindex":0},"down":{"uv":[4.75,5.75,3.5,7.25],"rotation":0,"texture":"#0","tintindex":0}}},{"from":[7.019973,7.883435,9.806379],"to":[10.4485445,10.740578,11.520665],"rotation":{"angle":-22.5,"axis":"y","origin":[8.4485445,9.597721,6.949237]},"faces":{"east":{"uv":[3.25,7.5,4.0,8.75],"rotation":0,"texture":"#0","tintindex":0},"south":{"uv":[6.5,4.5,8.0,5.75],"rotation":0,"texture":"#0","tintindex":0},"north":{"uv":[6.0,3.0,7.5,4.25],"rotation":0,"texture":"#0","tintindex":0},"west":{"uv":[4.25,7.5,5.0,8.75],"rotation":0,"texture":"#0","tintindex":0},"up":{"uv":[5.0,2.5,3.5,1.75],"rotation":0,"texture":"#0","tintindex":0},"down":{"uv":[3.0,7.5,1.5,8.25],"rotation":0,"texture":"#0","tintindex":0}}},{"from":[7.780329,9.401991,10.445433],"to":[8.923186,11.116276,11.58829],"rotation":{"angle":-45.0,"axis":"z","origin":[8.637472,10.259133,10.731147]},"faces":{"east":{"uv":[3.0,9.0,3.5,9.75],"rotation":0,"texture":"#0","tintindex":0},"south":{"uv":[9.0,3.5,9.5,4.25],"rotation":0,"texture":"#0","tintindex":0},"north":{"uv":[9.0,0.0,9.5,0.75],"rotation":0,"texture":"#0","tintindex":0},"west":{"uv":[3.75,9.0,4.25,9.75],"rotation":0,"texture":"#0","tintindex":0},"up":{"uv":[2.75,9.75,2.25,9.25],"rotation":0,"texture":"#0","tintindex":0},"down":{"uv":[9.75,2.25,9.25,2.75],"rotation":0,"texture":"#0","tintindex":0}}}],"display":{"head":{"translation":[0.0,-6.4,0.0],"scale":[4.0,4.0,4.0]}}}