{"textures":{"0":"modelengine:entity/chest_shadow"},"elements":[{"from":[4.285714,8.0,4.8571424],"to":[11.714286,11.428572,11.142858],"rotation":{"angle":0.0,"axis":"y","origin":[6.5714283,12.0,8.857143]},"faces":{"east":{"uv":[7.25,8.75,10.0,10.25],"rotation":0,"texture":"#0","tintindex":0},"south":{"uv":[7.75,5.25,11.0,6.75],"rotation":0,"texture":"#0","tintindex":0},"north":{"uv":[7.5,3.5,10.75,5.0],"rotation":0,"texture":"#0","tintindex":0},"west":{"uv":[0.0,9.0,2.75,10.5],"rotation":0,"texture":"#0","tintindex":0},"up":{"uv":[7.25,2.75,4.0,0.0],"rotation":0,"texture":"#0","tintindex":0},"down":{"uv":[7.25,3.0,4.0,5.75],"rotation":0,"texture":"#0","tintindex":0}}},{"from":[3.6087022,10.118399,3.0],"to":[5.894417,10.118399,4.714286],"rotation":{"angle":22.5,"axis":"z","origin":[5.059173,10.29797,7.857143]},"faces":{"east":{"uv":[12.0,6.25,11.25,6.25],"rotation":0,"texture":"#0","tintindex":0},"south":{"uv":[11.25,4.75,11.25,5.75],"rotation":270,"texture":"#0","tintindex":0},"north":{"uv":[10.0,10.5,10.0,11.5],"rotation":90,"texture":"#0","tintindex":0},"west":{"uv":[12.0,6.0,11.25,6.0],"rotation":180,"texture":"#0","tintindex":0},"up":{"uv":[0.75,10.75,0.0,11.75],"rotation":270,"texture":"#0","tintindex":0},"down":{"uv":[0.0,10.75,0.75,11.75],"rotation":270,"texture":"#0","tintindex":0}}},{"from":[3.0870552,8.869398,4.317354],"to":[3.0870552,10.583684,6.6030684],"rotation":{"angle":-22.5,"axis":"y","origin":[5.059173,10.29797,7.857143]},"faces":{"east":{"uv":[0.75,10.75,0.0,11.75],"rotation":270,"texture":"#0","tintindex":0},"south":{"uv":[11.25,6.0,12.0,6.0],"rotation":90,"texture":"#0","tintindex":0},"north":{"uv":[11.25,6.25,12.0,6.25],"rotation":90,"texture":"#0","tintindex":0},"west":{"uv":[0.0,10.75,0.75,11.75],"rotation":90,"texture":"#0","tintindex":0},"up":{"uv":[10.0,11.5,10.0,10.5],"rotation":0,"texture":"#0","tintindex":0},"down":{"uv":[11.25,5.75,11.25,4.75],"rotation":180,"texture":"#0","tintindex":0}}},{"from":[3.1544394,9.7265415,5.0736837],"to":[4.868726,9.7265415,7.3593984],"rotation":{"angle":0.0,"axis":"y","origin":[5.059173,10.29797,7.857143]},"faces":{"east":{"uv":[10.0,10.5,10.0,11.5],"rotation":270,"texture":"#0","tintindex":0},"south":{"uv":[12.0,6.0,11.25,6.0],"rotation":0,"texture":"#0","tintindex":0},"north":{"uv":[12.0,6.25,11.25,6.25],"rotation":180,"texture":"#0","tintindex":0},"west":{"uv":[11.25,4.75,11.25,5.75],"rotation":90,"texture":"#0","tintindex":0},"up":{"uv":[0.75,11.75,0.0,10.75],"rotation":0,"texture":"#0","tintindex":0},"down":{"uv":[0.0,11.75,0.75,10.75],"rotation":180,"texture":"#0","tintindex":0}}},{"from":[3.9877443,8.869398,6.5142856],"to":[3.9877443,10.583684,8.8],"rotation":{"angle":0.0,"axis":"y","origin":[5.059173,10.29797,7.857143]},"faces":{"east":{"uv":[0.75,10.75,0.0,11.75],"rotation":270,"texture":"#0","tintindex":0},"south":{"uv":[11.25,6.0,12.0,6.0],"rotation":90,"texture":"#0","tintindex":0},"north":{"uv":[11.25,6.25,12.0,6.25],"rotation":90,"texture":"#0","tintindex":0},"west":{"uv":[0.0,10.75,0.75,11.75],"rotation":90,"texture":"#0","tintindex":0},"up":{"uv":[10.0,11.5,10.0,10.5],"rotation":0,"texture":"#0","tintindex":0},"down":{"uv":[11.25,5.75,11.25,4.75],"rotation":180,"texture":"#0","tintindex":0}}},{"from":[3.1544394,9.7265415,7.930827],"to":[4.868726,9.7265415,10.216541],"rotation":{"angle":0.0,"axis":"y","origin":[5.059173,10.29797,7.857143]},"faces":{"east":{"uv":[10.0,10.5,10.0,11.5],"rotation":270,"texture":"#0","tintindex":0},"south":{"uv":[12.0,6.0,11.25,6.0],"rotation":0,"texture":"#0","tintindex":0},"north":{"uv":[12.0,6.25,11.25,6.25],"rotation":180,"texture":"#0","tintindex":0},"west":{"uv":[11.25,4.75,11.25,5.75],"rotation":90,"texture":"#0","tintindex":0},"up":{"uv":[0.75,11.75,0.0,10.75],"rotation":0,"texture":"#0","tintindex":0},"down":{"uv":[0.0,11.75,0.75,10.75],"rotation":180,"texture":"#0","tintindex":0}}},{"from":[3.9877443,8.869398,9.3714285],"to":[3.9877443,10.583684,11.657143],"rotation":{"angle":0.0,"axis":"y","origin":[5.059173,10.29797,7.857143]},"faces":{"east":{"uv":[0.75,10.75,0.0,11.75],"rotation":270,"texture":"#0","tintindex":0},"south":{"uv":[11.25,6.0,12.0,6.0],"rotation":90,"texture":"#0","tintindex":0},"north":{"uv":[11.25,6.25,12.0,6.25],"rotation":90,"texture":"#0","tintindex":0},"west":{"uv":[0.0,10.75,0.75,11.75],"rotation":90,"texture":"#0","tintindex":0},"up":{"uv":[10.0,11.5,10.0,10.5],"rotation":0,"texture":"#0","tintindex":0},"down":{"uv":[11.25,5.75,11.25,4.75],"rotation":180,"texture":"#0","tintindex":0}}},{"from":[4.67393,9.491334,11.571428],"to":[6.959645,11.20562,11.571428],"rotation":{"angle":45.0,"axis":"z","origin":[5.059173,10.29797,7.5714283]},"faces":{"east":{"uv":[11.25,6.25,12.0,6.25],"rotation":270,"texture":"#0","tintindex":0},"south":{"uv":[0.0,10.75,0.75,11.75],"rotation":270,"texture":"#0","tintindex":0},"north":{"uv":[0.75,10.75,0.0,11.75],"rotation":90,"texture":"#0","tintindex":0},"west":{"uv":[11.25,6.0,12.0,6.0],"rotation":270,"texture":"#0","tintindex":0},"up":{"uv":[11.25,4.75,11.25,5.75],"rotation":270,"texture":"#0","tintindex":0},"down":{"uv":[10.0,10.5,10.0,11.5],"rotation":270,"texture":"#0","tintindex":0}}},{"from":[3.1683602,10.348845,10.857143],"to":[5.454075,10.348845,12.571428],"rotation":{"angle":22.5,"axis":"z","origin":[5.059173,10.29797,7.857143]},"faces":{"east":{"uv":[11.25,6.25,12.0,6.25],"rotation":0,"texture":"#0","tintindex":0},"south":{"uv":[10.0,10.5,10.0,11.5],"rotation":270,"texture":"#0","tintindex":0},"north":{"uv":[11.25,4.75,11.25,5.75],"rotation":90,"texture":"#0","tintindex":0},"west":{"uv":[11.25,6.0,12.0,6.0],"rotation":180,"texture":"#0","tintindex":0},"up":{"uv":[0.0,10.75,0.75,11.75],"rotation":270,"texture":"#0","tintindex":0},"down":{"uv":[0.75,10.75,0.0,11.75],"rotation":270,"texture":"#0","tintindex":0}}},{"from":[10.105583,10.118399,3.0],"to":[12.391298,10.118399,4.714286],"rotation":{"angle":-22.5,"axis":"z","origin":[10.940826,10.29797,7.857143]},"faces":{"east":{"uv":[11.25,6.0,12.0,6.0],"rotation":180,"texture":"#0","tintindex":0},"south":{"uv":[11.25,5.75,11.25,4.75],"rotation":270,"texture":"#0","tintindex":0},"north":{"uv":[10.0,11.5,10.0,10.5],"rotation":90,"texture":"#0","tintindex":0},"west":{"uv":[11.25,6.25,12.0,6.25],"rotation":0,"texture":"#0","tintindex":0},"up":{"uv":[0.75,11.75,0.0,10.75],"rotation":270,"texture":"#0","tintindex":0},"down":{"uv":[0.0,11.75,0.75,10.75],"rotation":270,"texture":"#0","tintindex":0}}},{"from":[12.912945,8.869398,4.317354],"to":[12.912945,10.583684,6.6030684],"rotation":{"angle":22.5,"axis":"y","origin":[10.940826,10.29797,7.857143]},"faces":{"east":{"uv":[0.0,11.75,0.75,10.75],"rotation":90,"texture":"#0","tintindex":0},"south":{"uv":[11.25,6.0,12.0,6.0],"rotation":90,"texture":"#0","tintindex":0},"north":{"uv":[11.25,6.25,12.0,6.25],"rotation":90,"texture":"#0","tintindex":0},"west":{"uv":[0.75,11.75,0.0,10.75],"rotation":270,"texture":"#0","tintindex":0},"up":{"uv":[10.0,11.5,10.0,10.5],"rotation":0,"texture":"#0","tintindex":0},"down":{"uv":[11.25,5.75,11.25,4.75],"rotation":180,"texture":"#0","tintindex":0}}},{"from":[11.131274,9.7265415,5.0736837],"to":[12.84556,9.7265415,7.3593984],"rotation":{"angle":0.0,"axis":"y","origin":[10.940826,10.29797,7.857143]},"faces":{"east":{"uv":[11.25,5.75,11.25,4.75],"rotation":90,"texture":"#0","tintindex":0},"south":{"uv":[11.25,6.0,12.0,6.0],"rotation":0,"texture":"#0","tintindex":0},"north":{"uv":[11.25,6.25,12.0,6.25],"rotation":180,"texture":"#0","tintindex":0},"west":{"uv":[10.0,11.5,10.0,10.5],"rotation":270,"texture":"#0","tintindex":0},"up":{"uv":[0.0,11.75,0.75,10.75],"rotation":0,"texture":"#0","tintindex":0},"down":{"uv":[0.75,11.75,0.0,10.75],"rotation":180,"texture":"#0","tintindex":0}}},{"from":[12.012256,8.869398,6.5142856],"to":[12.012256,10.583684,8.8],"rotation":{"angle":0.0,"axis":"y","origin":[10.940826,10.29797,7.857143]},"faces":{"east":{"uv":[0.0,11.75,0.75,10.75],"rotation":90,"texture":"#0","tintindex":0},"south":{"uv":[11.25,6.0,12.0,6.0],"rotation":90,"texture":"#0","tintindex":0},"north":{"uv":[11.25,6.25,12.0,6.25],"rotation":90,"texture":"#0","tintindex":0},"west":{"uv":[0.75,11.75,0.0,10.75],"rotation":270,"texture":"#0","tintindex":0},"up":{"uv":[10.0,11.5,10.0,10.5],"rotation":0,"texture":"#0","tintindex":0},"down":{"uv":[11.25,5.75,11.25,4.75],"rotation":180,"texture":"#0","tintindex":0}}},{"from":[11.131274,9.7265415,7.930827],"to":[12.84556,9.7265415,10.216541],"rotation":{"angle":0.0,"axis":"y","origin":[10.940826,10.29797,7.857143]},"faces":{"east":{"uv":[11.25,5.75,11.25,4.75],"rotation":90,"texture":"#0","tintindex":0},"south":{"uv":[11.25,6.0,12.0,6.0],"rotation":0,"texture":"#0","tintindex":0},"north":{"uv":[11.25,6.25,12.0,6.25],"rotation":180,"texture":"#0","tintindex":0},"west":{"uv":[10.0,11.5,10.0,10.5],"rotation":270,"texture":"#0","tintindex":0},"up":{"uv":[0.0,11.75,0.75,10.75],"rotation":0,"texture":"#0","tintindex":0},"down":{"uv":[0.75,11.75,0.0,10.75],"rotation":180,"texture":"#0","tintindex":0}}},{"from":[12.012256,8.869398,9.3714285],"to":[12.012256,10.583684,11.657143],"rotation":{"angle":0.0,"axis":"y","origin":[10.940826,10.29797,7.857143]},"faces":{"east":{"uv":[0.0,11.75,0.75,10.75],"rotation":90,"texture":"#0","tintindex":0},"south":{"uv":[11.25,6.0,12.0,6.0],"rotation":90,"texture":"#0","tintindex":0},"north":{"uv":[11.25,6.25,12.0,6.25],"rotation":90,"texture":"#0","tintindex":0},"west":{"uv":[0.75,11.75,0.0,10.75],"rotation":270,"texture":"#0","tintindex":0},"up":{"uv":[10.0,11.5,10.0,10.5],"rotation":0,"texture":"#0","tintindex":0},"down":{"uv":[11.25,5.75,11.25,4.75],"rotation":180,"texture":"#0","tintindex":0}}},{"from":[9.29797,10.012256,11.571428],"to":[11.583684,11.7265415,11.571428],"rotation":{"angle":-45.0,"axis":"z","origin":[10.440826,10.869398,11.571428]},"faces":{"east":{"uv":[11.25,6.0,12.0,6.0],"rotation":270,"texture":"#0","tintindex":0},"south":{"uv":[0.0,11.75,0.75,10.75],"rotation":270,"texture":"#0","tintindex":0},"north":{"uv":[0.75,11.75,0.0,10.75],"rotation":90,"texture":"#0","tintindex":0},"west":{"uv":[11.25,6.25,12.0,6.25],"rotation":270,"texture":"#0","tintindex":0},"up":{"uv":[11.25,5.75,11.25,4.75],"rotation":270,"texture":"#0","tintindex":0},"down":{"uv":[10.0,11.5,10.0,10.5],"rotation":270,"texture":"#0","tintindex":0}}},{"from":[10.545925,10.348845,10.857143],"to":[12.83164,10.348845,12.571428],"rotation":{"angle":-22.5,"axis":"z","origin":[10.940826,10.29797,7.857143]},"faces":{"east":{"uv":[12.0,6.0,11.25,6.0],"rotation":180,"texture":"#0","tintindex":0},"south":{"uv":[10.0,11.5,10.0,10.5],"rotation":270,"texture":"#0","tintindex":0},"north":{"uv":[11.25,5.75,11.25,4.75],"rotation":90,"texture":"#0","tintindex":0},"west":{"uv":[12.0,6.25,11.25,6.25],"rotation":0,"texture":"#0","tintindex":0},"up":{"uv":[0.0,11.75,0.75,10.75],"rotation":270,"texture":"#0","tintindex":0},"down":{"uv":[0.75,11.75,0.0,10.75],"rotation":270,"texture":"#0","tintindex":0}}},{"from":[4.875961,8.885242,3.8571424],"to":[7.1616755,10.599528,3.8571424],"rotation":{"angle":45.0,"axis":"z","origin":[5.059173,10.29797,7.857143]},"faces":{"east":{"uv":[11.25,6.25,12.0,6.25],"rotation":270,"texture":"#0","tintindex":0},"south":{"uv":[0.0,10.75,0.75,11.75],"rotation":270,"texture":"#0","tintindex":0},"north":{"uv":[0.75,10.75,0.0,11.75],"rotation":90,"texture":"#0","tintindex":0},"west":{"uv":[11.25,6.0,12.0,6.0],"rotation":270,"texture":"#0","tintindex":0},"up":{"uv":[11.25,4.75,11.25,5.75],"rotation":270,"texture":"#0","tintindex":0},"down":{"uv":[10.0,10.5,10.0,11.5],"rotation":270,"texture":"#0","tintindex":0}}},{"from":[8.838325,8.885242,3.8571424],"to":[11.124039,10.599528,3.8571424],"rotation":{"angle":-45.0,"axis":"z","origin":[10.940826,10.29797,7.857143]},"faces":{"east":{"uv":[11.25,6.0,12.0,6.0],"rotation":270,"texture":"#0","tintindex":0},"south":{"uv":[0.0,11.75,0.75,10.75],"rotation":270,"texture":"#0","tintindex":0},"north":{"uv":[0.75,11.75,0.0,10.75],"rotation":90,"texture":"#0","tintindex":0},"west":{"uv":[11.25,6.25,12.0,6.25],"rotation":270,"texture":"#0","tintindex":0},"up":{"uv":[11.25,5.75,11.25,4.75],"rotation":270,"texture":"#0","tintindex":0},"down":{"uv":[10.0,11.5,10.0,10.5],"rotation":270,"texture":"#0","tintindex":0}}}],"display":{"head":{"translation":[0.0,-6.4,0.0],"scale":[4.0,4.0,4.0]}}}