{"textures":{"0":"modelengine:entity/chest_shadow"},"elements":[{"from":[6.5714283,6.857143,7.142857],"to":[9.428572,9.142858,8.857143],"rotation":{"angle":0.0,"axis":"y","origin":[6.5714283,8.0,12.285715]},"faces":{"east":{"uv":[2.0,10.75,2.75,11.75],"rotation":0,"texture":"#0","tintindex":0},"south":{"uv":[10.25,10.0,11.5,11.0],"rotation":0,"texture":"#0","tintindex":0},"north":{"uv":[10.25,8.75,11.5,9.75],"rotation":0,"texture":"#0","tintindex":0},"west":{"uv":[11.0,3.5,11.75,4.5],"rotation":0,"texture":"#0","tintindex":0},"up":{"uv":[8.25,11.25,7.0,10.5],"rotation":0,"texture":"#0","tintindex":0},"down":{"uv":[9.75,10.5,8.5,11.25],"rotation":0,"texture":"#0","tintindex":0}}}],"display":{"head":{"translation":[0.0,-6.4,0.0],"scale":[4.0,4.0,4.0]}}}