{"textures":{"0":"modelengine:entity/chest_shadow"},"elements":[{"from":[3.7142854,8.0,1.4285712],"to":[12.285715,11.428572,8.857143],"rotation":{"angle":0.0,"axis":"y","origin":[6.5714283,8.571428,6.0]},"faces":{"east":{"uv":[7.75,7.0,11.0,8.5],"rotation":0,"texture":"#0","tintindex":0},"south":{"uv":[7.5,1.75,11.25,3.25],"rotation":0,"texture":"#0","tintindex":0},"north":{"uv":[7.5,0.0,11.25,1.5],"rotation":0,"texture":"#0","tintindex":0},"west":{"uv":[3.75,8.0,7.0,9.5],"rotation":0,"texture":"#0","tintindex":0},"up":{"uv":[3.75,3.25,0.0,0.0],"rotation":0,"texture":"#0","tintindex":0},"down":{"uv":[3.75,3.5,0.0,6.75],"rotation":0,"texture":"#0","tintindex":0}}},{"from":[7.142857,8.014286,1.1428566],"to":[8.857143,12.014286,9.142858],"rotation":{"angle":0.0,"axis":"y","origin":[6.5714283,8.571428,6.0]},"faces":{"east":{"uv":[4.0,6.0,7.5,7.75],"rotation":0,"texture":"#0","tintindex":0},"south":{"uv":[6.0,9.75,6.75,11.5],"rotation":0,"texture":"#0","tintindex":0},"north":{"uv":[5.0,9.75,5.75,11.5],"rotation":0,"texture":"#0","tintindex":0},"west":{"uv":[0.0,7.0,3.5,8.75],"rotation":0,"texture":"#0","tintindex":0},"up":{"uv":[3.75,13.25,3.0,9.75],"rotation":0,"texture":"#0","tintindex":0},"down":{"uv":[4.75,9.75,4.0,13.25],"rotation":0,"texture":"#0","tintindex":0}}},{"from":[5.20203,8.940826,0.9999995],"to":[6.916316,11.2265415,0.9999995],"rotation":{"angle":45.0,"axis":"z","origin":[6.059173,10.083684,0.9999995]},"faces":{"east":{"uv":[11.25,4.75,11.25,5.75],"rotation":0,"texture":"#0","tintindex":0},"south":{"uv":[0.0,10.75,0.75,11.75],"rotation":0,"texture":"#0","tintindex":0},"north":{"uv":[0.75,10.75,0.0,11.75],"rotation":0,"texture":"#0","tintindex":0},"west":{"uv":[10.0,10.5,10.0,11.5],"rotation":0,"texture":"#0","tintindex":0},"up":{"uv":[11.25,6.0,12.0,6.0],"rotation":0,"texture":"#0","tintindex":0},"down":{"uv":[11.25,6.25,12.0,6.25],"rotation":0,"texture":"#0","tintindex":0}}},{"from":[9.083684,8.940826,0.9999995],"to":[10.79797,11.2265415,0.9999995],"rotation":{"angle":-45.0,"axis":"z","origin":[9.940826,10.083684,0.9999995]},"faces":{"east":{"uv":[10.0,10.5,10.0,11.5],"rotation":0,"texture":"#0","tintindex":0},"south":{"uv":[0.75,10.75,0.0,11.75],"rotation":0,"texture":"#0","tintindex":0},"north":{"uv":[0.0,10.75,0.75,11.75],"rotation":0,"texture":"#0","tintindex":0},"west":{"uv":[11.25,4.75,11.25,5.75],"rotation":0,"texture":"#0","tintindex":0},"up":{"uv":[12.0,6.0,11.25,6.0],"rotation":0,"texture":"#0","tintindex":0},"down":{"uv":[12.0,6.25,11.25,6.25],"rotation":0,"texture":"#0","tintindex":0}}},{"from":[10.083684,10.369398,0.1428566],"to":[10.083684,12.655112,1.8571424],"rotation":{"angle":-22.5,"axis":"z","origin":[9.940826,10.369398,0.9999995]},"faces":{"east":{"uv":[0.75,10.75,0.0,11.75],"rotation":0,"texture":"#0","tintindex":0},"south":{"uv":[11.25,4.75,11.25,5.75],"rotation":0,"texture":"#0","tintindex":0},"north":{"uv":[10.0,10.5,10.0,11.5],"rotation":0,"texture":"#0","tintindex":0},"west":{"uv":[0.0,10.75,0.75,11.75],"rotation":0,"texture":"#0","tintindex":0},"up":{"uv":[12.0,6.0,11.25,6.0],"rotation":270,"texture":"#0","tintindex":0},"down":{"uv":[12.0,6.25,11.25,6.25],"rotation":90,"texture":"#0","tintindex":0}}},{"from":[9.940826,11.79797,0.42857122],"to":[11.655112,11.79797,2.7142854],"rotation":{"angle":-22.5,"axis":"x","origin":[9.940826,13.083684,1.1428566]},"faces":{"east":{"uv":[11.25,4.75,11.25,5.75],"rotation":270,"texture":"#0","tintindex":0},"south":{"uv":[12.0,6.0,11.25,6.0],"rotation":180,"texture":"#0","tintindex":0},"north":{"uv":[12.0,6.25,11.25,6.25],"rotation":0,"texture":"#0","tintindex":0},"west":{"uv":[10.0,10.5,10.0,11.5],"rotation":90,"texture":"#0","tintindex":0},"up":{"uv":[0.75,10.75,0.0,11.75],"rotation":180,"texture":"#0","tintindex":0},"down":{"uv":[0.0,10.75,0.75,11.75],"rotation":0,"texture":"#0","tintindex":0}}},{"from":[10.79797,11.34556,2.2165408],"to":[10.79797,13.059847,4.5022554],"rotation":{"angle":0.0,"axis":"y","origin":[10.79797,12.059846,2.030827]},"faces":{"east":{"uv":[0.0,10.75,0.75,11.75],"rotation":270,"texture":"#0","tintindex":0},"south":{"uv":[12.0,6.0,11.25,6.0],"rotation":90,"texture":"#0","tintindex":0},"north":{"uv":[12.0,6.25,11.25,6.25],"rotation":90,"texture":"#0","tintindex":0},"west":{"uv":[0.75,10.75,0.0,11.75],"rotation":90,"texture":"#0","tintindex":0},"up":{"uv":[11.25,4.75,11.25,5.75],"rotation":180,"texture":"#0","tintindex":0},"down":{"uv":[10.0,10.5,10.0,11.5],"rotation":0,"texture":"#0","tintindex":0}}},{"from":[9.940826,12.2265415,3.6571426],"to":[11.655112,12.2265415,5.942857],"rotation":{"angle":0.0,"axis":"y","origin":[9.940826,13.083684,1.1428566]},"faces":{"east":{"uv":[11.25,4.75,11.25,5.75],"rotation":270,"texture":"#0","tintindex":0},"south":{"uv":[12.0,6.0,11.25,6.0],"rotation":180,"texture":"#0","tintindex":0},"north":{"uv":[12.0,6.25,11.25,6.25],"rotation":0,"texture":"#0","tintindex":0},"west":{"uv":[10.0,10.5,10.0,11.5],"rotation":90,"texture":"#0","tintindex":0},"up":{"uv":[0.75,10.75,0.0,11.75],"rotation":180,"texture":"#0","tintindex":0},"down":{"uv":[0.0,10.75,0.75,11.75],"rotation":0,"texture":"#0","tintindex":0}}},{"from":[10.79797,11.34556,5.0736837],"to":[10.79797,13.059847,7.3593984],"rotation":{"angle":0.0,"axis":"y","origin":[10.79797,12.059846,2.030827]},"faces":{"east":{"uv":[0.0,10.75,0.75,11.75],"rotation":270,"texture":"#0","tintindex":0},"south":{"uv":[12.0,6.0,11.25,6.0],"rotation":90,"texture":"#0","tintindex":0},"north":{"uv":[12.0,6.25,11.25,6.25],"rotation":90,"texture":"#0","tintindex":0},"west":{"uv":[0.75,10.75,0.0,11.75],"rotation":90,"texture":"#0","tintindex":0},"up":{"uv":[11.25,4.75,11.25,5.75],"rotation":180,"texture":"#0","tintindex":0},"down":{"uv":[10.0,10.5,10.0,11.5],"rotation":0,"texture":"#0","tintindex":0}}},{"from":[9.940826,12.2265415,6.5142856],"to":[11.655112,12.2265415,8.8],"rotation":{"angle":0.0,"axis":"y","origin":[9.940826,13.083684,1.1428566]},"faces":{"east":{"uv":[11.25,4.75,11.25,5.75],"rotation":270,"texture":"#0","tintindex":0},"south":{"uv":[12.0,6.0,11.25,6.0],"rotation":180,"texture":"#0","tintindex":0},"north":{"uv":[12.0,6.25,11.25,6.25],"rotation":0,"texture":"#0","tintindex":0},"west":{"uv":[10.0,10.5,10.0,11.5],"rotation":90,"texture":"#0","tintindex":0},"up":{"uv":[0.75,10.75,0.0,11.75],"rotation":180,"texture":"#0","tintindex":0},"down":{"uv":[0.0,10.75,0.75,11.75],"rotation":0,"texture":"#0","tintindex":0}}},{"from":[8.79797,9.512256,9.0],"to":[10.512256,11.79797,9.0],"rotation":{"angle":-45.0,"axis":"z","origin":[9.655112,10.655112,9.0]},"faces":{"east":{"uv":[10.0,10.5,10.0,11.5],"rotation":0,"texture":"#0","tintindex":0},"south":{"uv":[0.75,10.75,0.0,11.75],"rotation":0,"texture":"#0","tintindex":0},"north":{"uv":[0.0,10.75,0.75,11.75],"rotation":0,"texture":"#0","tintindex":0},"west":{"uv":[11.25,4.75,11.25,5.75],"rotation":0,"texture":"#0","tintindex":0},"up":{"uv":[12.0,6.0,11.25,6.0],"rotation":0,"texture":"#0","tintindex":0},"down":{"uv":[12.0,6.25,11.25,6.25],"rotation":0,"texture":"#0","tintindex":0}}},{"from":[9.940826,10.940826,8.0],"to":[9.940826,13.2265415,9.714286],"rotation":{"angle":-22.5,"axis":"z","origin":[9.655112,10.655112,9.0]},"faces":{"east":{"uv":[0.0,10.75,0.75,11.75],"rotation":0,"texture":"#0","tintindex":0},"south":{"uv":[10.0,10.5,10.0,11.5],"rotation":0,"texture":"#0","tintindex":0},"north":{"uv":[11.25,4.75,11.25,5.75],"rotation":0,"texture":"#0","tintindex":0},"west":{"uv":[0.75,10.75,0.0,11.75],"rotation":0,"texture":"#0","tintindex":0},"up":{"uv":[11.25,6.0,12.0,6.0],"rotation":270,"texture":"#0","tintindex":0},"down":{"uv":[11.25,6.25,12.0,6.25],"rotation":90,"texture":"#0","tintindex":0}}},{"from":[6.059173,10.940826,8.0],"to":[6.059173,13.2265415,9.714286],"rotation":{"angle":22.5,"axis":"z","origin":[6.3448877,10.655112,9.0]},"faces":{"east":{"uv":[0.0,10.75,0.75,11.75],"rotation":0,"texture":"#0","tintindex":0},"south":{"uv":[10.0,10.5,10.0,11.5],"rotation":0,"texture":"#0","tintindex":0},"north":{"uv":[11.25,4.75,11.25,5.75],"rotation":0,"texture":"#0","tintindex":0},"west":{"uv":[0.75,10.75,0.0,11.75],"rotation":0,"texture":"#0","tintindex":0},"up":{"uv":[11.25,6.0,12.0,6.0],"rotation":270,"texture":"#0","tintindex":0},"down":{"uv":[11.25,6.25,12.0,6.25],"rotation":90,"texture":"#0","tintindex":0}}},{"from":[5.4877443,9.512256,9.0],"to":[7.2020307,11.79797,9.0],"rotation":{"angle":45.0,"axis":"z","origin":[6.3448877,10.655112,9.0]},"faces":{"east":{"uv":[11.25,4.75,11.25,5.75],"rotation":0,"texture":"#0","tintindex":0},"south":{"uv":[0.0,10.75,0.75,11.75],"rotation":0,"texture":"#0","tintindex":0},"north":{"uv":[0.75,10.75,0.0,11.75],"rotation":0,"texture":"#0","tintindex":0},"west":{"uv":[10.0,10.5,10.0,11.5],"rotation":0,"texture":"#0","tintindex":0},"up":{"uv":[11.25,6.0,12.0,6.0],"rotation":0,"texture":"#0","tintindex":0},"down":{"uv":[11.25,6.25,12.0,6.25],"rotation":0,"texture":"#0","tintindex":0}}},{"from":[4.3448877,12.2265415,6.5142856],"to":[6.059173,12.2265415,8.8],"rotation":{"angle":0.0,"axis":"y","origin":[6.059173,13.083684,1.1428566]},"faces":{"east":{"uv":[10.0,11.5,10.0,10.5],"rotation":90,"texture":"#0","tintindex":0},"south":{"uv":[11.25,6.0,12.0,6.0],"rotation":180,"texture":"#0","tintindex":0},"north":{"uv":[11.25,6.25,12.0,6.25],"rotation":0,"texture":"#0","tintindex":0},"west":{"uv":[11.25,5.75,11.25,4.75],"rotation":270,"texture":"#0","tintindex":0},"up":{"uv":[0.0,10.75,0.75,11.75],"rotation":180,"texture":"#0","tintindex":0},"down":{"uv":[0.75,10.75,0.0,11.75],"rotation":0,"texture":"#0","tintindex":0}}},{"from":[5.20203,11.34556,5.0736837],"to":[5.20203,13.059847,7.3593984],"rotation":{"angle":0.0,"axis":"y","origin":[5.20203,12.059846,2.030827]},"faces":{"east":{"uv":[0.75,11.75,0.0,10.75],"rotation":90,"texture":"#0","tintindex":0},"south":{"uv":[12.0,6.0,11.25,6.0],"rotation":90,"texture":"#0","tintindex":0},"north":{"uv":[12.0,6.25,11.25,6.25],"rotation":90,"texture":"#0","tintindex":0},"west":{"uv":[0.0,11.75,0.75,10.75],"rotation":270,"texture":"#0","tintindex":0},"up":{"uv":[11.25,4.75,11.25,5.75],"rotation":180,"texture":"#0","tintindex":0},"down":{"uv":[10.0,10.5,10.0,11.5],"rotation":0,"texture":"#0","tintindex":0}}},{"from":[4.3448877,12.2265415,3.6571426],"to":[6.059173,12.2265415,5.942857],"rotation":{"angle":0.0,"axis":"y","origin":[6.059173,13.083684,1.1428566]},"faces":{"east":{"uv":[10.0,11.5,10.0,10.5],"rotation":90,"texture":"#0","tintindex":0},"south":{"uv":[11.25,6.0,12.0,6.0],"rotation":180,"texture":"#0","tintindex":0},"north":{"uv":[11.25,6.25,12.0,6.25],"rotation":0,"texture":"#0","tintindex":0},"west":{"uv":[11.25,5.75,11.25,4.75],"rotation":270,"texture":"#0","tintindex":0},"up":{"uv":[0.0,10.75,0.75,11.75],"rotation":180,"texture":"#0","tintindex":0},"down":{"uv":[0.75,10.75,0.0,11.75],"rotation":0,"texture":"#0","tintindex":0}}},{"from":[5.20203,11.34556,2.2165408],"to":[5.20203,13.059847,4.5022554],"rotation":{"angle":0.0,"axis":"y","origin":[5.20203,12.059846,2.030827]},"faces":{"east":{"uv":[0.75,11.75,0.0,10.75],"rotation":90,"texture":"#0","tintindex":0},"south":{"uv":[12.0,6.0,11.25,6.0],"rotation":90,"texture":"#0","tintindex":0},"north":{"uv":[12.0,6.25,11.25,6.25],"rotation":90,"texture":"#0","tintindex":0},"west":{"uv":[0.0,11.75,0.75,10.75],"rotation":270,"texture":"#0","tintindex":0},"up":{"uv":[11.25,4.75,11.25,5.75],"rotation":180,"texture":"#0","tintindex":0},"down":{"uv":[10.0,10.5,10.0,11.5],"rotation":0,"texture":"#0","tintindex":0}}},{"from":[4.3448877,11.79797,0.42857122],"to":[6.059173,11.79797,2.7142854],"rotation":{"angle":-22.5,"axis":"x","origin":[6.059173,13.083684,1.1428566]},"faces":{"east":{"uv":[10.0,11.5,10.0,10.5],"rotation":90,"texture":"#0","tintindex":0},"south":{"uv":[11.25,6.0,12.0,6.0],"rotation":180,"texture":"#0","tintindex":0},"north":{"uv":[11.25,6.25,12.0,6.25],"rotation":0,"texture":"#0","tintindex":0},"west":{"uv":[11.25,5.75,11.25,4.75],"rotation":270,"texture":"#0","tintindex":0},"up":{"uv":[0.0,10.75,0.75,11.75],"rotation":180,"texture":"#0","tintindex":0},"down":{"uv":[0.75,10.75,0.0,11.75],"rotation":0,"texture":"#0","tintindex":0}}},{"from":[5.916316,10.369398,0.1428566],"to":[5.916316,12.655112,1.8571424],"rotation":{"angle":22.5,"axis":"z","origin":[6.059173,10.369398,0.9999995]},"faces":{"east":{"uv":[0.75,10.75,0.0,11.75],"rotation":0,"texture":"#0","tintindex":0},"south":{"uv":[11.25,4.75,11.25,5.75],"rotation":0,"texture":"#0","tintindex":0},"north":{"uv":[10.0,10.5,10.0,11.5],"rotation":0,"texture":"#0","tintindex":0},"west":{"uv":[0.0,10.75,0.75,11.75],"rotation":0,"texture":"#0","tintindex":0},"up":{"uv":[12.0,6.0,11.25,6.0],"rotation":270,"texture":"#0","tintindex":0},"down":{"uv":[12.0,6.25,11.25,6.25],"rotation":90,"texture":"#0","tintindex":0}}}],"display":{"head":{"translation":[0.0,-6.4,0.0],"scale":[4.0,4.0,4.0]}}}