{
	"credit": "Made by samus2002",
	"texture_size": [32, 32],
	"textures": {
		"1": "rpg_essentials_1_texture/key_bone"
	},
	"elements": [
		{
			"from": [6, 8.5, 6.5],
			"to": [11, 12.5, 9.5],
			"rotation": {"angle": 0, "axis": "y", "origin": [8.5, 9, 8]},
			"faces": {
				"north": {"uv": [0, 0, 2.5, 2], "texture": "#1"},
				"east": {"uv": [0, 5, 1.5, 7], "texture": "#1"},
				"south": {"uv": [0, 2.5, 2.5, 4.5], "texture": "#1"},
				"west": {"uv": [1.5, 5, 0, 7], "texture": "#1"},
				"up": {"uv": [5.5, 1.5, 3, 0], "texture": "#1"},
				"down": {"uv": [5.5, 2, 3, 3.5], "texture": "#1"}
			}
		},
		{
			"from": [7, 6.5, 6.5],
			"to": [10, 8.5, 9.5],
			"rotation": {"angle": 0, "axis": "y", "origin": [8.5, 9, 8]},
			"faces": {
				"north": {"uv": [7, 6.5, 8.5, 7.5], "texture": "#1"},
				"east": {"uv": [0, 7.5, 1.5, 8.5], "texture": "#1"},
				"south": {"uv": [8, 0, 9.5, 1], "texture": "#1"},
				"west": {"uv": [1.5, 7.5, 0, 8.5], "texture": "#1"},
				"up": {"uv": [7.5, 4, 6, 2.5], "texture": "#1"},
				"down": {"uv": [7.5, 4.5, 6, 6], "texture": "#1"}
			}
		},
		{
			"from": [7.5, -0.5, 7.5],
			"to": [9.5, 6.5, 8.5],
			"rotation": {"angle": 0, "axis": "y", "origin": [7.5, 6.5, 7.75]},
			"faces": {
				"north": {"uv": [3, 4, 4, 7.5], "texture": "#1"},
				"east": {"uv": [2, 5, 2.5, 8.5], "texture": "#1"},
				"south": {"uv": [4.5, 4, 5.5, 7.5], "texture": "#1"},
				"west": {"uv": [6, 6.5, 6.5, 10], "texture": "#1"},
				"up": {"uv": [4, 8.5, 3, 8], "texture": "#1"},
				"down": {"uv": [9, 3, 8, 3.5], "texture": "#1"}
			}
		},
		{
			"from": [5.5, 2.5, 8],
			"to": [7.5, 3.5, 8],
			"rotation": {"angle": 0, "axis": "y", "origin": [7.5, 6.5, 8.25]},
			"faces": {
				"north": {"uv": [8, 4, 9, 4.5], "texture": "#1"},
				"east": {"uv": [8.5, 8, 8.5, 8.5], "texture": "#1"},
				"south": {"uv": [4.5, 8, 5.5, 8.5], "texture": "#1"},
				"west": {"uv": [0, 9, 0, 9.5], "texture": "#1"},
				"up": {"uv": [9, 6, 8, 6], "texture": "#1"},
				"down": {"uv": [1.5, 9, 0.5, 9], "texture": "#1"}
			}
		},
		{
			"from": [5.5, 0.5, 8],
			"to": [7.5, 1.5, 8],
			"rotation": {"angle": 0, "axis": "y", "origin": [7.5, 6.5, 8.25]},
			"faces": {
				"north": {"uv": [8, 5, 9, 5.5], "texture": "#1"},
				"east": {"uv": [2, 9, 2, 9.5], "texture": "#1"},
				"south": {"uv": [7, 8, 8, 8.5], "texture": "#1"},
				"west": {"uv": [2.5, 9, 2.5, 9.5], "texture": "#1"},
				"up": {"uv": [4, 9, 3, 9], "texture": "#1"},
				"down": {"uv": [5.5, 9, 4.5, 9], "texture": "#1"}
			}
		}
	],
	"gui_light": "front",
	"display": {
		"thirdperson_righthand": {
			"rotation": [180, 90, 0],
			"translation": [0, 0, 0.5],
			"scale": [0.9, 0.9, 0.9]
		},
		"thirdperson_lefthand": {
			"rotation": [180, 90, 0],
			"translation": [0, 0, 0.5],
			"scale": [0.9, 0.9, 0.9]
		},
		"firstperson_righthand": {
			"rotation": [180, 90, 0],
			"translation": [2.25, 1, -0.25],
			"scale": [0.9, 0.9, 0.9]
		},
		"firstperson_lefthand": {
			"rotation": [180, 90, 0],
			"translation": [2.25, 1, -0.25],
			"scale": [0.9, 0.9, 0.9]
		},
		"ground": {
			"rotation": [90, 0, 0],
			"translation": [0, -2, 0],
			"scale": [0.9, 0.9, 0.9]
		},
		"gui": {
			"rotation": [0, 180, 0],
			"translation": [0.5, 2, 0]
		},
		"fixed": {
			"translation": [-0.5, 2.5, 0],
			"scale": [1.2, 1.2, 1.2]
		}
	}
}