{
	"credit": "Made by samus2002",
	"texture_size": [32, 32],
	"textures": {
		"1": "rpg_essentials_1_texture/key_ice"
	},
	"elements": [
		{
			"from": [6, 6.5, 7],
			"to": [11, 11.5, 9],
			"rotation": {"angle": 0, "axis": "y", "origin": [8.5, 9, 8.25]},
			"faces": {
				"north": {"uv": [5, 0, 7.5, 2.5], "texture": "#1"},
				"east": {"uv": [8, 0, 9, 2.5], "texture": "#1"},
				"south": {"uv": [5, 3, 7.5, 5.5], "texture": "#1"},
				"west": {"uv": [8, 3, 9, 5.5], "texture": "#1"},
				"up": {"uv": [10.5, 7, 8, 6], "texture": "#1"},
				"down": {"uv": [10.5, 7.5, 8, 8.5], "texture": "#1"}
			}
		},
		{
			"from": [4, 4.5, 8],
			"to": [13, 13.5, 8],
			"rotation": {"angle": 0, "axis": "y", "origin": [8.5, 9, 8.25]},
			"faces": {
				"north": {"uv": [0, 0, 4.5, 4.5], "texture": "#1"},
				"east": {"uv": [0, 10, 0, 14.5], "texture": "#1"},
				"south": {"uv": [4.5, 0, 0, 4.5], "texture": "#1"},
				"west": {"uv": [0.5, 10, 0.5, 14.5], "texture": "#1"},
				"up": {"uv": [5.5, 10, 1, 10], "texture": "#1"},
				"down": {"uv": [14.5, 9, 10, 9], "texture": "#1"}
			}
		},
		{
			"from": [7.5, -0.5, 7.5],
			"to": [9.5, 6.5, 8.5],
			"rotation": {"angle": 0, "axis": "y", "origin": [7.5, 6.5, 7.75]},
			"faces": {
				"north": {"uv": [5, 6, 6, 9.5], "texture": "#1"},
				"east": {"uv": [8, 9, 8.5, 12.5], "texture": "#1"},
				"south": {"uv": [6.5, 6, 7.5, 9.5], "texture": "#1"},
				"west": {"uv": [9, 9, 9.5, 12.5], "texture": "#1"},
				"up": {"uv": [10.5, 0.5, 9.5, 0], "texture": "#1"},
				"down": {"uv": [10.5, 1, 9.5, 1.5], "texture": "#1"}
			}
		},
		{
			"from": [5.5, 2.5, 8],
			"to": [7.5, 3.5, 8],
			"rotation": {"angle": 0, "axis": "y", "origin": [7.5, 6.5, 8.25]},
			"faces": {
				"north": {"uv": [9.5, 2, 10.5, 2.5], "texture": "#1"},
				"east": {"uv": [6, 10, 6, 10.5], "texture": "#1"},
				"south": {"uv": [9.5, 3, 10.5, 3.5], "texture": "#1"},
				"west": {"uv": [6.5, 10, 6.5, 10.5], "texture": "#1"},
				"up": {"uv": [11, 9.5, 10, 9.5], "texture": "#1"},
				"down": {"uv": [11, 10, 10, 10], "texture": "#1"}
			}
		},
		{
			"from": [5.5, 0.5, 8],
			"to": [7.5, 1.5, 8],
			"rotation": {"angle": 0, "axis": "y", "origin": [7.5, 6.5, 8.25]},
			"faces": {
				"north": {"uv": [9.5, 4, 10.5, 4.5], "texture": "#1"},
				"east": {"uv": [7, 10, 7, 10.5], "texture": "#1"},
				"south": {"uv": [9.5, 5, 10.5, 5.5], "texture": "#1"},
				"west": {"uv": [7.5, 10, 7.5, 10.5], "texture": "#1"},
				"up": {"uv": [2, 10.5, 1, 10.5], "texture": "#1"},
				"down": {"uv": [3.5, 10.5, 2.5, 10.5], "texture": "#1"}
			}
		}
	],
	"gui_light": "front",
	"display": {
		"thirdperson_righthand": {
			"rotation": [180, 90, 0],
			"translation": [0, 0, 0.5],
			"scale": [0.9, 0.9, 0.9]
		},
		"thirdperson_lefthand": {
			"rotation": [180, 90, 0],
			"translation": [0, 0, 0.5],
			"scale": [0.9, 0.9, 0.9]
		},
		"firstperson_righthand": {
			"rotation": [180, 90, 0],
			"translation": [2.25, 1, -0.25],
			"scale": [0.9, 0.9, 0.9]
		},
		"firstperson_lefthand": {
			"rotation": [180, 90, 0],
			"translation": [2.25, 1, -0.25],
			"scale": [0.9, 0.9, 0.9]
		},
		"ground": {
			"rotation": [90, 0, 0],
			"translation": [0, -2, 0],
			"scale": [0.9, 0.9, 0.9]
		},
		"gui": {
			"rotation": [0, 180, 0],
			"translation": [0.5, 1.75, 0]
		},
		"fixed": {
			"translation": [-0.5, 2.25, 0],
			"scale": [1.2, 1.2, 1.2]
		}
	}
}